% Model:       generate_fd_electrode_field.py (synthetic, not a real COMSOL export)
% Version:     n/a
% Date:        generated by cliffordclock/examples
% Dimension:   3
% Nodes:       3375
% Expressions: 3
% Description: Finite-difference Laplace solve, two-electrode grounded box
% Length unit: mm
% X    Y    Z    es.Ex (V/m)   es.Ey (V/m)   es.Ez (V/m)
3.6000000000000005 3.6000000000000005 2.6000000000000005 -10.001288039754307 -10.001288039754307 1294.8582893953335
3.6000000000000005 3.6000000000000005 2.8 -18.15059644442174 -18.150596444422295 1283.4403286634094
3.6000000000000005 3.6000000000000005 3.0 -23.11914246191926 -23.119142461918706 1266.996812267993
3.6000000000000005 3.6000000000000005 3.2 -24.327520207313434 -24.327520207313434 1248.4979759773664
3.6000000000000005 3.6000000000000005 3.4000000000000004 -21.884413659889468 -21.88441365988919 1230.8719060541898
3.6000000000000005 3.6000000000000005 3.6000000000000005 -16.39224515404214 -16.392245154041863 1216.549335502505
3.6000000000000005 3.6000000000000005 3.8 -8.74858485252511 -8.748584852525248 1207.2729922824835
3.6000000000000005 3.6000000000000005 4.0 -3.297161908068402e-14 2.8007411723791156e-14 1204.0687315031241
3.6000000000000005 3.6000000000000005 4.2 8.74858485252511 8.748584852525179 1207.2729922824833
3.6000000000000005 3.6000000000000005 4.4 16.392245154042 16.392245154042417 1216.5493355025053
3.6000000000000005 3.6000000000000005 4.6 21.884413659889468 21.88441365988891 1230.8719060541896
3.6000000000000005 3.6000000000000005 4.800000000000001 24.327520207313157 24.327520207313434 1248.497975977366
3.6000000000000005 3.6000000000000005 5.0 23.119142461918706 23.119142461918706 1266.9968122679936
3.6000000000000005 3.6000000000000005 5.200000000000001 18.150596444422295 18.150596444422295 1283.4403286634088
3.6000000000000005 3.6000000000000005 5.4 10.001288039753753 10.001288039754307 1294.858289395333
3.6000000000000005 3.8 2.6000000000000005 -10.001491302970566 -6.610770208361205 1287.6130566497106
3.6000000000000005 3.8 2.8 -18.15436104078083 -12.066688858922147 1278.1377903703183
3.6000000000000005 3.8 3.0 -23.130161016071124 -15.491019705070608 1264.4221803536814
3.6000000000000005 3.8 3.2 -24.34652017875821 -16.43802656701748 1248.8971487735523
3.6000000000000005 3.8 3.4000000000000004 -21.90791327279673 -14.900898277586116 1234.013668723093
3.6000000000000005 3.8 3.6000000000000005 -16.413789008633135 -11.22879654178191 1221.8556930600178
3.6000000000000005 3.8 3.8 -8.761457527751217 -6.015788429532681 1213.9510942735149
3.6000000000000005 3.8 4.0 -5.0215763462227777e-14 8.769834749811211e-15 1211.2151859773355
3.6000000000000005 3.8 4.2 8.761457527750732 6.01578842953282 1213.9510942735149
3.6000000000000005 3.8 4.4 16.41378900863355 11.228796541782188 1221.8556930600175
3.6000000000000005 3.8 4.6 21.907913272797007 14.900898277585283 1234.0136687230931
3.6000000000000005 3.8 4.800000000000001 24.34652017875738 16.43802656701776 1248.8971487735516
3.6000000000000005 3.8 5.0 23.130161016071124 15.491019705071162 1264.4221803536814
3.6000000000000005 3.8 5.200000000000001 18.15436104078083 12.066688858923257 1278.137790370319
3.6000000000000005 3.8 5.4 10.001491302972232 6.61077020836176 1287.6130566497102
3.6000000000000005 4.0 2.6000000000000005 -9.999509099659075 -4.374040663647216 1282.7916005364114
3.6000000000000005 4.0 2.8 -18.152904726673192 -8.013978378793585 1274.5600791667
3.6000000000000005 4.0 3.0 -23.13226217246056 -10.342453530203798 1262.6254745598976
3.6000000000000005 4.0 3.2 -24.3534832187689 -11.038154402218114 1249.088097404851
3.6000000000000005 4.0 3.4000000000000004 -21.918326386500542 -10.05991960417868 1236.0811360794253
3.6000000000000005 4.0 3.6000000000000005 -16.424161078142095 -7.613493205102239 1225.4344453505582
3.6000000000000005 4.0 3.8 -8.767895187573037 -4.090174454236261 1218.5017888242655
3.6000000000000005 4.0 4.0 -5.152015602088532e-14 1.0250714218083367e-14 1216.1003083621895
3.6000000000000005 4.0 4.2 8.767895187572622 4.0901744542363305 1218.5017888242655
3.6000000000000005 4.0 4.4 16.424161078142234 7.613493205102656 1225.4344453505578
3.6000000000000005 4.0 4.6 21.91832638650082 10.059919604178956 1236.081136079425
3.6000000000000005 4.0 4.800000000000001 24.353483218769178 11.038154402218114 1249.0880974048519
3.6000000000000005 4.0 5.0 23.132262172461115 10.342453530204908 1262.6254745598992
3.6000000000000005 4.0 5.200000000000001 18.152904726673746 8.013978378794695 1274.5600791666993
3.6000000000000005 4.0 5.4 9.999509099659631 4.374040663646661 1282.7916005364098
3.6000000000000005 4.2 2.6000000000000005 -9.996068393067214 -2.86891004986356 1279.599078270917
3.6000000000000005 4.2 2.8 -18.148038479193218 -5.26924694010833 1272.1693775037618
3.6000000000000005 4.2 3.0 -23.12862046949027 -6.824116385663603 1261.398004330257
3.6000000000000005 4.2 3.2 -24.35273733912474 -7.311727620056274 1249.1796826995774
3.6000000000000005 4.2 3.4000000000000004 -21.920363820689957 -6.68853642953493 1237.4383299202088
3.6000000000000005 4.2 3.6000000000000005 -16.427373649186837 -5.077245279075659 1227.82543820996
3.6000000000000005 4.2 3.8 -8.770203074400518 -2.732952574652503 1221.564587478617
3.6000000000000005 4.2 4.0 -4.8845337746066856e-14 2.429898771503587e-14 1219.3955348858083
3.6000000000000005 4.2 4.2 8.770203074400447 2.732952574652503 1221.5645874786176
3.6000000000000005 4.2 4.4 16.42737364918656 5.077245279075659 1227.82543820996
3.6000000000000005 4.2 4.6 21.92036382068968 6.688536429535207 1237.4383299202086
3.6000000000000005 4.2 4.800000000000001 24.35273733912557 7.311727620056551 1249.1796826995776
3.6000000000000005 4.2 5.0 23.12862046949027 6.8241163856641585 1261.398004330258
3.6000000000000005 4.2 5.200000000000001 18.148038479192106 5.269246940107775 1272.1693775037606
3.6000000000000005 4.2 5.4 9.996068393067214 2.868910049863005 1279.5990782709155
3.6000000000000005 4.4 2.6000000000000005 -9.992178033883524 -1.829412565609867 1277.5223535963032
3.6000000000000005 4.4 2.8 -18.141860018411336 -3.3653713177805855 1270.6048728309
3.6000000000000005 4.4 3.0 -23.122390394890168 -4.368457670976822 1260.5829938799498
3.6000000000000005 4.4 3.2 -24.348166541545144 -4.6927866969198595 1249.2236773609795
3.6000000000000005 4.4 3.4000000000000004 -21.91799920834014 -4.303541239913111 1238.3156184204058
3.6000000000000005 4.4 3.6000000000000005 -16.426693223649536 -3.2734857131043458 1229.3900292054407
3.6000000000000005 4.4 3.8 -8.770224473729632 -1.7643815375880527 1223.5790341033412
3.6000000000000005 4.4 4.0 -4.9687595044552704e-14 2.4942440859364255e-14 1221.5662135114947
3.6000000000000005 4.4 4.2 8.770224473729494 1.7643815375879834 1223.5790341033412
3.6000000000000005 4.4 4.4 16.426693223649675 3.2734857131044848 1229.3900292054407
3.6000000000000005 4.4 4.6 21.917999208339587 4.303541239912834 1238.315618420406
3.6000000000000005 4.4 4.800000000000001 24.348166541545424 4.692786696920137 1249.2236773609807
3.6000000000000005 4.4 5.0 23.122390394890722 4.368457670976267 1260.5829938799502
3.6000000000000005 4.4 5.200000000000001 18.141860018411894 3.3653713177800304 1270.6048728308983
3.6000000000000005 4.4 5.4 9.99217803388297 1.829412565609867 1277.522353596302
3.6000000000000005 4.6 2.6000000000000005 -9.988739963916471 -1.0806839398436185 1276.2337069531366
3.6000000000000005 4.6 2.8 -18.13616163239329 -1.9899724841832 1269.6303323983948
3.6000000000000005 4.6 3.0 -23.116139697939573 -2.586811660499899 1260.0705889511175
3.6000000000000005 4.6 3.2 -24.34281101691138 -2.783421358656113 1249.244599130641
3.6000000000000005 4.6 3.4000000000000004 -21.914259004893186 -2.5566017788458684 1238.8576309040243
3.6000000000000005 4.6 3.6000000000000005 -16.42456553952648 -1.947222500915946 1230.3645979122853
3.6000000000000005 4.6 3.8 -8.769326784927935 -1.050435657525689 1224.8380731917216
3.6000000000000005 4.6 4.0 -5.071607938228711e-14 1.573272231318038e-14 1222.9242979609844
3.6000000000000005 4.6 4.2 8.769326784928005 1.050435657525689 1224.838073191722
3.6000000000000005 4.6 4.4 16.424565539526895 1.9472225009160848 1230.364597912285
3.6000000000000005 4.6 4.6 21.914259004893466 2.5566017788458684 1238.8576309040243
3.6000000000000005 4.6 4.800000000000001 24.34281101691138 2.783421358656113 1249.244599130641
3.6000000000000005 4.6 5.0 23.116139697940685 2.586811660498789 1260.070588951118
3.6000000000000005 4.6 5.200000000000001 18.13616163239329 1.9899724841832 1269.6303323983943
3.6000000000000005 4.6 5.4 9.98873996391536 1.0806839398430634 1276.2337069531354
3.6000000000000005 4.800000000000001 2.6000000000000005 -9.986415515516045 -0.5013576256518437 1275.53238111212
3.6000000000000005 4.800000000000001 2.8 -18.132235291006825 -0.9236943000723308 1269.0987451102437
3.6000000000000005 4.800000000000001 3.0 -23.1116830274497 -1.2016731830521987 1259.7895450054768
3.6000000000000005 4.800000000000001 3.2 -24.33878242319609 -1.2941710781799731 1249.2538872426337
3.6000000000000005 4.800000000000001 3.4000000000000004 -21.91121861173123 -1.1897528741464103 1239.1518172781462
3.6000000000000005 4.800000000000001 3.6000000000000005 -16.422653540701102 -0.9068275565714268 1230.896195326761
3.6000000000000005 4.800000000000001 3.8 -8.768435399073084 -0.489424611922612 1225.526256604257
3.6000000000000005 4.800000000000001 4.0 -5.4772086459817366e-14 3.697794644725299e-15 1223.667084826546
3.6000000000000005 4.800000000000001 4.2 8.76843539907253 0.489424611922612 1225.5262566042572
3.6000000000000005 4.800000000000001 4.4 16.422653540701383 0.9068275565710104 1230.8961953267608
3.6000000000000005 4.800000000000001 4.6 21.911218611730675 1.1897528741458552 1239.1518172781462
3.6000000000000005 4.800000000000001 4.800000000000001 24.338782423195813 1.2941710781802507 1249.2538872426337
3.6000000000000005 4.800000000000001 5.0 23.11168302745026 1.2016731830521987 1259.7895450054773
3.6000000000000005 4.800000000000001 5.200000000000001 18.132235291006825 0.9236943000728859 1269.0987451102426
3.6000000000000005 4.800000000000001 5.4 9.986415515515489 0.5013576256512886 1275.5323811121189
3.6000000000000005 5.0 2.6000000000000005 -9.985597568304971 -0.0 1275.3100126530642
3.6000000000000005 5.0 2.8 -18.130843085856775 5.551115123125783e-13 1268.9300168409945
3.6000000000000005 5.0 3.0 -23.11008166693551 -0.0 1259.70011217301
3.6000000000000005 5.0 3.2 -24.337306237518785 -0.0 1249.2565194395468
3.6000000000000005 5.0 3.4000000000000004 -21.910075219064016 -5.551115123125783e-13 1239.2449744256328
3.6000000000000005 5.0 3.6000000000000005 -16.42191265033843 1.3877787807814457e-13 1231.064926174509
3.6000000000000005 5.0 3.8 -8.768080860765068 6.938893903907228e-14 1225.744900748293
3.6000000000000005 5.0 4.0 -5.722942653952652e-14 -2.2658479880969242e-15 1223.9031471848295
3.6000000000000005 5.0 4.2 8.768080860764929 -0.0 1225.744900748293
3.6000000000000005 5.0 4.4 16.421912650338708 -0.0 1231.0649261745082
3.6000000000000005 5.0 4.6 21.910075219063184 -0.0 1239.2449744256335
3.6000000000000005 5.0 4.800000000000001 24.337306237518785 -0.0 1249.2565194395474
3.6000000000000005 5.0 5.0 23.11008166693551 -0.0 1259.7001121730104
3.6000000000000005 5.0 5.200000000000001 18.130843085856775 -0.0 1268.9300168409934
3.6000000000000005 5.0 5.4 9.985597568304415 -0.0 1275.3100126530626
3.6000000000000005 5.200000000000001 2.6000000000000005 -9.986415515515489 0.5013576256518437 1275.5323811121204
3.6000000000000005 5.200000000000001 2.8 -18.132235291006825 0.9236943000723308 1269.0987451102437
3.6000000000000005 5.200000000000001 3.0 -23.1116830274497 1.2016731830521987 1259.7895450054764
3.6000000000000005 5.200000000000001 3.2 -24.33878242319609 1.2941710781799731 1249.253887242633
3.6000000000000005 5.200000000000001 3.4000000000000004 -21.91121861173123 1.1897528741458552 1239.1518172781462
3.6000000000000005 5.200000000000001 3.6000000000000005 -16.422653540700964 0.906827556571288 1230.8961953267615
3.6000000000000005 5.200000000000001 3.8 -8.768435399072946 0.4894246119225426 1225.526256604257
3.6000000000000005 5.200000000000001 4.0 -5.715431248971224e-14 -5.85988694484458e-15 1223.667084826546
3.6000000000000005 5.200000000000001 4.2 8.76843539907253 -0.489424611922612 1225.5262566042572
3.6000000000000005 5.200000000000001 4.4 16.42265354070124 -0.9068275565710104 1230.8961953267608
3.6000000000000005 5.200000000000001 4.6 21.911218611730675 -1.1897528741458552 1239.1518172781462
3.6000000000000005 5.200000000000001 4.800000000000001 24.338782423195813 -1.2941710781802507 1249.2538872426337
3.6000000000000005 5.200000000000001 5.0 23.11168302745026 -1.2016731830516436 1259.7895450054773
3.6000000000000005 5.200000000000001 5.200000000000001 18.132235291006825 -0.9236943000728859 1269.0987451102426
3.6000000000000005 5.200000000000001 5.4 9.986415515515489 -0.5013576256512886 1275.5323811121189
3.6000000000000005 5.4 2.6000000000000005 -9.988739963916471 1.0806839398436185 1276.2337069531366
3.6000000000000005 5.4 2.8 -18.136161632393843 1.989972484182645 1269.6303323983948
3.6000000000000005 5.4 3.0 -23.116139697939573 2.586811660499899 1260.0705889511175
3.6000000000000005 5.4 3.2 -24.34281101691138 2.783421358656113 1249.2445991306406
3.6000000000000005 5.4 3.4000000000000004 -21.914259004893466 2.5566017788464235 1238.857630904024
3.6000000000000005 5.4 3.6000000000000005 -16.42456553952648 1.947222500915946 1230.3645979122857
3.6000000000000005 5.4 3.8 -8.769326784928005 1.0504356575256195 1224.8380731917216
3.6000000000000005 5.4 4.0 -5.6806171233328895e-14 -1.0914863327486124e-14 1222.9242979609844
3.6000000000000005 5.4 4.2 8.769326784928005 -1.050435657525689 1224.838073191722
3.6000000000000005 5.4 4.4 16.424565539527315 -1.9472225009162236 1230.364597912285
3.6000000000000005 5.4 4.6 21.914259004893466 -2.5566017788458684 1238.8576309040243
3.6000000000000005 5.4 4.800000000000001 24.34281101691138 -2.783421358656113 1249.2445991306415
3.6000000000000005 5.4 5.0 23.116139697940685 -2.586811660498789 1260.070588951118
3.6000000000000005 5.4 5.200000000000001 18.136161632393843 -1.989972484182645 1269.6303323983936
3.6000000000000005 5.4 5.4 9.98873996391536 -1.0806839398430634 1276.2337069531354
3.6000000000000005 5.6 2.6000000000000005 -9.992178033883524 1.829412565609867 1277.5223535963032
3.6000000000000005 5.6 2.8 -18.141860018411336 3.3653713177805855 1270.6048728309
3.6000000000000005 5.6 3.0 -23.122390394890168 4.368457670976822 1260.5829938799498
3.6000000000000005 5.6 3.2 -24.3481665415457 4.6927866969198595 1249.2236773609795
3.6000000000000005 5.6 3.4000000000000004 -21.917999208339864 4.303541239913389 1238.315618420406
3.6000000000000005 5.6 3.6000000000000005 -16.426693223649536 3.2734857131046233 1229.3900292054407
3.6000000000000005 5.6 3.8 -8.770224473729494 1.7643815375881222 1223.579034103341
3.6000000000000005 5.6 4.0 -5.001479508308325e-14 -1.3639361024444587e-14 1221.5662135114947
3.6000000000000005 5.6 4.2 8.770224473729423 -1.7643815375879834 1223.5790341033412
3.6000000000000005 5.6 4.4 16.426693223649814 -3.27348571310504 1229.3900292054407
3.6000000000000005 5.6 4.6 21.917999208339587 -4.303541239912834 1238.3156184204063
3.6000000000000005 5.6 4.800000000000001 24.348166541545424 -4.692786696920137 1249.2236773609807
3.6000000000000005 5.6 5.0 23.122390394890168 -4.368457670976822 1260.582993879951
3.6000000000000005 5.6 5.200000000000001 18.141860018411894 -3.3653713177800304 1270.6048728308983
3.6000000000000005 5.6 5.4 9.992178033883524 -1.829412565609867 1277.5223535963014
3.6000000000000005 5.800000000000001 2.6000000000000005 -9.996068393067214 2.86891004986356 1279.599078270917
3.6000000000000005 5.800000000000001 2.8 -18.148038479193218 5.26924694010833 1272.1693775037618
3.6000000000000005 5.800000000000001 3.0 -23.128620469490823 6.824116385663603 1261.398004330257
3.6000000000000005 5.800000000000001 3.2 -24.35273733912474 7.311727620056274 1249.1796826995771
3.6000000000000005 5.800000000000001 3.4000000000000004 -21.92036382068968 6.68853642953493 1237.4383299202088
3.6000000000000005 5.800000000000001 3.6000000000000005 -16.427373649186837 5.0772452790755205 1227.8254382099603
3.6000000000000005 5.800000000000001 3.8 -8.770203074400518 2.732952574652503 1221.564587478617
3.6000000000000005 5.800000000000001 4.0 -4.1785560559254945e-14 -1.4325308145697462e-14 1219.3955348858083
3.6000000000000005 5.800000000000001 4.2 8.770203074400309 -2.732952574652364 1221.564587478617
3.6000000000000005 5.800000000000001 4.4 16.42737364918656 -5.0772452790755205 1227.82543820996
3.6000000000000005 5.800000000000001 4.6 21.920363820689957 -6.68853642953493 1237.438329920209
3.6000000000000005 5.800000000000001 4.800000000000001 24.35273733912557 -7.311727620056551 1249.1796826995776
3.6000000000000005 5.800000000000001 5.0 23.128620469490823 -6.8241163856641585 1261.398004330258
3.6000000000000005 5.800000000000001 5.200000000000001 18.148038479192664 -5.269246940108885 1272.1693775037606
3.6000000000000005 5.800000000000001 5.4 9.996068393067214 -2.868910049863005 1279.5990782709155
3.6000000000000005 6.0 2.6000000000000005 -9.999509099659075 4.374040663647216 1282.7916005364114
3.6000000000000005 6.0 2.8 -18.152904726673192 8.013978378793029 1274.5600791667
3.6000000000000005 6.0 3.0 -23.132262172461115 10.342453530203798 1262.6254745598976
3.6000000000000005 6.0 3.2 -24.353483218769178 11.038154402218114 1249.088097404851
3.6000000000000005 6.0 3.4000000000000004 -21.918326386500542 10.059919604179234 1236.0811360794253
3.6000000000000005 6.0 3.6000000000000005 -16.424161078142095 7.613493205102101 1225.4344453505582
3.6000000000000005 6.0 3.8 -8.767895187573037 4.090174454236261 1218.5017888242655
3.6000000000000005 6.0 4.0 -2.594665072023334e-14 -2.0640164898855315e-14 1216.10030836219
3.6000000000000005 6.0 4.2 8.767895187572622 -4.090174454236192 1218.5017888242655
3.6000000000000005 6.0 4.4 16.424161078142234 -7.613493205102101 1225.434445350558
3.6000000000000005 6.0 4.6 21.91832638650082 -10.059919604178956 1236.081136079425
3.6000000000000005 6.0 4.800000000000001 24.353483218769178 -11.038154402218114 1249.0880974048514
3.6000000000000005 6.0 5.0 23.132262172461115 -10.342453530204908 1262.6254745598985
3.6000000000000005 6.0 5.200000000000001 18.152904726673746 -8.013978378794695 1274.5600791666993
3.6000000000000005 6.0 5.4 9.999509099659631 -4.374040663647216 1282.7916005364104
3.6000000000000005 6.200000000000001 2.6000000000000005 -10.001491302971122 6.610770208361205 1287.6130566497102
3.6000000000000005 6.200000000000001 2.8 -18.15436104078083 12.066688858922147 1278.1377903703183
3.6000000000000005 6.200000000000001 3.0 -23.130161016071124 15.491019705070608 1264.422180353682
3.6000000000000005 6.200000000000001 3.2 -24.346520178757935 16.438026567017204 1248.8971487735525
3.6000000000000005 6.200000000000001 3.4000000000000004 -21.907913272796453 14.900898277586116 1234.013668723093
3.6000000000000005 6.200000000000001 3.6000000000000005 -16.41378900863341 11.22879654178177 1221.8556930600173
3.6000000000000005 6.200000000000001 3.8 -8.761457527750801 6.015788429532403 1213.9510942735149
3.6000000000000005 6.200000000000001 4.0 -2.2162479087211175e-14 -2.5755424991734078e-14 1211.215185977336
3.6000000000000005 6.200000000000001 4.2 8.76145752775087 -6.015788429532889 1213.9510942735149
3.6000000000000005 6.200000000000001 4.4 16.41378900863355 -11.228796541782048 1221.8556930600173
3.6000000000000005 6.200000000000001 4.6 21.907913272797007 -14.900898277585561 1234.0136687230931
3.6000000000000005 6.200000000000001 4.800000000000001 24.346520178757935 -16.43802656701776 1248.8971487735516
3.6000000000000005 6.200000000000001 5.0 23.130161016071124 -15.491019705071718 1264.4221803536814
3.6000000000000005 6.200000000000001 5.200000000000001 18.154361040780277 -12.066688858922703 1278.1377903703183
3.6000000000000005 6.200000000000001 5.4 10.001491302971122 -6.61077020836176 1287.6130566497102
3.6000000000000005 6.4 2.6000000000000005 -10.001288039754307 10.001288039754307 1294.8582893953335
3.6000000000000005 6.4 2.8 -18.15059644442285 18.15059644442285 1283.4403286634094
3.6000000000000005 6.4 3.0 -23.11914246191926 23.11914246191926 1266.9968122679927
3.6000000000000005 6.4 3.2 -24.327520207313434 24.327520207313434 1248.4979759773664
3.6000000000000005 6.4 3.4000000000000004 -21.88441365988919 21.884413659888356 1230.8719060541898
3.6000000000000005 6.4 3.6000000000000005 -16.39224515404214 16.39224515404214 1216.5493355025046
3.6000000000000005 6.4 3.8 -8.748584852525248 8.74858485252504 1207.2729922824838
3.6000000000000005 6.4 4.0 -1.2437881574923271e-14 -3.347378746712817e-14 1204.0687315031246
3.6000000000000005 6.4 4.2 8.74858485252511 -8.748584852525317 1207.2729922824835
3.6000000000000005 6.4 4.4 16.392245154042417 -16.39224515404214 1216.5493355025053
3.6000000000000005 6.4 4.6 21.88441365988891 -21.884413659889468 1230.8719060541894
3.6000000000000005 6.4 4.800000000000001 24.327520207313434 -24.327520207313434 1248.4979759773653
3.6000000000000005 6.4 5.0 23.119142461918152 -23.11914246191926 1266.9968122679936
3.6000000000000005 6.4 5.200000000000001 18.150596444422295 -18.15059644442285 1283.4403286634094
3.6000000000000005 6.4 5.4 10.001288039753753 -10.001288039753753 1294.858289395333
3.8 3.6000000000000005 2.6000000000000005 -6.610770208361205 -10.001491302971122 1287.6130566497106
3.8 3.6000000000000005 2.8 -12.066688858922147 -18.154361040780277 1278.1377903703183
3.8 3.6000000000000005 3.0 -15.491019705070608 -23.130161016071124 1264.4221803536814
3.8 3.6000000000000005 3.2 -16.438026567017204 -24.34652017875821 1248.8971487735523
3.8 3.6000000000000005 3.4000000000000004 -14.900898277586116 -21.90791327279673 1234.013668723093
3.8 3.6000000000000005 3.6000000000000005 -11.22879654178191 -16.413789008633135 1221.8556930600178
3.8 3.6000000000000005 3.8 -6.015788429532681 -8.76145752775094 1213.9510942735149
3.8 3.6000000000000005 4.0 -2.957350484751841e-14 7.603587008081414e-15 1211.2151859773355
3.8 3.6000000000000005 4.2 6.01578842953275 8.761457527750732 1213.9510942735149
3.8 3.6000000000000005 4.4 11.228796541782188 16.41378900863369 1221.8556930600178
3.8 3.6000000000000005 4.6 14.900898277585561 21.907913272797284 1234.0136687230934
3.8 3.6000000000000005 4.800000000000001 16.43802656701776 24.34652017875738 1248.8971487735516
3.8 3.6000000000000005 5.0 15.491019705071162 23.13016101607057 1264.4221803536814
3.8 3.6000000000000005 5.200000000000001 12.066688858922703 18.15436104078083 1278.1377903703183
3.8 3.6000000000000005 5.4 6.61077020836176 10.001491302972232 1287.6130566497102
3.8 3.8 2.6000000000000005 -6.610412405645416 -6.610412405644861 1280.3663744672783
3.8 3.8 2.8 -12.068038346385034 -12.068038346385034 1272.8312137772218
3.8 3.8 3.0 -15.4964632993132 -15.496463299312646 1261.8418484841911
3.8 3.8 3.2 -16.448264901708086 -16.44826490170781 1249.2916089940172
3.8 3.8 3.4000000000000004 -14.914073044105802 -14.914073044105802 1237.1544297568244
3.8 3.8 3.6000000000000005 -11.241135027117988 -11.241135027117988 1227.1660350691561
3.8 3.8 3.8 -6.0232425649390375 -6.02324256493883 1220.6373472917062
3.8 3.8 4.0 -4.249987004606981e-14 2.232473336277972e-15 1218.371401346883
3.8 3.8 4.2 6.023242564938899 6.023242564938899 1220.6373472917066
3.8 3.8 4.4 11.241135027118126 11.241135027118265 1227.1660350691561
3.8 3.8 4.6 14.914073044105802 14.914073044106079 1237.1544297568237
3.8 3.8 4.800000000000001 16.448264901708086 16.448264901708086 1249.291608994017
3.8 3.8 5.0 15.496463299313756 15.496463299313756 1261.8418484841916
3.8 3.8 5.200000000000001 12.068038346383924 12.068038346383924 1272.831213777223
3.8 3.8 5.4 6.610412405645416 6.610412405645971 1280.3663744672776
3.8 4.0 2.6000000000000005 -6.609593484092624 -4.37258124722284 1275.5450183033256
3.8 4.0 2.8 -12.067745669944173 -8.012558835581162 1269.2517394766505
3.8 4.0 3.0 -15.498340113198061 -10.34295582006517 1260.0419537983587
3.8 4.0 3.2 -16.452998093580973 -11.041508097078822 1249.479539028759
3.8 4.0 3.4000000000000004 -14.920784024483046 -10.065442973495319 1239.2207985976827
3.8 4.0 3.6000000000000005 -11.247704860553736 -7.619203981534122 1230.7465235391849
3.8 4.0 3.8 -6.027295481339095 -4.093778989218283 1225.192229300633
3.8 4.0 4.0 -3.0189879071978854e-14 1.4425719128771694e-14 1223.2616711072133
3.8 4.0 4.2 6.027295481338817 4.093778989218421 1225.192229300633
3.8 4.0 4.4 11.247704860552904 7.6192039815334285 1230.7465235391849
3.8 4.0 4.6 14.920784024483602 10.065442973495042 1239.2207985976831
3.8 4.0 4.800000000000001 16.452998093581805 11.041508097079932 1249.4795390287593
3.8 4.0 5.0 15.498340113197505 10.34295582006628 1260.0419537983573
3.8 4.0 5.200000000000001 12.067745669942509 8.012558835580052 1269.2517394766505
3.8 4.0 5.4 6.609593484092624 4.37258124722173 1275.545018303326
3.8 4.2 2.6000000000000005 -6.608132781809051 -2.8667145100030877 1272.353815631697
3.8 4.2 2.8 -12.065828711794179 -5.266030415166378 1266.8608392043795
3.8 4.2 3.0 -15.49729064981964 -6.821470322157519 1258.8128992226934
3.8 4.2 3.2 -16.45361339689899 -7.310727565961184 1249.569121840587
3.8 4.2 3.4000000000000004 -14.92287770440942 -6.689228770617173 1240.576733872369
3.8 4.2 3.6000000000000005 -11.250247603790536 -5.078767996492539 1233.1376990534332
3.8 4.2 3.8 -6.028999215154928 -2.7341217019428985 1228.2565512732403
3.8 4.2 4.0 -2.9707717766214616e-14 2.2053260162995824e-14 1226.5589593253198
3.8 4.2 4.2 6.028999215154859 2.7341217019429678 1228.2565512732401
3.8 4.2 4.4 11.250247603790397 5.078767996492816 1233.137699053433
3.8 4.2 4.6 14.922877704409698 6.689228770617173 1240.5767338723701
3.8 4.2 4.800000000000001 16.45361339689899 7.310727565961461 1249.5691218405882
3.8 4.2 5.0 15.497290649819083 6.821470322156964 1258.8128992226918
3.8 4.2 5.200000000000001 12.065828711791958 5.266030415167489 1266.8608392043784
3.8 4.2 5.4 6.608132781809606 2.8667145100019775 1272.3538156316977
3.8 4.4 2.6000000000000005 -6.60635795424136 -1.827090831215128 1270.2789878881592
3.8 4.4 2.8 -12.063060019378845 -3.3616307349582097 1265.296983664496
3.8 4.4 3.0 -15.494625658570293 -4.364589541919206 1257.9972566475637
3.8 4.4 3.2 -16.45187836971429 -4.689822987206105 1249.6117805802994
3.8 4.4 3.4000000000000004 -14.922278975450231 -4.301865978428299 1241.4527581671514
3.8 4.4 3.6000000000000005 -11.250410271365501 -3.272857845899313 1234.701630607859
3.8 4.4 3.8 -6.029304014296896 -1.7642694762262656 1230.2709972971254
3.8 4.4 4.0 -3.8692916254191004e-14 1.910888708225444e-14 1228.7299145110992
3.8 4.4 4.2 6.029304014296896 1.7642694762265432 1230.2709972971259
3.8 4.4 4.4 11.250410271365363 3.2728578459000066 1234.701630607859
3.8 4.4 4.6 14.922278975450508 4.301865978428854 1241.4527581671518
3.8 4.4 4.800000000000001 16.451878369713736 4.68982298720555 1249.6117805802992
3.8 4.4 5.0 15.494625658569738 4.364589541918651 1257.9972566475633
3.8 4.4 5.200000000000001 12.063060019377735 3.361630734958765 1265.2969836644957
3.8 4.4 5.4 6.606357954241915 1.827090831215128 1270.2789878881588
3.8 4.6 2.6000000000000005 -6.6047082027342885 -1.0787992906058363 1268.9921848967388
3.8 4.6 2.8 -12.060335253805121 -1.9868243825155174 1264.3233404936755
3.8 4.6 3.0 -15.49166949453451 -2.583319017303576 1257.4847069704456
3.8 4.6 3.2 -16.44940842417092 -2.7803863311817723 1249.631845404078
3.8 4.6 3.4000000000000004 -14.92063545707356 -2.5544461520884965 1241.9936990136757
3.8 4.6 3.6000000000000005 -11.249547605613612 -1.945972230615045 1235.675295555635
3.8 4.6 3.8 -6.028975260881502 -1.049898175891281 1231.5294091191397
3.8 4.6 4.0 -4.568800967865909e-14 1.0335666659501362e-14 1230.0874982777725
3.8 4.6 4.2 6.028975260881364 1.0498981758912118 1231.5294091191402
3.8 4.6 4.4 11.249547605613474 1.9459722306149063 1235.675295555635
3.8 4.6 4.6 14.920635457073837 2.554446152088219 1241.9936990136757
3.8 4.6 4.800000000000001 16.44940842417064 2.7803863311809396 1249.631845404078
3.8 4.6 5.0 15.49166949453451 2.583319017303576 1257.484706970445
3.8 4.6 5.200000000000001 12.060335253804011 1.9868243825149623 1264.3233404936748
3.8 4.6 5.4 6.604708202734844 1.0787992906058363 1268.9921848967388
3.8 4.800000000000001 2.6000000000000005 -6.60355811728186 -0.5003126212216324 1268.2921635056437
3.8 4.800000000000001 2.8 -12.05839021289845 -0.9219219732997663 1263.7924639377984
3.8 4.800000000000001 3.0 -15.48946434064724 -1.1996519738083355 1257.2036946988976
3.8 4.800000000000001 3.2 -16.44742799218779 -1.2923371860359967 1249.6406534455145
3.8 4.800000000000001 3.4000000000000004 -14.919161497230215 -1.188366485160297 1242.287172267718
3.8 4.800000000000001 3.6000000000000005 -11.248639841974494 -0.9059563356948741 1236.2061785840563
3.8 4.800000000000001 3.8 -6.028561039467111 -0.489019258215484 1232.2169695277405
3.8 4.800000000000001 4.0 -4.889749901189746e-14 1.2623987944357773e-15 1230.8297108628817
3.8 4.800000000000001 4.2 6.028561039467042 0.4890192582153452 1232.2169695277407
3.8 4.800000000000001 4.4 11.248639841974079 0.9059563356947353 1236.206178584056
3.8 4.800000000000001 4.6 14.919161497230215 1.188366485159742 1242.2871722677178
3.8 4.800000000000001 4.800000000000001 16.447427992187237 1.2923371860359967 1249.6406534455145
3.8 4.800000000000001 5.0 15.489464340647796 1.1996519738077804 1257.2036946988974
3.8 4.800000000000001 5.200000000000001 12.05839021289734 0.9219219732997663 1263.7924639377977
3.8 4.800000000000001 5.4 6.6035581172829705 0.5003126212216324 1268.2921635056437
3.8 5.0 2.6000000000000005 -6.6031475479394475 5.551115123125783e-13 1268.070262923439
3.8 5.0 2.8 -12.057689447650954 -0.0 1263.6240011410887
3.8 5.0 3.0 -15.488656780586195 -0.0 1257.1142917577092
3.8 5.0 3.2 -16.44668455455078 -0.0 1249.643130892726
3.8 5.0 3.4000000000000004 -14.91858902994636 -0.0 1242.3800798640168
3.8 5.0 3.6000000000000005 -11.248272602428777 -0.0 1236.37464278258
3.8 5.0 3.8 -6.028387050613717 6.938893903907228e-14 1232.4353654548345
3.8 5.0 4.0 -4.8541552081566576e-14 -2.2287194369971554e-15 1231.0655367942034
3.8 5.0 4.2 6.028387050613648 -0.0 1232.435365454835
3.8 5.0 4.4 11.24827260242836 -0.0 1236.3746427825795
3.8 5.0 4.6 14.918589029946638 2.7755575615628914e-13 1242.3800798640168
3.8 5.0 4.800000000000001 16.446684554550227 -0.0 1249.643130892726
3.8 5.0 5.0 15.488656780586195 -0.0 1257.1142917577088
3.8 5.0 5.200000000000001 12.057689447649288 -0.0 1263.6240011410887
3.8 5.0 5.4 6.603147547940558 -0.0 1268.070262923439
3.8 5.200000000000001 2.6000000000000005 -6.60355811728186 0.5003126212216324 1268.2921635056437
3.8 5.200000000000001 2.8 -12.058390212899006 0.9219219732992112 1263.7924639377977
3.8 5.200000000000001 3.0 -15.48946434064724 1.1996519738083355 1257.2036946988976
3.8 5.200000000000001 3.2 -16.44742799218779 1.2923371860359967 1249.6406534455145
3.8 5.200000000000001 3.4000000000000004 -14.91916149722966 1.1883664851600195 1242.287172267718
3.8 5.200000000000001 3.6000000000000005 -11.248639841974633 0.9059563356951517 1236.2061785840563
3.8 5.200000000000001 3.8 -6.02856103946732 0.489019258215484 1232.2169695277405
3.8 5.200000000000001 4.0 -4.743194698435925e-14 -5.190311624588348e-15 1230.8297108628817
3.8 5.200000000000001 4.2 6.028561039467042 -0.4890192582153452 1232.2169695277407
3.8 5.200000000000001 4.4 11.248639841974079 -0.9059563356945965 1236.2061785840563
3.8 5.200000000000001 4.6 14.919161497230215 -1.188366485159742 1242.2871722677178
3.8 5.200000000000001 4.800000000000001 16.44742799218779 -1.2923371860359967 1249.6406534455143
3.8 5.200000000000001 5.0 15.489464340647796 -1.1996519738077804 1257.2036946988974
3.8 5.200000000000001 5.200000000000001 12.05839021289734 -0.9219219732992112 1263.7924639377977
3.8 5.200000000000001 5.4 6.6035581172829705 -0.5003126212216324 1268.2921635056437
3.8 5.4 2.6000000000000005 -6.6047082027342885 1.0787992906052812 1268.9921848967383
3.8 5.4 2.8 -12.060335253805121 1.9868243825155174 1264.3233404936755
3.8 5.4 3.0 -15.49166949453451 2.583319017303576 1257.484706970446
3.8 5.4 3.2 -16.449408424171473 2.780386331181217 1249.6318454040777
3.8 5.4 3.4000000000000004 -14.920635457073006 2.554446152088774 1241.993699013676
3.8 5.4 3.6000000000000005 -11.249547605613612 1.945972230615045 1235.6752955556353
3.8 5.4 3.8 -6.028975260881433 1.049898175891281 1231.5294091191395
3.8 5.4 4.0 -4.38241701447932e-14 -5.704726815714525e-15 1230.0874982777725
3.8 5.4 4.2 6.028975260881364 -1.0498981758912118 1231.5294091191404
3.8 5.4 4.4 11.249547605613474 -1.9459722306149063 1235.675295555635
3.8 5.4 4.6 14.920635457073837 -2.5544461520884965 1241.9936990136755
3.8 5.4 4.800000000000001 16.44940842417064 -2.7803863311809396 1249.631845404078
3.8 5.4 5.0 15.491669494533955 -2.583319017303576 1257.4847069704456
3.8 5.4 5.200000000000001 12.060335253804011 -1.9868243825149623 1264.3233404936748
3.8 5.4 5.4 6.604708202734844 -1.0787992906052812 1268.9921848967383
3.8 5.6 2.6000000000000005 -6.60635795424136 1.827090831215128 1270.2789878881592
3.8 5.6 2.8 -12.063060019378845 3.361630734958765 1265.296983664496
3.8 5.6 3.0 -15.494625658570293 4.364589541919206 1257.9972566475633
3.8 5.6 3.2 -16.45187836971429 4.689822987206105 1249.6117805802996
3.8 5.6 3.4000000000000004 -14.922278975450231 4.301865978428576 1241.4527581671518
3.8 5.6 3.6000000000000005 -11.250410271365501 3.2728578458990354 1234.7016306078588
3.8 5.6 3.8 -6.029304014296965 1.7642694762261961 1230.2709972971254
3.8 5.6 4.0 -3.81918203462676e-14 -4.155050638085948e-15 1228.7299145110992
3.8 5.6 4.2 6.029304014296896 -1.7642694762265432 1230.2709972971259
3.8 5.6 4.4 11.250410271365363 -3.272857845900284 1234.701630607859
3.8 5.6 4.6 14.922278975450231 -4.301865978428576 1241.4527581671518
3.8 5.6 4.800000000000001 16.451878369713736 -4.68982298720555 1249.6117805802992
3.8 5.6 5.0 15.494625658569738 -4.364589541918651 1257.9972566475633
3.8 5.6 5.200000000000001 12.06306001937718 -3.361630734958765 1265.296983664496
3.8 5.6 5.4 6.606357954241915 -1.827090831215128 1270.2789878881588
3.8 5.800000000000001 2.6000000000000005 -6.608132781809051 2.8667145100030877 1272.353815631697
3.8 5.800000000000001 2.8 -12.065828711794179 5.266030415166378 1266.8608392043795
3.8 5.800000000000001 3.0 -15.497290649820194 6.821470322156964 1258.8128992226934
3.8 5.800000000000001 3.2 -16.45361339689899 7.310727565961461 1249.569121840587
3.8 5.800000000000001 3.4000000000000004 -14.92287770440942 6.689228770616895 1240.576733872369
3.8 5.800000000000001 3.6000000000000005 -11.250247603790674 5.078767996492539 1233.1376990534332
3.8 5.800000000000001 3.8 -6.028999215154998 2.73412170194276 1228.2565512732403
3.8 5.800000000000001 4.0 -3.216023219630966e-14 -5.846552627851799e-15 1226.5589593253198
3.8 5.800000000000001 4.2 6.028999215154859 -2.7341217019428985 1228.25655127324
3.8 5.800000000000001 4.4 11.250247603791507 -5.078767996492816 1233.1376990534332
3.8 5.800000000000001 4.6 14.92287770440942 -6.689228770617173 1240.5767338723701
3.8 5.800000000000001 4.800000000000001 16.45361339689899 -7.310727565961461 1249.569121840588
3.8 5.800000000000001 5.0 15.497290649819083 -6.821470322156964 1258.8128992226923
3.8 5.800000000000001 5.200000000000001 12.065828711791958 -5.266030415167489 1266.8608392043784
3.8 5.800000000000001 5.4 6.608132781809606 -2.8667145100025326 1272.353815631697
3.8 6.0 2.6000000000000005 -6.609593484092624 4.37258124722284 1275.5450183033256
3.8 6.0 2.8 -12.067745669944173 8.012558835581162 1269.25173947665
3.8 6.0 3.0 -15.498340113198061 10.34295582006517 1260.0419537983585
3.8 6.0 3.2 -16.452998093580973 11.041508097078822 1249.4795390287595
3.8 6.0 3.4000000000000004 -14.920784024482769 10.065442973495319 1239.220798597683
3.8 6.0 3.6000000000000005 -11.247704860553458 7.619203981533845 1230.7465235391846
3.8 6.0 3.8 -6.027295481338957 4.09377898921863 1225.192229300633
3.8 6.0 4.0 -3.225328042527121e-14 -1.6280911175842288e-14 1223.2616711072135
3.8 6.0 4.2 6.027295481338748 -4.093778989218352 1225.192229300633
3.8 6.0 4.4 11.247704860553181 -7.61920398153329 1230.7465235391849
3.8 6.0 4.6 14.920784024483323 -10.065442973495596 1239.2207985976831
3.8 6.0 4.800000000000001 16.452998093581805 -11.041508097079378 1249.4795390287593
3.8 6.0 5.0 15.498340113196951 -10.34295582006628 1260.0419537983573
3.8 6.0 5.200000000000001 12.067745669943063 -8.012558835580608 1269.2517394766505
3.8 6.0 5.4 6.609593484092624 -4.37258124722284 1275.545018303326
3.8 6.200000000000001 2.6000000000000005 -6.610412405645416 6.610412405644861 1280.3663744672783
3.8 6.200000000000001 2.8 -12.068038346385034 12.06803834638448 1272.8312137772218
3.8 6.200000000000001 3.0 -15.4964632993132 15.4964632993132 1261.8418484841911
3.8 6.200000000000001 3.2 -16.448264901708086 16.448264901708086 1249.2916089940172
3.8 6.200000000000001 3.4000000000000004 -14.914073044106356 14.914073044105802 1237.154429756824
3.8 6.200000000000001 3.6000000000000005 -11.241135027117988 11.241135027117988 1227.1660350691564
3.8 6.200000000000001 3.8 -6.023242564939107 6.023242564938691 1220.6373472917066
3.8 6.200000000000001 4.0 -3.1384087791667884e-14 -1.993311196712097e-14 1218.371401346883
3.8 6.200000000000001 4.2 6.023242564938691 -6.023242564938968 1220.6373472917066
3.8 6.200000000000001 4.4 11.24113502711785 -11.241135027118126 1227.166035069156
3.8 6.200000000000001 4.6 14.914073044106079 -14.914073044106079 1237.1544297568241
3.8 6.200000000000001 4.800000000000001 16.448264901708086 -16.448264901708086 1249.2916089940172
3.8 6.200000000000001 5.0 15.496463299313756 -15.496463299313756 1261.8418484841911
3.8 6.200000000000001 5.200000000000001 12.06803834638448 -12.068038346383924 1272.8312137772218
3.8 6.200000000000001 5.4 6.610412405645416 -6.610412405645971 1280.3663744672776
3.8 6.4 2.6000000000000005 -6.61077020836176 10.001491302971122 1287.6130566497102
3.8 6.4 2.8 -12.066688858922703 18.154361040780277 1278.1377903703183
3.8 6.4 3.0 -15.491019705071162 23.130161016071124 1264.422180353682
3.8 6.4 3.2 -16.438026567016927 24.346520178757935 1248.8971487735523
3.8 6.4 3.4000000000000004 -14.900898277586116 21.90791327279673 1234.013668723093
3.8 6.4 3.6000000000000005 -11.22879654178177 16.41378900863341 1221.8556930600175
3.8 6.4 3.8 -6.015788429532473 8.761457527750801 1213.9510942735149
3.8 6.4 4.0 -2.3693854678549867e-14 -1.530142191271038e-14 1211.215185977336
3.8 6.4 4.2 6.01578842953275 -8.76145752775087 1213.9510942735149
3.8 6.4 4.4 11.228796541782048 -16.413789008633827 1221.8556930600178
3.8 6.4 4.6 14.900898277585561 -21.90791327279673 1234.0136687230931
3.8 6.4 4.800000000000001 16.43802656701776 -24.346520178757935 1248.8971487735516
3.8 6.4 5.0 15.491019705071162 -23.13016101607057 1264.4221803536814
3.8 6.4 5.200000000000001 12.066688858922147 -18.15436104078083 1278.1377903703183
3.8 6.4 5.4 6.61077020836176 -10.001491302971122 1287.6130566497102
4.0 3.6000000000000005 2.6000000000000005 -4.374040663647216 -9.999509099659631 1282.7916005364114
4.0 3.6000000000000005 2.8 -8.013978378793585 -18.152904726673192 1274.5600791667
4.0 3.6000000000000005 3.0 -10.342453530203798 -23.132262172461115 1262.625474559898
4.0 3.6000000000000005 3.2 -11.038154402218114 -24.353483218769178 1249.088097404851
4.0 3.6000000000000005 3.4000000000000004 -10.059919604178402 -21.918326386500542 1236.081136079425
4.0 3.6000000000000005 3.6000000000000005 -7.613493205102101 -16.424161078142095 1225.4344453505582
4.0 3.6000000000000005 3.8 -4.090174454236192 -8.767895187572968 1218.5017888242653
4.0 3.6000000000000005 4.0 -2.5357194135594978e-14 2.167797408873459e-16 1216.1003083621895
4.0 3.6000000000000005 4.2 4.090174454236401 8.76789518757276 1218.5017888242658
4.0 3.6000000000000005 4.4 7.613493205102239 16.42416107814265 1225.4344453505582
4.0 3.6000000000000005 4.6 10.059919604178956 21.918326386500542 1236.081136079425
4.0 3.6000000000000005 4.800000000000001 11.038154402218114 24.353483218769178 1249.0880974048514
4.0 3.6000000000000005 5.0 10.342453530204908 23.132262172461115 1262.6254745598985
4.0 3.6000000000000005 5.200000000000001 8.013978378794695 18.152904726673746 1274.5600791666993
4.0 3.6000000000000005 5.4 4.374040663647216 9.999509099659631 1282.7916005364104
4.0 3.8 2.6000000000000005 -4.37258124722284 -6.609593484092624 1275.5450183033256
4.0 3.8 2.8 -8.012558835581162 -12.067745669944173 1269.2517394766505
4.0 3.8 3.0 -10.34295582006517 -15.498340113198061 1260.0419537983585
4.0 3.8 3.2 -11.041508097078822 -16.45299809358125 1249.4795390287595
4.0 3.8 3.4000000000000004 -10.065442973495319 -14.920784024483046 1239.220798597683
4.0 3.8 3.6000000000000005 -7.619203981534122 -11.247704860553736 1230.7465235391844
4.0 3.8 3.8 -4.093778989218421 -6.027295481339095 1225.1922293006328
4.0 3.8 4.0 -2.6843428105621657e-14 8.153460525350768e-15 1223.2616711072135
4.0 3.8 4.2 4.093778989218144 6.0272954813388875 1225.1922293006332
4.0 3.8 4.4 7.6192039815334285 11.247704860552904 1230.7465235391844
4.0 3.8 4.6 10.065442973494765 14.920784024483323 1239.2207985976831
4.0 3.8 4.800000000000001 11.041508097079932 16.452998093581805 1249.4795390287595
4.0 3.8 5.0 10.34295582006628 15.498340113197505 1260.0419537983573
4.0 3.8 5.200000000000001 8.012558835580608 12.067745669943063 1269.2517394766505
4.0 3.8 5.4 4.37258124722173 6.609593484092624 1275.545018303326
4.0 4.0 2.6000000000000005 -4.371761039811406 -4.371761039810851 1270.7238548664673
4.0 4.0 2.8 -8.01176874420273 -8.01176874420273 1265.6713325375945
4.0 4.0 3.0 -10.343280880711347 -10.343280880710237 1258.2402221362609
4.0 4.0 3.2 -11.043502897409851 -11.043502897409018 1249.665653493566
4.0 4.0 3.4000000000000004 -10.068724264482576 -10.068724264482297 1241.2864293124526
4.0 4.0 3.6000000000000005 -7.622605781775343 -7.622605781774788 1234.3279338937023
4.0 4.0 3.8 -4.095931104452569 -4.095931104452152 1229.7494936848193
4.0 4.0 4.0 -1.3805829309568359e-14 2.3042866497938565e-14 1228.1548993248675
4.0 4.0 4.2 4.095931104452221 4.095931104452291 1229.7494936848184
4.0 4.0 4.4 7.622605781775065 7.622605781774927 1234.3279338937027
4.0 4.0 4.6 10.068724264482297 10.068724264482853 1241.286429312454
4.0 4.0 4.800000000000001 11.043502897409018 11.043502897409018 1249.6656534935657
4.0 4.0 5.0 10.343280880710237 10.343280880710237 1258.2402221362597
4.0 4.0 5.200000000000001 8.01176874420273 8.01176874420273 1265.6713325375945
4.0 4.0 5.4 4.371761039810851 4.371761039810851 1270.7238548664673
4.0 4.2 2.6000000000000005 -4.370948268265784 -2.8656745200122957 1267.5332495591229
4.0 4.2 2.8 -8.010704727701157 -5.264561289543002 1263.280219635751
4.0 4.2 3.0 -10.342715732905571 -6.8204019310358355 1257.0102196451521
4.0 4.2 3.2 -11.043898254169681 -7.310607896189591 1249.7540956449875
4.0 4.2 3.4000000000000004 -10.069978450834848 -6.6900313805021145 1242.6416957133172
4.0 4.2 3.6000000000000005 -7.624119871411372 -5.079950689887425 1236.7193166992147
4.0 4.2 3.8 -4.09694512198723 -2.7349611076103035 1232.8148350824079
4.0 4.2 4.0 -2.0923208196923752e-14 1.5795950532823723e-14 1231.453533316118
4.0 4.2 4.2 4.096945121987161 2.734961107610581 1232.814835082408
4.0 4.2 4.4 7.62411987141165 5.079950689888118 1236.719316699215
4.0 4.2 4.6 10.069978450834848 6.6900313805021145 1242.6416957133172
4.0 4.2 4.800000000000001 11.043898254170236 7.310607896188481 1249.754095644987
4.0 4.2 5.0 10.342715732905017 6.820401931036391 1257.010219645151
4.0 4.2 5.200000000000001 8.010704727700046 5.264561289543002 1263.280219635751
4.0 4.2 5.4 4.370948268265784 2.8656745200122957 1267.5332495591235
4.0 4.4 2.6000000000000005 -4.370068801564098 -1.8259879865351047 1265.4592935769242
4.0 4.4 2.8 -8.00935261229152 -3.359877859791527 1261.716605126571
4.0 4.4 3.0 -10.341465167092444 -4.362836515691693 1256.1941755296143
4.0 4.4 3.2 -11.043177266426007 -4.688581724191787 1249.7960240440996
4.0 4.4 3.4000000000000004 -10.06987303075163 -4.301298992577252 1243.5170865187547
4.0 4.4 3.6000000000000005 -7.624390061275049 -3.272785714927423 1238.283004166594
4.0 4.4 3.8 -4.097214870206478 -1.7643575833146268 1234.8294443747066
4.0 4.4 4.0 -2.8399646095413514e-14 8.962148946919782e-15 1233.6248215400885
4.0 4.4 4.2 4.097214870206686 1.764357583314488 1234.8294443747066
4.0 4.4 4.4 7.6243900612749105 3.272785714927562 1238.2830041665943
4.0 4.4 4.6 10.06987303075163 4.301298992576974 1243.5170865187545
4.0 4.4 4.800000000000001 11.043177266424342 4.688581724191787 1249.7960240441
4.0 4.4 5.0 10.341465167092444 4.362836515691693 1256.1941755296143
4.0 4.4 5.200000000000001 8.00935261229041 3.359877859792082 1261.7166051265704
4.0 4.4 5.4 4.370068801565763 1.8259879865351047 1265.4592935769242
4.0 4.6 2.6000000000000005 -4.369258053485425 -1.077884102884119 1264.1733716993313
4.0 4.6 2.8 -8.008022013148985 -1.9853026777028049 1260.7433711065946
4.0 4.6 3.0 -10.340043846532309 -2.5816503425768467 1255.6815157807519
4.0 4.6 3.2 -11.042028253439584 -2.7789709811296137 1249.815633168102
4.0 4.6 3.4000000000000004 -10.069157386952687 -2.5534843006258523 1244.0574917225815
4.0 4.6 3.6000000000000005 -7.62405911677727 -1.945452071524939 1239.2562581084774
4.0 4.6 3.8 -4.09711222230498 -1.0496926826959045 1236.0876207973351
4.0 4.6 4.0 -3.765958262694273e-14 5.528139555473921e-15 1234.982248482747
4.0 4.6 4.2 4.097112222304494 1.0496926826958353 1236.0876207973356
4.0 4.6 4.4 7.624059116776438 1.9454520715248003 1239.2562581084776
4.0 4.6 4.6 10.069157386952131 2.5534843006255747 1244.0574917225815
4.0 4.6 4.800000000000001 11.042028253439584 2.7789709811296137 1249.8156331681018
4.0 4.6 5.0 10.340043846531199 2.5816503425768467 1255.6815157807512
4.0 4.6 5.200000000000001 8.008022013147874 1.9853026777028049 1260.7433711065946
4.0 4.6 5.4 4.36925805348487 1.077884102884119 1264.1733716993313
4.0 4.800000000000001 2.6000000000000005 -4.368687357009793 -0.4997969708570027 1263.4739908992215
4.0 4.800000000000001 2.8 -8.007058954366263 -0.921048493918164 1260.2128388868782
4.0 4.800000000000001 3.0 -10.338958749377957 -1.198660469103885 1255.4005072261875
4.0 4.800000000000001 3.2 -11.041066660383013 -1.2914472085598372 1249.8241900860507
4.0 4.800000000000001 3.4000000000000004 -10.06845819222224 -1.18770644701921 1244.3506054283594
4.0 4.800000000000001 3.6000000000000005 -7.6236426723867705 -0.9055525533865905 1239.786795784524
4.0 4.800000000000001 3.8 -4.096928697525717 -0.4888364016548269 1236.7748964462317
4.0 4.800000000000001 4.0 -3.9012155230031284e-14 8.442522418178099e-16 1235.7242069054803
4.0 4.800000000000001 4.2 4.096928697525787 0.4888364016548963 1236.7748964462314
4.0 4.800000000000001 4.4 7.623642672386493 0.9055525533858966 1239.786795784524
4.0 4.800000000000001 4.6 10.068458192221962 1.187706447018655 1244.3506054283591
4.0 4.800000000000001 4.800000000000001 11.041066660382736 1.2914472085598372 1249.8241900860512
4.0 4.800000000000001 5.0 10.338958749377957 1.198660469103885 1255.4005072261875
4.0 4.800000000000001 5.200000000000001 8.007058954365709 0.921048493918164 1260.2128388868778
4.0 4.800000000000001 5.4 4.368687357009793 0.4997969708570027 1263.4739908992215
4.0 5.0 2.6000000000000005 -4.368482149825215 -0.0 1263.2523232054132
4.0 5.0 2.8 -8.006708906816984 -0.0 1260.0445076083477
4.0 5.0 3.0 -10.338556605098969 -0.0 1255.3111170661102
4.0 5.0 3.2 -11.040699229215855 -0.0 1249.8265871901867
4.0 5.0 3.4000000000000004 -10.068179036509806 -0.0 1244.443386377755
4.0 5.0 3.6000000000000005 -7.623466871891776 -0.0 1239.9551281538418
4.0 5.0 3.8 -4.096846915408111 -1.3877787807814457e-13 1236.9931733507217
4.0 5.0 4.0 -3.8093347219688165e-14 -8.002959605587133e-16 1235.959921286057
4.0 5.0 4.2 4.0968469154076255 -0.0 1236.9931733507215
4.0 5.0 4.4 7.623466871891498 -0.0 1239.955128153841
4.0 5.0 4.6 10.068179036509527 -0.0 1244.4433863777554
4.0 5.0 4.800000000000001 11.0406992292153 5.551115123125783e-13 1249.826587190187
4.0 5.0 5.0 10.338556605098969 -0.0 1255.3111170661095
4.0 5.0 5.200000000000001 8.006708906816428 -0.0 1260.0445076083477
4.0 5.0 5.4 4.368482149825215 -0.0 1263.2523232054132
4.0 5.200000000000001 2.6000000000000005 -4.368687357010348 0.4997969708570027 1263.4739908992215
4.0 5.200000000000001 2.8 -8.007058954366263 0.921048493918164 1260.2128388868782
4.0 5.200000000000001 3.0 -10.338958749378513 1.198660469103885 1255.4005072261875
4.0 5.200000000000001 3.2 -11.041066660383013 1.291447208559282 1249.8241900860507
4.0 5.200000000000001 3.4000000000000004 -10.06845819222224 1.18770644701921 1244.3506054283594
4.0 5.200000000000001 3.6000000000000005 -7.6236426723867705 0.9055525533864517 1239.786795784524
4.0 5.200000000000001 3.8 -4.096928697525787 0.4888364016548269 1236.7748964462317
4.0 5.200000000000001 4.0 -3.616838292762184e-14 -1.1425050080712e-15 1235.7242069054803
4.0 5.200000000000001 4.2 4.096928697525787 -0.4888364016548963 1236.7748964462314
4.0 5.200000000000001 4.4 7.623642672386493 -0.9055525533858966 1239.786795784524
4.0 5.200000000000001 4.6 10.068458192221685 -1.187706447018655 1244.3506054283598
4.0 5.200000000000001 4.800000000000001 11.041066660382736 -1.2914472085598372 1249.8241900860512
4.0 5.200000000000001 5.0 10.338958749377403 -1.198660469103885 1255.4005072261868
4.0 5.200000000000001 5.200000000000001 8.007058954365709 -0.921048493918164 1260.2128388868778
4.0 5.200000000000001 5.4 4.368687357009793 -0.4997969708570027 1263.4739908992215
4.0 5.4 2.6000000000000005 -4.369258053485425 1.077884102884119 1264.1733716993313
4.0 5.4 2.8 -8.00802201314843 1.9853026777028049 1260.7433711065946
4.0 5.4 3.0 -10.340043846532309 2.5816503425768467 1255.6815157807512
4.0 5.4 3.2 -11.042028253439584 2.7789709811296137 1249.815633168102
4.0 5.4 3.4000000000000004 -10.069157386952687 2.5534843006258523 1244.057491722582
4.0 5.4 3.6000000000000005 -7.624059116777409 1.9454520715250778 1239.2562581084774
4.0 5.4 3.8 -4.097112222305049 1.049692682695974 1236.0876207973354
4.0 5.4 4.0 -3.2181217395526985e-14 -1.674736689394469e-15 1234.982248482747
4.0 5.4 4.2 4.097112222304494 -1.0496926826958353 1236.0876207973356
4.0 5.4 4.4 7.624059116776299 -1.945452071524939 1239.2562581084776
4.0 5.4 4.6 10.069157386952131 -2.5534843006258523 1244.0574917225815
4.0 5.4 4.800000000000001 11.042028253439584 -2.778970981130169 1249.8156331681018
4.0 5.4 5.0 10.340043846531199 -2.5816503425768467 1255.6815157807512
4.0 5.4 5.200000000000001 8.00802201314732 -1.9853026777028049 1260.7433711065946
4.0 5.4 5.4 4.36925805348487 -1.077884102884119 1264.1733716993313
4.0 5.6 2.6000000000000005 -4.370068801564098 1.8259879865351047 1265.4592935769242
4.0 5.6 2.8 -8.00935261229152 3.359877859791527 1261.716605126571
4.0 5.6 3.0 -10.341465167092444 4.3628365156911375 1256.1941755296143
4.0 5.6 3.2 -11.043177266426007 4.688581724192342 1249.7960240440996
4.0 5.6 3.4000000000000004 -10.069873030752184 4.301298992576974 1243.517086518755
4.0 5.6 3.6000000000000005 -7.6243900612749105 3.272785714927562 1238.283004166594
4.0 5.6 3.8 -4.097214870206825 1.7643575833145575 1234.8294443747066
4.0 5.6 4.0 -2.9093381970298455e-14 -1.9754230759610486e-15 1233.6248215400885
4.0 5.6 4.2 4.097214870206686 -1.764357583314488 1234.8294443747066
4.0 5.6 4.4 7.6243900612749105 -3.2727857149270068 1238.283004166594
4.0 5.6 4.6 10.06987303075163 -4.301298992577252 1243.5170865187545
4.0 5.6 4.800000000000001 11.04317726642462 -4.688581724191787 1249.7960240441002
4.0 5.6 5.0 10.341465167092444 -4.362836515691693 1256.1941755296143
4.0 5.6 5.200000000000001 8.00935261229041 -3.359877859792082 1261.7166051265704
4.0 5.6 5.4 4.370068801565208 -1.8259879865351047 1265.4592935769242
4.0 5.800000000000001 2.6000000000000005 -4.370948268265784 2.8656745200122957 1267.5332495591229
4.0 5.800000000000001 2.8 -8.0107047277006 5.264561289543002 1263.2802196357507
4.0 5.800000000000001 3.0 -10.342715732906681 6.8204019310358355 1257.0102196451521
4.0 5.800000000000001 3.2 -11.043898254169681 7.310607896189591 1249.754095644988
4.0 5.800000000000001 3.4000000000000004 -10.069978450835126 6.6900313805023925 1242.6416957133172
4.0 5.800000000000001 3.6000000000000005 -7.62411987141165 5.079950689887563 1236.719316699215
4.0 5.800000000000001 3.8 -4.096945121987161 2.734961107610512 1232.8148350824079
4.0 5.800000000000001 4.0 -3.127541716487222e-14 -8.386768224701077e-15 1231.4535333161182
4.0 5.800000000000001 4.2 4.096945121987161 -2.734961107610512 1232.8148350824085
4.0 5.800000000000001 4.4 7.624119871411788 -5.079950689887702 1236.7193166992147
4.0 5.800000000000001 4.6 10.069978450834848 -6.690031380501837 1242.6416957133167
4.0 5.800000000000001 4.800000000000001 11.043898254169125 -7.310607896188481 1249.7540956449873
4.0 5.800000000000001 5.0 10.342715732903907 -6.820401931036946 1257.010219645151
4.0 5.800000000000001 5.200000000000001 8.01070472769949 -5.264561289543002 1263.280219635751
4.0 5.800000000000001 5.4 4.370948268265784 -2.8656745200122957 1267.5332495591235
4.0 6.0 2.6000000000000005 -4.371761039811406 4.371761039810851 1270.7238548664673
4.0 6.0 2.8 -8.01176874420273 8.011768744202174 1265.6713325375945
4.0 6.0 3.0 -10.343280880710237 10.343280880710791 1258.2402221362609
4.0 6.0 3.2 -11.043502897409018 11.043502897409018 1249.6656534935662
4.0 6.0 3.4000000000000004 -10.068724264482576 10.068724264482297 1241.2864293124528
4.0 6.0 3.6000000000000005 -7.622605781775343 7.622605781774788 1234.327933893702
4.0 6.0 3.8 -4.095931104452499 4.095931104452152 1229.7494936848188
4.0 6.0 4.0 -3.693807760419985e-14 -1.986402049421354e-14 1228.1548993248675
4.0 6.0 4.2 4.095931104452152 -4.095931104452361 1229.7494936848188
4.0 6.0 4.4 7.622605781774927 -7.62260578177576 1234.3279338937027
4.0 6.0 4.6 10.068724264482853 -10.068724264482297 1241.2864293124537
4.0 6.0 4.800000000000001 11.043502897409018 -11.043502897409018 1249.665653493565
4.0 6.0 5.0 10.343280880710237 -10.343280880710237 1258.2402221362597
4.0 6.0 5.200000000000001 8.011768744203284 -8.011768744202174 1265.6713325375952
4.0 6.0 5.4 4.371761039810851 -4.371761039811406 1270.7238548664673
4.0 6.200000000000001 2.6000000000000005 -4.37258124722284 6.609593484092069 1275.5450183033252
4.0 6.200000000000001 2.8 -8.012558835581162 12.06774566994362 1269.2517394766505
4.0 6.200000000000001 3.0 -10.34295582006517 15.498340113197505 1260.041953798359
4.0 6.200000000000001 3.2 -11.041508097078822 16.45299809358125 1249.4795390287593
4.0 6.200000000000001 3.4000000000000004 -10.065442973494765 14.920784024482769 1239.220798597683
4.0 6.200000000000001 3.6000000000000005 -7.6192039815337065 11.247704860553458 1230.7465235391849
4.0 6.200000000000001 3.8 -4.093778989218699 6.0272954813388875 1225.192229300633
4.0 6.200000000000001 4.0 -3.79436123470003e-14 -1.719599924501273e-14 1223.2616711072135
4.0 6.200000000000001 4.2 4.0937789892182135 -6.0272954813388875 1225.1922293006328
4.0 6.200000000000001 4.4 7.619203981533151 -11.247704860553181 1230.7465235391849
4.0 6.200000000000001 4.6 10.065442973495596 -14.920784024483323 1239.2207985976834
4.0 6.200000000000001 4.800000000000001 11.041508097078822 -16.452998093581805 1249.4795390287593
4.0 6.200000000000001 5.0 10.34295582006628 -15.498340113197505 1260.0419537983578
4.0 6.200000000000001 5.200000000000001 8.012558835580052 -12.06774566994362 1269.25173947665
4.0 6.200000000000001 5.4 4.37258124722284 -6.609593484092624 1275.5450183033256
4.0 6.4 2.6000000000000005 -4.374040663647216 9.999509099659631 1282.791600536411
4.0 6.4 2.8 -8.013978378793585 18.152904726673746 1274.5600791667
4.0 6.4 3.0 -10.342453530203798 23.132262172461115 1262.6254745598985
4.0 6.4 3.2 -11.038154402218114 24.3534832187689 1249.0880974048514
4.0 6.4 3.4000000000000004 -10.05991960417868 21.91832638650082 1236.081136079425
4.0 6.4 3.6000000000000005 -7.613493205102101 16.424161078142095 1225.4344453505582
4.0 6.4 3.8 -4.0901744542363305 8.767895187573107 1218.5017888242653
4.0 6.4 4.0 -3.394099831287484e-14 -1.0711970131413296e-14 1216.1003083621897
4.0 6.4 4.2 4.090174454236401 -8.76789518757283 1218.5017888242658
4.0 6.4 4.4 7.613493205102101 -16.424161078142372 1225.4344453505582
4.0 6.4 4.6 10.05991960417868 -21.91832638650082 1236.081136079425
4.0 6.4 4.800000000000001 11.03815440221756 -24.353483218768623 1249.088097404851
4.0 6.4 5.0 10.342453530204908 -23.132262172461115 1262.625474559898
4.0 6.4 5.200000000000001 8.013978378794695 -18.1529047266743 1274.5600791667
4.0 6.4 5.4 4.374040663647216 -9.999509099659075 1282.791600536411
4.2 3.6000000000000005 2.6000000000000005 -2.86891004986356 -9.996068393067214 1279.599078270917
4.2 3.6000000000000005 2.8 -5.26924694010833 -18.148038479193218 1272.1693775037618
4.2 3.6000000000000005 3.0 -6.824116385663603 -23.12862046949027 1261.398004330257
4.2 3.6000000000000005 3.2 -7.311727620056551 -24.35273733912474 1249.1796826995776
4.2 3.6000000000000005 3.4000000000000004 -6.68853642953493 -21.920363820690234 1237.4383299202088
4.2 3.6000000000000005 3.6000000000000005 -5.0772452790755205 -16.427373649186976 1227.8254382099599
4.2 3.6000000000000005 3.8 -2.732952574652503 -8.770203074400518 1221.5645874786169
4.2 3.6000000000000005 4.0 -2.1225476448155312e-14 -2.42441717942445e-15 1219.395534885808
4.2 3.6000000000000005 4.2 2.7329525746522254 8.77020307440017 1221.564587478617
4.2 3.6000000000000005 4.4 5.0772452790752425 16.42737364918656 1227.82543820996
4.2 3.6000000000000005 4.6 6.68853642953493 21.920363820689957 1237.438329920209
4.2 3.6000000000000005 4.800000000000001 7.311727620056551 24.35273733912557 1249.1796826995776
4.2 3.6000000000000005 5.0 6.8241163856641585 23.128620469490823 1261.398004330258
4.2 3.6000000000000005 5.200000000000001 5.269246940108885 18.148038479192664 1272.1693775037606
4.2 3.6000000000000005 5.4 2.868910049863005 9.996068393067214 1279.5990782709155
4.2 3.8 2.6000000000000005 -2.8667145100025326 -6.608132781809051 1272.353815631697
4.2 3.8 2.8 -5.266030415166378 -12.065828711794179 1266.8608392043795
4.2 3.8 3.0 -6.821470322157519 -15.497290649820194 1258.8128992226934
4.2 3.8 3.2 -7.310727565960906 -16.453613396899545 1249.569121840587
4.2 3.8 3.4000000000000004 -6.689228770617173 -14.922877704409975 1240.576733872369
4.2 3.8 3.6000000000000005 -5.078767996492816 -11.25024760379123 1233.137699053433
4.2 3.8 3.8 -2.734121701942829 -6.028999215155206 1228.2565512732403
4.2 3.8 4.0 -1.994738389224589e-14 1.378383816230459e-14 1226.5589593253196
4.2 3.8 4.2 2.7341217019428985 6.0289992151547205 1228.2565512732403
4.2 3.8 4.4 5.078767996492816 11.250247603791092 1233.137699053433
4.2 3.8 4.6 6.68922877061745 14.92287770440942 1240.5767338723701
4.2 3.8 4.800000000000001 7.310727565961461 16.45361339689899 1249.5691218405884
4.2 3.8 5.0 6.821470322156964 15.497290649819083 1258.8128992226923
4.2 3.8 5.200000000000001 5.266030415167489 12.065828711791958 1266.8608392043784
4.2 3.8 5.4 2.8667145100025326 6.608132781809606 1272.353815631697
4.2 4.0 2.6000000000000005 -2.8656745200122957 -4.370948268265784 1267.5332495591229
4.2 4.0 2.8 -5.264561289543002 -8.010704727701157 1263.2802196357507
4.2 4.0 3.0 -6.8204019310358355 -10.342715732905571 1257.0102196451514
4.2 4.0 3.2 -7.310607896189591 -11.043898254169681 1249.754095644988
4.2 4.0 3.4000000000000004 -6.6900313805021145 -10.069978450834848 1242.6416957133172
4.2 4.0 3.6000000000000005 -5.079950689887285 -7.624119871411372 1236.7193166992147
4.2 4.0 3.8 -2.734961107610442 -4.096945121987091 1232.8148350824083
4.2 4.0 4.0 -1.8934730208141797e-14 2.0345939037469598e-14 1231.4535333161182
4.2 4.0 4.2 2.734961107610512 4.096945121987439 1232.814835082408
4.2 4.0 4.4 5.079950689888118 7.62411987141165 1236.719316699215
4.2 4.0 4.6 6.690031380501837 10.069978450835126 1242.641695713317
4.2 4.0 4.800000000000001 7.310607896188481 11.043898254170236 1249.7540956449873
4.2 4.0 5.0 6.820401931036391 10.342715732905017 1257.010219645151
4.2 4.0 5.200000000000001 5.264561289543002 8.01070472769949 1263.280219635751
4.2 4.0 5.4 2.8656745200122957 4.370948268265784 1267.5332495591235
4.2 4.2 2.6000000000000005 -2.8650222717557794 -2.8650222717557794 1264.343110903996
4.2 4.2 2.8 -5.263614283255169 -5.263614283255169 1260.8890717397396
4.2 4.2 3.0 -6.819654608539172 -6.819654608538617 1255.779705696225
4.2 4.2 3.2 -7.31040193497845 -7.31040193497734 1249.8418591226578
4.2 4.2 3.4000000000000004 -6.690377536886782 -6.690377536886227 1243.9965122551273
4.2 4.2 3.6000000000000005 -5.080552275992661 -5.080552275992245 1239.1107323822807
4.2 4.2 3.8 -2.735405467697294 -2.735405467696808 1235.8806711446518
4.2 4.2 4.0 -2.5288790564589752e-14 7.459443377150667e-15 1234.752849569294
4.2 4.2 4.2 2.7354054676970163 2.7354054676974324 1235.8806711446518
4.2 4.2 4.4 5.080552275992106 5.080552275992661 1239.1107323822805
4.2 4.2 4.6 6.690377536886227 6.690377536886505 1243.9965122551287
4.2 4.2 4.800000000000001 7.310401934976785 7.310401934976785 1249.8418591226584
4.2 4.2 5.0 6.819654608539172 6.819654608539172 1255.7797056962215
4.2 4.2 5.200000000000001 5.263614283255169 5.263614283255169 1260.8890717397392
4.2 4.2 5.4 2.8650222717568896 2.8650222717568896 1264.3431109039975
4.2 4.4 2.6000000000000005 -2.8644959047136043 -1.8254006164347691 1262.2696352758678
4.2 4.4 2.8 -5.2627948367717226 -3.3589480204060385 1259.3255872989678
4.2 4.4 3.0 -6.818875994947238 -4.361917655545944 1254.9634319934294
4.2 4.4 3.2 -7.309920480664811 -4.687952986476007 1249.8833727166402
4.2 4.4 3.4000000000000004 -6.690256056447463 -4.301044914546137 1244.8715453723023
4.2 4.4 3.6000000000000005 -5.0806631327204865 -3.2727970912652116 1240.674288768404
4.2 4.4 3.8 -2.735537678643304 -1.764436576544015 1237.8953873584005
4.2 4.4 4.0 -2.889661057843088e-14 2.3725126522354617e-15 1236.9243442515124
4.2 4.4 4.2 2.7355376786431655 1.7644365765438763 1237.8953873584007
4.2 4.4 4.4 5.0806631327202085 3.272797091264795 1240.674288768404
4.2 4.4 4.6 6.690256056447185 4.301044914546137 1244.8715453723012
4.2 4.4 4.800000000000001 7.309920480665088 4.6879529864748966 1249.88337271664
4.2 4.4 5.0 6.818875994947238 4.361917655544834 1254.9634319934294
4.2 4.4 5.200000000000001 5.262794836771167 3.3589480204065936 1259.325587298969
4.2 4.4 5.4 2.864495904713049 1.825400616434214 1262.2696352758683
4.2 4.6 2.6000000000000005 -2.8640618982550547 -1.0774178460515316 1260.98416288359
4.2 4.6 2.8 -5.262083382166494 -1.984530724590261 1258.3525547006286
4.2 4.6 3.0 -6.818119350191498 -2.5808125995890885 1254.450700730155
4.2 4.6 3.2 -7.309316108869424 -2.778275725138779 1249.9027318636577
4.2 4.6 3.4000000000000004 -6.689890192161096 -2.5530313135591065 1245.411668150338
4.2 4.6 3.6000000000000005 -5.080504842961547 -1.945224841726767 1241.647340720283
4.2 4.6 3.8 -2.7354951718808196 -1.0496120032105205 1239.153468235917
4.2 4.6 4.0 -3.365491213607959e-14 -2.7684247511640577e-16 1238.281722722382
4.2 4.6 4.2 2.7354951718808196 1.0496120032103122 1239.1534682359165
4.2 4.6 4.4 5.080504842961269 1.9452248417264895 1241.6473407202827
4.2 4.6 4.6 6.689890192160541 2.5530313135585514 1245.4116681503388
4.2 4.6 4.800000000000001 7.309316108869424 2.778275725139334 1249.902731863657
4.2 4.6 5.0 6.818119350190943 2.5808125995890885 1254.4507007301534
4.2 4.6 5.200000000000001 5.262083382165383 1.984530724590261 1258.3525547006286
4.2 4.6 5.4 2.86406189825561 1.0774178460498662 1260.984162883591
4.2 4.800000000000001 2.6000000000000005 -2.863766830364378 -0.4995367175614218 1260.2851045512775
4.2 4.800000000000001 2.8 -5.261586401423268 -0.9206088669677648 1257.8221925454302
4.2 4.800000000000001 3.0 -6.817562226423823 -1.1981647323749955 1254.1696869928808
4.2 4.800000000000001 3.2 -7.3088276328109325 -1.2910081618122682 1249.9111540026702
4.2 4.800000000000001 3.4000000000000004 -6.689541836324142 -1.1873881347174153 1245.7045962557143
4.2 4.800000000000001 3.6000000000000005 -5.0803033293359 -0.9053640908093796 1242.1777080787526
4.2 4.800000000000001 3.8 -2.7354092408612276 -0.48875395131861565 1239.8406122001272
4.2 4.800000000000001 4.0 -3.504436284304997e-14 8.286342016903424e-16 1239.0235682579332
4.2 4.800000000000001 4.2 2.735409240861089 0.4887539513184769 1239.8406122001272
4.2 4.800000000000001 4.4 5.080303329335761 0.905364090809796 1242.1777080787522
4.2 4.800000000000001 4.6 6.689541836323587 1.1873881347171378 1245.704596255714
4.2 4.800000000000001 4.800000000000001 7.308827632811488 1.291008161811713 1249.9111540026704
4.2 4.800000000000001 5.0 6.817562226423268 1.1981647323755507 1254.1696869928803
4.2 4.800000000000001 5.200000000000001 5.261586401422713 0.9206088669683199 1257.8221925454297
4.2 4.800000000000001 5.4 2.8637668303649333 0.49953671756197693 1260.285104551278
4.2 5.0 2.6000000000000005 -2.8636617078120485 -0.0 1260.0635540166222
4.2 5.0 2.8 -5.261407323523537 -0.0 1257.653926685815
4.2 5.0 3.0 -6.8173572887664236 -5.551115123125783e-13 1254.0803014353105
4.2 5.0 3.2 -7.30864191229974 -0.0 1249.9135084613151
4.2 5.0 3.4000000000000004 -6.689402674313616 -0.0 1245.797312221341
4.2 5.0 3.6000000000000005 -5.080217378098106 -0.0 1242.3459749036815
4.2 5.0 3.8 -2.7353700189451655 -0.0 1240.0588323267264
4.2 5.0 4.0 -3.3902229935244575e-14 6.150528654122828e-16 1239.259230625019
4.2 5.0 4.2 2.735370018944888 -0.0 1240.0588323267264
4.2 5.0 4.4 5.080217378097689 -0.0 1242.3459749036815
4.2 5.0 4.6 6.689402674313616 -0.0 1245.7973122213407
4.2 5.0 4.800000000000001 7.30864191229974 -0.0 1249.9135084613156
4.2 5.0 5.0 6.8173572887664236 -5.551115123125783e-13 1254.0803014353098
4.2 5.0 5.200000000000001 5.261407323522982 -0.0 1257.653926685815
4.2 5.0 5.4 2.8636617078120485 -0.0 1260.0635540166227
4.2 5.200000000000001 2.6000000000000005 -2.863766830364378 0.4995367175614218 1260.2851045512775
4.2 5.200000000000001 2.8 -5.261586401423268 0.9206088669677648 1257.8221925454297
4.2 5.200000000000001 3.0 -6.817562226423823 1.1981647323749955 1254.1696869928808
4.2 5.200000000000001 3.2 -7.3088276328109325 1.2910081618122682 1249.9111540026709
4.2 5.200000000000001 3.4000000000000004 -6.689541836324142 1.1873881347171378 1245.7045962557143
4.2 5.200000000000001 3.6000000000000005 -5.0803033293359 0.9053640908095184 1242.1777080787526
4.2 5.200000000000001 3.8 -2.7354092408610198 0.48875395131854626 1239.8406122001272
4.2 5.200000000000001 4.0 -3.390208837020912e-14 7.218181995728318e-16 1239.0235682579332
4.2 5.200000000000001 4.2 2.735409240861089 -0.4887539513184769 1239.8406122001272
4.2 5.200000000000001 4.4 5.080303329335483 -0.905364090809796 1242.1777080787522
4.2 5.200000000000001 4.6 6.689541836323587 -1.1873881347171378 1245.704596255714
4.2 5.200000000000001 4.800000000000001 7.3088276328109325 -1.291008161811713 1249.91115400267
4.2 5.200000000000001 5.0 6.817562226423268 -1.1981647323755507 1254.1696869928803
4.2 5.200000000000001 5.200000000000001 5.261586401422713 -0.9206088669683199 1257.8221925454302
4.2 5.200000000000001 5.4 2.8637668303649333 -0.49953671756197693 1260.285104551278
4.2 5.4 2.6000000000000005 -2.8640618982550547 1.0774178460515316 1260.98416288359
4.2 5.4 2.8 -5.2620833821659385 1.984530724590261 1258.3525547006286
4.2 5.4 3.0 -6.818119350191498 2.5808125995896436 1254.450700730155
4.2 5.4 3.2 -7.3093161088688685 2.778275725138224 1249.9027318636574
4.2 5.4 3.4000000000000004 -6.689890192161096 2.553031313558829 1245.4116681503383
4.2 5.4 3.6000000000000005 -5.080504842961409 1.9452248417269058 1241.647340720283
4.2 5.4 3.8 -2.73549517188075 1.049612003210243 1239.1534682359168
4.2 5.4 4.0 -3.326119102161075e-14 1.3702741416088616e-15 1238.281722722382
4.2 5.4 4.2 2.7354951718806113 -1.0496120032103122 1239.1534682359165
4.2 5.4 4.4 5.080504842961269 -1.9452248417264895 1241.6473407202827
4.2 5.4 4.6 6.689890192160819 -2.5530313135585514 1245.4116681503388
4.2 5.4 4.800000000000001 7.309316108869424 -2.7782757251390566 1249.902731863657
4.2 5.4 5.0 6.818119350190388 -2.5808125995885334 1254.4507007301534
4.2 5.4 5.200000000000001 5.262083382165383 -1.984530724590261 1258.3525547006286
4.2 5.4 5.4 2.86406189825561 -1.0774178460498662 1260.984162883591
4.2 5.6 2.6000000000000005 -2.8644959047136043 1.8254006164347691 1262.2696352758678
4.2 5.6 2.8 -5.2627948367717226 3.3589480204065936 1259.3255872989678
4.2 5.6 3.0 -6.818875994947793 4.361917655544834 1254.9634319934287
4.2 5.6 3.2 -7.309920480664811 4.687952986476007 1249.88337271664
4.2 5.6 3.4000000000000004 -6.690256056447463 4.301044914546137 1244.871545372303
4.2 5.6 3.6000000000000005 -5.080663132720625 3.272797091264795 1240.674288768404
4.2 5.6 3.8 -2.735537678643304 1.7644365765440844 1237.8953873584005
4.2 5.6 4.0 -3.3095606545852406e-14 -3.249250407431179e-15 1236.9243442515126
4.2 5.6 4.2 2.7355376786430265 -1.7644365765438763 1237.8953873584007
4.2 5.6 4.4 5.080663132720347 -3.272797091264795 1240.674288768404
4.2 5.6 4.6 6.690256056447463 -4.30104491454586 1244.8715453723014
4.2 5.6 4.800000000000001 7.309920480665366 -4.687952986476007 1249.88337271664
4.2 5.6 5.0 6.818875994947238 -4.361917655545944 1254.9634319934291
4.2 5.6 5.200000000000001 5.262794836771167 -3.3589480204065936 1259.325587298969
4.2 5.6 5.4 2.864495904713049 -1.825400616434214 1262.2696352758683
4.2 5.800000000000001 2.6000000000000005 -2.8650222717557794 2.8650222717557794 1264.3431109039964
4.2 5.800000000000001 2.8 -5.263614283255169 5.263614283255169 1260.8890717397385
4.2 5.800000000000001 3.0 -6.819654608538617 6.819654608539172 1255.7797056962245
4.2 5.800000000000001 3.2 -7.31040193497845 7.31040193497845 1249.8418591226587
4.2 5.800000000000001 3.4000000000000004 -6.690377536886505 6.690377536886505 1243.996512255127
4.2 5.800000000000001 3.6000000000000005 -5.080552275992661 5.080552275992106 1239.1107323822812
4.2 5.800000000000001 3.8 -2.7354054676970856 2.7354054676970856 1235.880671144652
4.2 5.800000000000001 4.0 -4.060568040107986e-14 -1.3691248261753192e-14 1234.752849569294
4.2 5.800000000000001 4.2 2.7354054676970163 -2.7354054676974324 1235.8806711446518
4.2 5.800000000000001 4.4 5.08055227599169 -5.0805522759928 1239.1107323822807
4.2 5.800000000000001 4.6 6.690377536886227 -6.69037753688595 1243.9965122551275
4.2 5.800000000000001 4.800000000000001 7.31040193497734 -7.310401934977062 1249.841859122657
4.2 5.800000000000001 5.0 6.819654608539172 -6.819654608539172 1255.7797056962227
4.2 5.800000000000001 5.200000000000001 5.263614283255169 -5.263614283254614 1260.8890717397403
4.2 5.800000000000001 5.4 2.8650222717568896 -2.8650222717568896 1264.3431109039975
4.2 6.0 2.6000000000000005 -2.865674520012851 4.370948268265784 1267.5332495591229
4.2 6.0 2.8 -5.264561289543002 8.0107047277006 1263.280219635751
4.2 6.0 3.0 -6.8204019310358355 10.342715732906681 1257.0102196451521
4.2 6.0 3.2 -7.310607896189591 11.043898254169681 1249.7540956449873
4.2 6.0 3.4000000000000004 -6.6900313805023925 10.06997845083568 1242.6416957133167
4.2 6.0 3.6000000000000005 -5.079950689887563 7.624119871411788 1236.7193166992147
4.2 6.0 3.8 -2.734961107610581 4.096945121987091 1232.814835082408
4.2 6.0 4.0 -4.3688822292416896e-14 -2.294910635797037e-14 1231.4535333161182
4.2 6.0 4.2 2.734961107610512 -4.0969451219873 1232.814835082408
4.2 6.0 4.4 5.079950689887702 -7.624119871411927 1236.7193166992154
4.2 6.0 4.6 6.690031380501837 -10.069978450834848 1242.6416957133172
4.2 6.0 4.800000000000001 7.310607896187926 -11.043898254169681 1249.7540956449868
4.2 6.0 5.0 6.820401931036946 -10.342715732903907 1257.0102196451514
4.2 6.0 5.200000000000001 5.264561289543002 -8.010704727700046 1263.280219635751
4.2 6.0 5.4 2.865674520012851 -4.370948268265784 1267.5332495591229
4.2 6.200000000000001 2.6000000000000005 -2.8667145100025326 6.608132781809051 1272.353815631697
4.2 6.200000000000001 2.8 -5.266030415165823 12.065828711793625 1266.8608392043795
4.2 6.200000000000001 3.0 -6.821470322156964 15.49729064981964 1258.8128992226934
4.2 6.200000000000001 3.2 -7.310727565960906 16.45361339689899 1249.5691218405877
4.2 6.200000000000001 3.4000000000000004 -6.689228770616895 14.922877704409698 1240.576733872369
4.2 6.200000000000001 3.6000000000000005 -5.078767996492816 11.25024760379123 1233.1376990534325
4.2 6.200000000000001 3.8 -2.73412170194276 6.028999215154859 1228.2565512732401
4.2 6.200000000000001 4.0 -4.492288470974956e-14 -1.693603267579596e-14 1226.5589593253198
4.2 6.200000000000001 4.2 2.7341217019428985 -6.0289992151547205 1228.25655127324
4.2 6.200000000000001 4.4 5.078767996492955 -11.250247603790951 1233.1376990534332
4.2 6.200000000000001 4.6 6.689228770617173 -14.922877704410253 1240.5767338723697
4.2 6.200000000000001 4.800000000000001 7.310727565960906 -16.453613396899545 1249.569121840588
4.2 6.200000000000001 5.0 6.821470322156964 -15.497290649819083 1258.8128992226923
4.2 6.200000000000001 5.200000000000001 5.266030415166378 -12.065828711792514 1266.8608392043784
4.2 6.200000000000001 5.4 2.8667145100030877 -6.608132781809606 1272.3538156316977
4.2 6.4 2.6000000000000005 -2.868910049863005 9.996068393067214 1279.5990782709166
4.2 6.4 2.8 -5.269246940107775 18.148038479192106 1272.1693775037618
4.2 6.4 3.0 -6.824116385663048 23.12862046949027 1261.3980043302574
4.2 6.4 3.2 -7.311727620056551 24.35273733912474 1249.1796826995774
4.2 6.4 3.4000000000000004 -6.68853642953493 21.920363820689403 1237.4383299202088
4.2 6.4 3.6000000000000005 -5.0772452790755205 16.42737364918642 1227.8254382099599
4.2 6.4 3.8 -2.7329525746525722 8.770203074400587 1221.5645874786169
4.2 6.4 4.0 -4.244682315995052e-14 -1.897658336618041e-15 1219.3955348858085
4.2 6.4 4.2 2.7329525746522947 -8.770203074400309 1221.564587478617
4.2 6.4 4.4 5.077245279075104 -16.42737364918656 1227.8254382099599
4.2 6.4 4.6 6.68853642953493 -21.92036382069051 1237.4383299202086
4.2 6.4 4.800000000000001 7.311727620056829 -24.352737339125017 1249.1796826995778
4.2 6.4 5.0 6.824116385664714 -23.128620469491377 1261.3980043302586
4.2 6.4 5.200000000000001 5.269246940108885 -18.148038479192106 1272.1693775037606
4.2 6.4 5.4 2.868910049863005 -9.996068393067214 1279.5990782709155
4.4 3.6000000000000005 2.6000000000000005 -1.829412565609867 -9.99217803388297 1277.5223535963032
4.4 3.6000000000000005 2.8 -3.3653713177805855 -18.141860018411336 1270.6048728309
4.4 3.6000000000000005 3.0 -4.368457670976822 -23.122390394890722 1260.5829938799498
4.4 3.6000000000000005 3.2 -4.692786696920137 -24.348166541544867 1249.2236773609795
4.4 3.6000000000000005 3.4000000000000004 -4.303541239913944 -21.917999208339587 1238.315618420406
4.4 3.6000000000000005 3.6000000000000005 -3.273485713104901 -16.426693223649675 1229.3900292054407
4.4 3.6000000000000005 3.8 -1.7643815375881915 -8.770224473729632 1223.5790341033407
4.4 3.6000000000000005 4.0 -1.6837926371210182e-14 -4.752998662787705e-15 1221.5662135114942
4.4 3.6000000000000005 4.2 1.7643815375878447 8.770224473729632 1223.579034103341
4.4 3.6000000000000005 4.4 3.2734857131047623 16.426693223649952 1229.390029205441
4.4 3.6000000000000005 4.6 4.303541239913111 21.917999208339864 1238.3156184204065
4.4 3.6000000000000005 4.800000000000001 4.692786696920137 24.348166541545424 1249.2236773609807
4.4 3.6000000000000005 5.0 4.368457670976267 23.122390394890722 1260.582993879951
4.4 3.6000000000000005 5.200000000000001 3.3653713177800304 18.141860018411894 1270.6048728308983
4.4 3.6000000000000005 5.4 1.829412565609867 9.992178033883524 1277.5223535963014
4.4 3.8 2.6000000000000005 -1.827090831215128 -6.60635795424136 1270.2789878881592
4.4 3.8 2.8 -3.361630734958765 -12.063060019378845 1265.2969836644957
4.4 3.8 3.0 -4.364589541919206 -15.494625658570293 1257.9972566475637
4.4 3.8 3.2 -4.689822987206105 -16.45187836971429 1249.6117805802999
4.4 3.8 3.4000000000000004 -4.301865978428576 -14.922278975450231 1241.4527581671512
4.4 3.8 3.6000000000000005 -3.272857845899729 -11.250410271365501 1234.701630607859
4.4 3.8 3.8 -1.7642694762264044 -6.029304014297034 1230.2709972971256
4.4 3.8 4.0 -1.7250019927901905e-14 1.0444206765364282e-14 1228.7299145110994
4.4 3.8 4.2 1.7642694762264737 6.029304014297174 1230.270997297126
4.4 3.8 4.4 3.272857845899868 11.250410271365778 1234.701630607859
4.4 3.8 4.6 4.301865978429131 14.922278975450231 1241.4527581671518
4.4 3.8 4.800000000000001 4.68982298720555 16.451878369713736 1249.6117805802992
4.4 3.8 5.0 4.364589541918651 15.494625658569738 1257.9972566475633
4.4 3.8 5.200000000000001 3.3616307349582097 12.06306001937718 1265.296983664496
4.4 3.8 5.4 1.827090831215128 6.606357954241915 1270.2789878881588
4.4 4.0 2.6000000000000005 -1.8259879865356599 -4.370068801564098 1265.4592935769242
4.4 4.0 2.8 -3.359877859791527 -8.00935261229152 1261.716605126571
4.4 4.0 3.0 -4.3628365156911375 -10.34146516709189 1256.1941755296143
4.4 4.0 3.2 -4.688581724191787 -11.043177266426563 1249.7960240440996
4.4 4.0 3.4000000000000004 -4.301298992576974 -10.069873030751907 1243.517086518755
4.4 4.0 3.6000000000000005 -3.2727857149271453 -7.6243900612746325 1238.283004166594
4.4 4.0 3.8 -1.7643575833143492 -4.097214870206617 1234.8294443747063
4.4 4.0 4.0 -2.392834356381962e-14 1.7701459825594704e-14 1233.6248215400885
4.4 4.0 4.2 1.764357583314488 4.097214870206408 1234.8294443747068
4.4 4.0 4.4 3.272785714927562 7.624390061274216 1238.283004166594
4.4 4.0 4.6 4.301298992577252 10.06987303075163 1243.5170865187545
4.4 4.0 4.800000000000001 4.688581724191787 11.043177266424342 1249.7960240441002
4.4 4.0 5.0 4.362836515691693 10.341465167092444 1256.1941755296143
4.4 4.0 5.200000000000001 3.359877859792082 8.00935261229041 1261.7166051265704
4.4 4.0 5.4 1.8259879865351047 4.370068801565208 1265.4592935769242
4.4 4.2 2.6000000000000005 -1.8254006164347691 -2.8644959047136043 1262.2696352758678
4.4 4.2 2.8 -3.3589480204060385 -5.2627948367717226 1259.3255872989678
4.4 4.2 3.0 -4.361917655545944 -6.818875994947238 1254.9634319934287
4.4 4.2 3.2 -4.687952986476007 -7.309920480664811 1249.88337271664
4.4 4.2 3.4000000000000004 -4.301044914546137 -6.690256056447463 1244.871545372303
4.4 4.2 3.6000000000000005 -3.27279709126535 -5.080663132720625 1240.674288768404
4.4 4.2 3.8 -1.7644365765442231 -2.7355376786431655 1237.8953873584003
4.4 4.2 4.0 -2.5821030599294798e-14 5.834070162534635e-15 1236.9243442515124
4.4 4.2 4.2 1.7644365765438763 2.735537678643235 1237.8953873584003
4.4 4.2 4.4 3.272797091264795 5.0806631327202085 1240.6742887684043
4.4 4.2 4.6 4.30104491454586 6.690256056447463 1244.8715453723019
4.4 4.2 4.800000000000001 4.6879529864748966 7.309920480665088 1249.88337271664
4.4 4.2 5.0 4.361917655544834 6.818875994947238 1254.9634319934294
4.4 4.2 5.200000000000001 3.3589480204065936 5.262794836771167 1259.325587298969
4.4 4.2 5.4 1.825400616434214 2.864495904713049 1262.2696352758683
4.4 4.4 2.6000000000000005 -1.82502761303438 -1.82502761303438 1260.1964987401525
4.4 4.4 2.8 -3.3583469587022963 -3.3583469587028514 1257.7622250363374
4.4 4.4 3.0 -4.361301257343464 -4.361301257344019 1254.1470498857211
4.4 4.4 3.2 -4.6874958980833155 -4.68749589808276 1249.9246439825995
4.4 4.4 3.4000000000000004 -4.300811647851843 -4.300811647851566 1245.746343866699
4.4 4.4 3.6000000000000005 -3.2727382818961703 -3.272738281896309 1242.2377225443984
4.4 4.4 3.8 -1.7644472874983608 -1.7644472874981525 1239.910107507427
4.4 4.4 4.0 -2.65506346992211e-14 5.960273754299408e-16 1239.095896897375
4.4 4.4 4.2 1.7644472874978057 1.7644472874982913 1239.910107507427
4.4 4.4 4.4 3.2727382818960313 3.2727382818967254 1242.2377225443981
4.4 4.4 4.6 4.300811647851566 4.300811647851288 1245.7463438666994
4.4 4.4 4.800000000000001 4.687495898084426 4.687495898084426 1249.9246439826
4.4 4.4 5.0 4.361301257343464 4.361301257343464 1254.1470498857204
4.4 4.4 5.200000000000001 3.3583469587022963 3.3583469587022963 1257.7622250363363
4.4 4.4 5.4 1.825027613033825 1.825027613033825 1260.1964987401532
4.4 4.6 2.6000000000000005 -1.8247671402010779 -1.077155028534893 1258.911288317165
4.4 4.6 2.8 -3.357915864833916 -1.9840942423543506 1256.7893136546581
4.4 4.6 3.0 -4.360834365143007 -2.5803365740534323 1253.6342830540489
4.4 4.6 3.2 -4.6871109573701215 -2.777878133275735 1249.9438623261324
4.4 4.6 3.4000000000000004 -4.300564654095007 -2.552770080502531 1246.2863029884895
4.4 4.6 3.6000000000000005 -3.2726183332065784 -1.9450922681403526 1243.2106531287575
4.4 4.6 3.8 -1.7644069583545168 -1.049564244913828 1241.1681256402965
4.4 4.6 4.0 -2.2949803420815654e-14 -6.196127091451622e-16 1240.4532388265088
4.4 4.6 4.2 1.7644069583545168 1.0495642449137588 1241.168125640297
4.4 4.6 4.4 3.272618333206856 1.9450922681403526 1243.2106531287573
4.4 4.6 4.6 4.300564654094729 2.552770080501976 1246.2863029884895
4.4 4.6 4.800000000000001 4.6871109573701215 2.7778781332760127 1249.9438623261321
4.4 4.6 5.0 4.360834365143007 2.580336574052877 1253.6342830540473
4.4 4.6 5.200000000000001 3.357915864833916 1.9840942423543506 1256.7893136546593
4.4 4.6 5.4 1.824767140201633 1.0771550285360032 1258.911288317166
4.4 4.800000000000001 2.6000000000000005 -1.8246036376112773 -0.4993967804139965 1258.2124044977982
4.4 4.800000000000001 2.8 -3.3576397700252336 -0.9203724352752074 1256.2590434908188
4.4 4.800000000000001 3.0 -4.360523744702527 -1.1978984076788102 1253.3532659947998
4.4 4.800000000000001 3.2 -4.686837388439835 -1.290773011990154 1249.9522104761504
4.4 4.800000000000001 3.4000000000000004 -4.3003685939468905 -1.1872189291717294 1246.5791297318344
4.4 4.800000000000001 3.6000000000000005 -3.2725043528725184 -0.9052650885231495 1243.740928379987
4.4 4.800000000000001 3.8 -1.7643581448427426 -0.48871124871917304 1241.8551997755674
4.4 4.800000000000001 4.0 -2.6817070233990972e-14 5.969344426528285e-16 1241.1950253872026
4.4 4.800000000000001 4.2 1.7643581448427426 0.4887112487189649 1241.8551997755674
4.4 4.800000000000001 4.4 3.2725043528723794 0.9052650885223168 1243.7409283799864
4.4 4.800000000000001 4.6 4.300368593947168 1.1872189291717294 1246.5791297318349
4.4 4.800000000000001 4.800000000000001 4.686837388440945 1.290773011990154 1249.9522104761509
4.4 4.800000000000001 5.0 4.360523744702527 1.1978984076793653 1253.3532659947987
4.4 4.800000000000001 5.200000000000001 3.3576397700252336 0.9203724352757625 1256.2590434908193
4.4 4.800000000000001 5.4 1.8246036376118324 0.4993967804134414 1258.2124044977988
4.4 5.0 2.6000000000000005 -1.8245470599115299 -0.0 1257.9909158818896
4.4 5.0 2.8 -3.35754332216609 -0.0 1256.0908120273932
4.4 5.0 3.0 -4.360413307779587 -0.0 1253.263882477334
4.4 5.0 3.2 -4.686737329203383 -0.0 1249.9545418046396
4.4 5.0 3.4000000000000004 -4.300293824621437 -0.0 1246.6718109119565
4.4 5.0 3.6000000000000005 -3.2724583450802203 -0.0 1243.90916080921
4.4 5.0 3.8 -1.764337252537565 6.938893903907228e-14 1242.0733907288197
4.4 5.0 4.0 -2.7085469604728422e-14 3.4197851228213817e-16 1241.4306613239469
4.4 5.0 4.2 1.7643372525377037 -0.0 1242.0733907288193
4.4 5.0 4.4 3.2724583450798037 -2.7755575615628914e-13 1243.90916080921
4.4 5.0 4.6 4.300293824621437 -0.0 1246.6718109119574
4.4 5.0 4.800000000000001 4.686737329203938 -0.0 1249.9545418046398
4.4 5.0 5.0 4.360413307779032 -0.0 1253.2638824773328
4.4 5.0 5.200000000000001 3.35754332216609 -0.0 1256.0908120273932
4.4 5.0 5.4 1.8245470599115299 -0.0 1257.9909158818903
4.4 5.200000000000001 2.6000000000000005 -1.8246036376112773 0.4993967804139965 1258.2124044977982
4.4 5.200000000000001 2.8 -3.3576397700246785 0.9203724352757625 1256.2590434908188
4.4 5.200000000000001 3.0 -4.360523744701972 1.1978984076788102 1253.3532659947998
4.4 5.200000000000001 3.2 -4.686837388439835 1.290773011990154 1249.9522104761504
4.4 5.200000000000001 3.4000000000000004 -4.3003685939468905 1.1872189291717294 1246.5791297318344
4.4 5.200000000000001 3.6000000000000005 -3.272504352872657 0.9052650885231495 1243.740928379987
4.4 5.200000000000001 3.8 -1.7643581448427426 0.48871124871924243 1241.8551997755674
4.4 5.200000000000001 4.0 -2.724218474947977e-14 -5.014660944373767e-16 1241.1950253872026
4.4 5.200000000000001 4.2 1.7643581448426038 -0.48871124871917304 1241.8551997755671
4.4 5.200000000000001 4.4 3.272504352872102 -0.9052650885223168 1243.7409283799864
4.4 5.200000000000001 4.6 4.300368593947168 -1.1872189291714519 1246.5791297318353
4.4 5.200000000000001 4.800000000000001 4.686837388440668 -1.290773011990154 1249.9522104761509
4.4 5.200000000000001 5.0 4.360523744702527 -1.1978984076799204 1253.3532659947987
4.4 5.200000000000001 5.200000000000001 3.3576397700252336 -0.9203724352757625 1256.2590434908193
4.4 5.200000000000001 5.4 1.8246036376118324 -0.4993967804134414 1258.2124044977988
4.4 5.4 2.6000000000000005 -1.8247671402010779 1.077155028534893 1258.9112883171654
4.4 5.4 2.8 -3.357915864833916 1.9840942423543506 1256.7893136546581
4.4 5.4 3.0 -4.360834365143007 2.580336574052877 1253.6342830540484
4.4 5.4 3.2 -4.687110957369566 2.777878133275735 1249.9438623261324
4.4 5.4 3.4000000000000004 -4.300564654094729 2.552770080502531 1246.2863029884895
4.4 5.4 3.6000000000000005 -3.272618333206717 1.9450922681403526 1243.2106531287575
4.4 5.4 3.8 -1.764406958354378 1.0495642449136893 1241.1681256402965
4.4 5.4 4.0 -2.8135696494146345e-14 -8.682548650377557e-16 1240.4532388265086
4.4 5.4 4.2 1.764406958354378 -1.0495642449138975 1241.168125640297
4.4 5.4 4.4 3.272618333206856 -1.945092268140075 1243.2106531287577
4.4 5.4 4.6 4.300564654094729 -2.552770080501976 1246.2863029884895
4.4 5.4 4.800000000000001 4.6871109573701215 -2.777878133275735 1249.9438623261312
4.4 5.4 5.0 4.360834365143007 -2.580336574052877 1253.6342830540473
4.4 5.4 5.200000000000001 3.357915864833916 -1.9840942423543506 1256.7893136546597
4.4 5.4 5.4 1.824767140201633 -1.0771550285360032 1258.911288317166
4.4 5.6 2.6000000000000005 -1.82502761303438 1.82502761303438 1260.1964987401525
4.4 5.6 2.8 -3.3583469587022963 3.3583469587022963 1257.7622250363368
4.4 5.6 3.0 -4.361301257344019 4.361301257344019 1254.1470498857211
4.4 5.6 3.2 -4.68749589808276 4.68749589808276 1249.9246439826
4.4 5.6 3.4000000000000004 -4.300811647851566 4.300811647851566 1245.746343866699
4.4 5.6 3.6000000000000005 -3.2727382818965864 3.272738281896309 1242.2377225443981
4.4 5.6 3.8 -1.7644472874980832 1.764447287498222 1239.910107507427
4.4 5.6 4.0 -3.734843143019975e-14 -9.319912455430162e-15 1239.0958968973748
4.4 5.6 4.2 1.7644472874978057 -1.7644472874980832 1239.910107507427
4.4 5.6 4.4 3.2727382818960313 -3.2727382818965864 1242.2377225443984
4.4 5.6 4.6 4.300811647851566 -4.300811647851843 1245.7463438666996
4.4 5.6 4.800000000000001 4.687495898084149 -4.687495898083871 1249.9246439826
4.4 5.6 5.0 4.361301257343464 -4.361301257342909 1254.1470498857202
4.4 5.6 5.200000000000001 3.3583469587022963 -3.3583469587022963 1257.7622250363363
4.4 5.6 5.4 1.8250276130332699 -1.825027613033825 1260.1964987401532
4.4 5.800000000000001 2.6000000000000005 -1.8254006164347691 2.864495904713049 1262.2696352758678
4.4 5.800000000000001 2.8 -3.3589480204065936 5.2627948367717226 1259.3255872989678
4.4 5.800000000000001 3.0 -4.3619176555442785 6.818875994947793 1254.9634319934287
4.4 5.800000000000001 3.2 -4.687952986476007 7.309920480664811 1249.88337271664
4.4 5.800000000000001 3.4000000000000004 -4.30104491454586 6.690256056447463 1244.871545372303
4.4 5.800000000000001 3.6000000000000005 -3.2727970912650726 5.080663132720625 1240.6742887684043
4.4 5.800000000000001 3.8 -1.7644365765442231 2.735537678643235 1237.8953873584003
4.4 5.800000000000001 4.0 -4.4398453635822716e-14 -1.897998397126557e-14 1236.9243442515124
4.4 5.800000000000001 4.2 1.7644365765438763 -2.7355376786430265 1237.8953873584005
4.4 5.800000000000001 4.4 3.272797091264795 -5.080663132720347 1240.674288768404
4.4 5.800000000000001 4.6 4.301044914545582 -6.690256056447463 1244.8715453723023
4.4 5.800000000000001 4.800000000000001 4.687952986475452 -7.309920480665921 1249.8833727166402
4.4 5.800000000000001 5.0 4.361917655545944 -6.818875994947238 1254.9634319934287
4.4 5.800000000000001 5.200000000000001 3.3589480204065936 -5.262794836771167 1259.325587298969
4.4 5.800000000000001 5.4 1.825400616434214 -2.864495904712494 1262.2696352758683
4.4 6.0 2.6000000000000005 -1.8259879865351047 4.370068801564098 1265.4592935769242
4.4 6.0 2.8 -3.359877859791527 8.00935261229152 1261.7166051265715
4.4 6.0 3.0 -4.362836515691693 10.341465167092444 1256.1941755296143
4.4 6.0 3.2 -4.688581724192342 11.043177266426563 1249.7960240440996
4.4 6.0 3.4000000000000004 -4.301298992576974 10.069873030751907 1243.517086518755
4.4 6.0 3.6000000000000005 -3.2727857149271453 7.6243900612746325 1238.283004166594
4.4 6.0 3.8 -1.7643575833143492 4.097214870206478 1234.8294443747063
4.4 6.0 4.0 -4.784471097192935e-14 -2.4181224802883237e-14 1233.6248215400885
4.4 6.0 4.2 1.764357583314488 -4.097214870206478 1234.8294443747066
4.4 6.0 4.4 3.272785714927423 -7.624390061274494 1238.283004166594
4.4 6.0 4.6 4.3012989925766965 -10.069873030751353 1243.517086518754
4.4 6.0 4.800000000000001 4.688581724190676 -11.043177266425452 1249.7960240441002
4.4 6.0 5.0 4.362836515691693 -10.341465167092444 1256.1941755296148
4.4 6.0 5.200000000000001 3.359877859791527 -8.009352612290964 1261.716605126571
4.4 6.0 5.4 1.8259879865356599 -4.370068801565208 1265.4592935769242
4.4 6.200000000000001 2.6000000000000005 -1.827090831215683 6.606357954241915 1270.2789878881592
4.4 6.200000000000001 2.8 -3.3616307349582097 12.063060019378845 1265.296983664496
4.4 6.200000000000001 3.0 -4.364589541919761 15.494625658570293 1257.9972566475637
4.4 6.200000000000001 3.2 -4.689822987206105 16.45187836971429 1249.6117805802994
4.4 6.200000000000001 3.4000000000000004 -4.301865978429131 14.922278975450231 1241.4527581671512
4.4 6.200000000000001 3.6000000000000005 -3.272857845899868 11.250410271365501 1234.701630607859
4.4 6.200000000000001 3.8 -1.7642694762264737 6.029304014296896 1230.2709972971256
4.4 6.200000000000001 4.0 -4.649676414320973e-14 -1.5954000112546353e-14 1228.7299145110994
4.4 6.200000000000001 4.2 1.7642694762264044 -6.029304014297104 1230.2709972971259
4.4 6.200000000000001 4.4 3.272857845899868 -11.250410271365778 1234.701630607859
4.4 6.200000000000001 4.6 4.301865978428021 -14.922278975450231 1241.4527581671514
4.4 6.200000000000001 4.800000000000001 4.689822987206105 -16.4518783697129 1249.6117805802992
4.4 6.200000000000001 5.0 4.364589541918651 -15.494625658569738 1257.9972566475633
4.4 6.200000000000001 5.200000000000001 3.361630734958765 -12.063060019377735 1265.296983664496
4.4 6.200000000000001 5.4 1.827090831215128 -6.60635795424247 1270.2789878881592
4.4 6.4 2.6000000000000005 -1.829412565609867 9.992178033883524 1277.5223535963032
4.4 6.4 2.8 -3.3653713177800304 18.14186001841078 1270.6048728309
4.4 6.4 3.0 -4.368457670977377 23.122390394890168 1260.5829938799498
4.4 6.4 3.2 -4.6927866969198595 24.348166541545144 1249.2236773609795
4.4 6.4 3.4000000000000004 -4.303541239913666 21.917999208339587 1238.315618420406
4.4 6.4 3.6000000000000005 -3.2734857131046233 16.426693223649536 1229.3900292054407
4.4 6.4 3.8 -1.764381537587914 8.770224473729632 1223.5790341033407
4.4 6.4 4.0 -4.267504881424517e-14 2.9370311657790953e-15 1221.5662135114947
4.4 6.4 4.2 1.7643815375878447 -8.770224473729701 1223.5790341033407
4.4 6.4 4.4 3.2734857131047623 -16.42669322365009 1229.3900292054407
4.4 6.4 4.6 4.303541239913111 -21.91799920834014 1238.315618420407
4.4 6.4 4.800000000000001 4.692786696920137 -24.348166541544867 1249.2236773609807
4.4 6.4 5.0 4.368457670976267 -23.122390394890168 1260.58299387995
4.4 6.4 5.200000000000001 3.3653713177800304 -18.141860018411336 1270.6048728308983
4.4 6.4 5.4 1.829412565609867 -9.992178033883524 1277.522353596302
4.6 3.6000000000000005 2.6000000000000005 -1.0806839398436185 -9.988739963916471 1276.2337069531366
4.6 3.6000000000000005 2.8 -1.9899724841832 -18.136161632393843 1269.6303323983948
4.6 3.6000000000000005 3.0 -2.586811660499899 -23.116139697939573 1260.0705889511173
4.6 3.6000000000000005 3.2 -2.783421358656113 -24.34281101691138 1249.2445991306406
4.6 3.6000000000000005 3.4000000000000004 -2.5566017788464235 -21.914259004893466 1238.857630904024
4.6 3.6000000000000005 3.6000000000000005 -1.9472225009160848 -16.424565539526895 1230.3645979122857
4.6 3.6000000000000005 3.8 -1.0504356575256195 -8.769326784928213 1224.8380731917218
4.6 3.6000000000000005 4.0 -1.3920648888153738e-14 -5.049772406913349e-15 1222.9242979609842
4.6 3.6000000000000005 4.2 1.0504356575256195 8.769326784927866 1224.838073191722
4.6 3.6000000000000005 4.4 1.9472225009162236 16.424565539527034 1230.3645979122853
4.6 3.6000000000000005 4.6 2.556601778846146 21.914259004893466 1238.8576309040245
4.6 3.6000000000000005 4.800000000000001 2.7834213586558354 24.34281101691138 1249.2445991306408
4.6 3.6000000000000005 5.0 2.586811660498789 23.116139697940685 1260.070588951118
4.6 3.6000000000000005 5.200000000000001 1.9899724841820898 18.13616163239329 1269.6303323983943
4.6 3.6000000000000005 5.4 1.0806839398430634 9.98873996391536 1276.2337069531354
4.6 3.8 2.6000000000000005 -1.0787992906058363 -6.604708202734844 1268.9921848967383
4.6 3.8 2.8 -1.9868243825155174 -12.060335253805121 1264.3233404936755
4.6 3.8 3.0 -2.5833190173030207 -15.49166949453451 1257.484706970446
4.6 3.8 3.2 -2.7803863311817723 -16.449408424171196 1249.6318454040777
4.6 3.8 3.4000000000000004 -2.5544461520884965 -14.920635457073006 1241.9936990136753
4.6 3.8 3.6000000000000005 -1.945972230615045 -11.249547605613474 1235.675295555635
4.6 3.8 3.8 -1.0498981758914199 -6.028975260881364 1231.52940911914
4.6 3.8 4.0 -1.279072609366127e-14 6.693420969695152e-15 1230.0874982777725
4.6 3.8 4.2 1.0498981758911423 6.028975260881364 1231.5294091191402
4.6 3.8 4.4 1.9459722306149063 11.249547605613891 1235.6752955556353
4.6 3.8 4.6 2.554446152088219 14.92063545707356 1241.9936990136757
4.6 3.8 4.800000000000001 2.780386331181217 16.44940842417064 1249.631845404078
4.6 3.8 5.0 2.583319017303576 15.49166949453451 1257.484706970445
4.6 3.8 5.200000000000001 1.9868243825149623 12.060335253804011 1264.3233404936748
4.6 3.8 5.4 1.0787992906052812 6.604708202734844 1268.9921848967388
4.6 4.0 2.6000000000000005 -1.077884102884119 -4.369258053485425 1264.1733716993313
4.6 4.0 2.8 -1.9853026777028049 -8.00802201314843 1260.743371106595
4.6 4.0 3.0 -2.5816503425768467 -10.340043846532309 1255.6815157807512
4.6 4.0 3.2 -2.7789709811296137 -11.042028253439584 1249.815633168102
4.6 4.0 3.4000000000000004 -2.5534843006258523 -10.069157386952408 1244.0574917225817
4.6 4.0 3.6000000000000005 -1.9454520715250778 -7.624059116776993 1239.2562581084774
4.6 4.0 3.8 -1.049692682695974 -4.097112222304911 1236.0876207973354
4.6 4.0 4.0 -1.5760483109853572e-14 1.1774928366076707e-14 1234.982248482747
4.6 4.0 4.2 1.0496926826959045 4.097112222304841 1236.0876207973358
4.6 4.0 4.4 1.9454520715248003 7.624059116776577 1239.2562581084776
4.6 4.0 4.6 2.5534843006258523 10.069157386951854 1244.0574917225813
4.6 4.0 4.800000000000001 2.7789709811296137 11.042028253439584 1249.8156331681018
4.6 4.0 5.0 2.5816503425768467 10.340043846531199 1255.6815157807512
4.6 4.0 5.200000000000001 1.9853026777028049 8.008022013147874 1260.7433711065946
4.6 4.0 5.4 1.077884102884119 4.36925805348487 1264.1733716993313
4.6 4.2 2.6000000000000005 -1.0774178460515316 -2.8640618982544996 1260.98416288359
4.6 4.2 2.8 -1.984530724590261 -5.2620833821659385 1258.3525547006286
4.6 4.2 3.0 -2.5808125995896436 -6.818119350190943 1254.450700730155
4.6 4.2 3.2 -2.778275725138224 -7.3093161088688685 1249.9027318636577
4.6 4.2 3.4000000000000004 -2.553031313558829 -6.689890192161096 1245.4116681503378
4.6 4.2 3.6000000000000005 -1.9452248417270446 -5.080504842961269 1241.6473407202827
4.6 4.2 3.8 -1.0496120032103817 -2.7354951718808196 1239.153468235917
4.6 4.2 4.0 -2.2200196401007232e-14 4.837152241749186e-15 1238.2817227223823
4.6 4.2 4.2 1.0496120032105898 2.73549517188075 1239.1534682359168
4.6 4.2 4.4 1.9452248417271834 5.080504842961131 1241.6473407202825
4.6 4.2 4.6 2.5530313135585514 6.689890192160819 1245.4116681503388
4.6 4.2 4.800000000000001 2.778275725139334 7.309316108869424 1249.9027318636574
4.6 4.2 5.0 2.5808125995879783 6.818119350190943 1254.4507007301534
4.6 4.2 5.200000000000001 1.984530724590261 5.262083382165383 1258.3525547006286
4.6 4.2 5.4 1.0774178460498662 2.86406189825561 1260.984162883591
4.6 4.4 2.6000000000000005 -1.077155028534893 -1.8247671402010779 1258.9112883171654
4.6 4.4 2.8 -1.9840942423543506 -3.357915864833916 1256.7893136546586
4.6 4.4 3.0 -2.5803365740534323 -4.360834365143007 1253.6342830540484
4.6 4.4 3.2 -2.777878133275735 -4.6871109573701215 1249.943862326132
4.6 4.4 3.4000000000000004 -2.552770080502531 -4.300564654095007 1246.2863029884895
4.6 4.4 3.6000000000000005 -1.9450922681403526 -3.2726183332064394 1243.2106531287575
4.6 4.4 3.8 -1.049564244913828 -1.7644069583543087 1241.1681256402965
4.6 4.4 4.0 -2.0515414558941433e-14 5.2437398307146065e-15 1240.4532388265086
4.6 4.4 4.2 1.049564244913828 1.7644069583545168 1241.168125640297
4.6 4.4 4.4 1.9450922681403526 3.272618333206856 1243.2106531287577
4.6 4.4 4.6 2.5527700805016984 4.300564654095007 1246.2863029884895
4.6 4.4 4.800000000000001 2.7778781332760127 4.6871109573701215 1249.943862326132
4.6 4.4 5.0 2.580336574052877 4.360834365143007 1253.6342830540473
4.6 4.4 5.200000000000001 1.9840942423543506 3.357915864833916 1256.7893136546593
4.6 4.4 5.4 1.0771550285360032 1.824767140201633 1258.911288317166
4.6 4.6 2.6000000000000005 -1.0769938706284288 -1.0769938706284288 1257.626247018756
4.6 4.6 2.8 -1.9838235359126433 -1.9838235359131984 1255.8164874756865
4.6 4.6 3.0 -2.5800350869475963 -2.5800350869481514 1253.1215056376188
4.6 4.6 3.2 -2.7776172154952983 -2.7776172154952983 1249.9630015747057
4.6 4.6 3.4000000000000004 -2.552588259654154 -2.552588259654154 1246.8261607745017
4.6 4.6 3.6000000000000005 -1.944990912703115 -1.944990912703115 1244.1834984160234
4.6 4.6 3.8 -1.0495228605549023 -1.0495228605549023 1242.4260865691235
4.6 4.6 4.0 -1.9490271789154014e-14 -5.432780098862752e-16 1241.810536639091
4.6 4.6 4.2 1.049522860555041 1.0495228605552491 1242.4260865691235
4.6 4.6 4.4 1.9449909127028375 1.9449909127028375 1244.183498416023
4.6 4.6 4.6 2.5525882596544314 2.552588259654154 1246.8261607745021
4.6 4.6 4.800000000000001 2.777617215495576 2.7776172154958534 1249.9630015747055
4.6 4.6 5.0 2.5800350869487065 2.5800350869481514 1253.121505637617
4.6 4.6 5.200000000000001 1.9838235359131984 1.9838235359131984 1255.8164874756872
4.6 4.6 5.4 1.0769938706278737 1.0769938706278737 1257.626247018757
4.6 4.800000000000001 2.6000000000000005 -1.0769010184580319 -0.4993166372718738 1256.9274647812522
4.6 4.800000000000001 2.8 -1.983665739300755 -0.920236324299939 1255.286272438339
4.6 4.800000000000001 3.0 -2.5798553827099946 -1.1977436750115755 1252.8404893744662
4.6 4.800000000000001 3.2 -2.77745605810481 -1.2906345336455294 1249.9713091534259
4.6 4.800000000000001 3.4000000000000004 -2.552469564156834 -1.1871173052438455 1247.1189292912816
4.6 4.800000000000001 3.6000000000000005 -1.9449194205096998 -0.9052041026830215 1244.713718527857
4.6 4.800000000000001 3.8 -1.049491038929845 -0.4886842455016638 1243.1131165529996
4.6 4.800000000000001 4.0 -2.3409279857469172e-14 -3.3070319822224283e-15 1242.5522845476187
4.6 4.800000000000001 4.2 1.0494910389297063 0.4886842455016638 1243.1131165529998
4.6 4.800000000000001 4.4 1.944919420509561 0.905204102682744 1244.7137185278566
4.6 4.800000000000001 4.6 2.5524695641571116 1.1871173052438455 1247.1189292912825
4.6 4.800000000000001 4.800000000000001 2.77745605810481 1.2906345336455294 1249.9713091534259
4.6 4.800000000000001 5.0 2.5798553827088844 1.1977436750115755 1252.8404893744646
4.6 4.800000000000001 5.200000000000001 1.9836657393002 0.9202363243004941 1255.286272438339
4.6 4.800000000000001 5.4 1.0769010184574768 0.4993166372718738 1256.9274647812529
4.6 5.0 2.6000000000000005 -1.076870112032835 -0.0 1256.706010694456
4.6 5.0 2.8 -1.9836127923955615 5.551115123125783e-13 1255.118060437947
4.6 5.0 3.0 -2.5797943909677823 -0.0 1252.7511074282731
4.6 5.0 3.2 -2.7774002555641664 -0.0 1249.9736279444733
4.6 5.0 3.4000000000000004 -2.552427318764372 -0.0 1247.2115912054642
4.6 5.0 3.6000000000000005 -1.9448930268889386 -1.3877787807814457e-13 1244.8819314757654
4.6 5.0 3.8 -1.0494789120141927 -0.0 1243.3312906718065
4.6 5.0 4.0 -2.6362294683856325e-14 1.89938349923485e-16 1242.7879051300943
4.6 5.0 4.2 1.049478912014401 -1.3877787807814457e-13 1243.3312906718063
4.6 5.0 4.4 1.9448930268892162 -2.7755575615628914e-13 1244.8819314757652
4.6 5.0 4.6 2.552427318764372 -0.0 1247.2115912054649
4.6 5.0 4.800000000000001 2.7774002555636113 -2.7755575615628914e-13 1249.973627944473
4.6 5.0 5.0 2.579794390967227 -5.551115123125783e-13 1252.751107428272
4.6 5.0 5.200000000000001 1.9836127923950064 -0.0 1255.1180604379474
4.6 5.0 5.4 1.07687011203228 -0.0 1256.7060106944566
4.6 5.200000000000001 2.6000000000000005 -1.0769010184580319 0.4993166372718738 1256.9274647812529
4.6 5.200000000000001 2.8 -1.9836657393002 0.920236324299939 1255.286272438339
4.6 5.200000000000001 3.0 -2.5798553827094395 1.1977436750115755 1252.8404893744657
4.6 5.200000000000001 3.2 -2.77745605810481 1.2906345336460845 1249.9713091534259
4.6 5.200000000000001 3.4000000000000004 -2.552469564156834 1.1871173052438455 1247.1189292912816
4.6 5.200000000000001 3.6000000000000005 -1.9449194205096998 0.9052041026830215 1244.713718527857
4.6 5.200000000000001 3.8 -1.0494910389299839 0.48868424550173317 1243.1131165529998
4.6 5.200000000000001 4.0 -2.5705910967093755e-14 -3.284086898450901e-16 1242.5522845476185
4.6 5.200000000000001 4.2 1.0494910389297756 -0.48868424550180256 1243.1131165529996
4.6 5.200000000000001 4.4 1.9449194205099773 -0.905204102682744 1244.7137185278566
4.6 5.200000000000001 4.6 2.5524695641571116 -1.1871173052438455 1247.1189292912825
4.6 5.200000000000001 4.800000000000001 2.77745605810481 -1.2906345336455294 1249.9713091534254
4.6 5.200000000000001 5.0 2.5798553827094395 -1.1977436750115755 1252.8404893744648
4.6 5.200000000000001 5.200000000000001 1.9836657393002 -0.9202363243004941 1255.2862724383394
4.6 5.200000000000001 5.4 1.0769010184574768 -0.4993166372718738 1256.9274647812529
4.6 5.4 2.6000000000000005 -1.0769938706284288 1.0769938706284288 1257.626247018756
4.6 5.4 2.8 -1.9838235359126433 1.9838235359126433 1255.8164874756865
4.6 5.4 3.0 -2.5800350869475963 2.5800350869475963 1253.1215056376193
4.6 5.4 3.2 -2.7776172154952983 2.7776172154952983 1249.9630015747057
4.6 5.4 3.4000000000000004 -2.552588259654154 2.552588259654154 1246.826160774501
4.6 5.4 3.6000000000000005 -1.9449909127032539 1.9449909127029763 1244.1834984160234
4.6 5.4 3.8 -1.0495228605549023 1.0495228605549023 1242.4260865691235
4.6 5.4 4.0 -2.711888136084763e-14 -8.735972539111121e-15 1241.810536639091
4.6 5.4 4.2 1.0495228605551103 -1.0495228605551103 1242.4260865691235
4.6 5.4 4.4 1.9449909127028375 -1.94499091270256 1244.1834984160232
4.6 5.4 4.6 2.552588259654154 -2.552588259654154 1246.8261607745021
4.6 5.4 4.800000000000001 2.7776172154958534 -2.777617215495576 1249.9630015747055
4.6 5.4 5.0 2.5800350869481514 -2.5800350869475963 1253.121505637617
4.6 5.4 5.200000000000001 1.9838235359131984 -1.9838235359131984 1255.8164874756872
4.6 5.4 5.4 1.0769938706278737 -1.0769938706284288 1257.626247018757
4.6 5.6 2.6000000000000005 -1.077155028535448 1.8247671402010779 1258.9112883171654
4.6 5.6 2.8 -1.9840942423543506 3.357915864833916 1256.7893136546581
4.6 5.6 3.0 -2.580336574052877 4.360834365143562 1253.6342830540484
4.6 5.6 3.2 -2.777878133275735 4.687110957369566 1249.9438623261324
4.6 5.6 3.4000000000000004 -2.552770080502531 4.300564654095007 1246.286302988489
4.6 5.6 3.6000000000000005 -1.9450922681403526 3.2726183332064394 1243.2106531287575
4.6 5.6 3.8 -1.0495642449136893 1.7644069583542392 1241.168125640297
4.6 5.6 4.0 -3.363599234975346e-14 -1.951200754910755e-14 1240.4532388265086
4.6 5.6 4.2 1.0495642449137588 -1.764406958354378 1241.168125640297
4.6 5.6 4.4 1.9450922681403526 -3.272618333206856 1243.2106531287577
4.6 5.6 4.6 2.552770080501976 -4.300564654095007 1246.2863029884895
4.6 5.6 4.800000000000001 2.777878133275735 -4.687110957370677 1249.943862326132
4.6 5.6 5.0 2.580336574052877 -4.360834365143007 1253.6342830540473
4.6 5.6 5.200000000000001 1.9840942423543506 -3.357915864833916 1256.7893136546586
4.6 5.6 5.4 1.0771550285360032 -1.824767140201633 1258.911288317166
4.6 5.800000000000001 2.6000000000000005 -1.0774178460509765 2.8640618982550547 1260.98416288359
4.6 5.800000000000001 2.8 -1.984530724590261 5.2620833821659385 1258.352554700629
4.6 5.800000000000001 3.0 -2.5808125995890885 6.818119350191498 1254.450700730155
4.6 5.800000000000001 3.2 -2.778275725138224 7.3093161088688685 1249.902731863657
4.6 5.800000000000001 3.4000000000000004 -2.553031313558829 6.689890192161096 1245.4116681503378
4.6 5.800000000000001 3.6000000000000005 -1.9452248417269058 5.080504842961547 1241.6473407202827
4.6 5.800000000000001 3.8 -1.0496120032105205 2.7354951718808196 1239.153468235917
4.6 5.800000000000001 4.0 -3.96862705033299e-14 -2.4187527803482785e-14 1238.2817227223823
4.6 5.800000000000001 4.2 1.049612003210451 -2.73549517188075 1239.1534682359168
4.6 5.800000000000001 4.4 1.9452248417270446 -5.080504842961409 1241.6473407202825
4.6 5.800000000000001 4.6 2.553031313558829 -6.689890192160819 1245.4116681503383
4.6 5.800000000000001 4.800000000000001 2.778275725138779 -7.309316108870534 1249.9027318636574
4.6 5.800000000000001 5.0 2.5808125995879783 -6.818119350190943 1254.4507007301538
4.6 5.800000000000001 5.200000000000001 1.984530724590261 -5.262083382165383 1258.3525547006286
4.6 5.800000000000001 5.4 1.0774178460498662 -2.8640618982544996 1260.984162883591
4.6 6.0 2.6000000000000005 -1.077884102883564 4.36925805348487 1264.1733716993313
4.6 6.0 2.8 -1.9853026777028049 8.008022013148985 1260.7433711065946
4.6 6.0 3.0 -2.5816503425768467 10.340043846531199 1255.6815157807512
4.6 6.0 3.2 -2.778970981128781 11.042028253439584 1249.815633168102
4.6 6.0 3.4000000000000004 -2.5534843006258523 10.069157386952408 1244.0574917225817
4.6 6.0 3.6000000000000005 -1.9454520715253554 7.624059116776993 1239.2562581084774
4.6 6.0 3.8 -1.0496926826959045 4.097112222304841 1236.0876207973354
4.6 6.0 4.0 -4.2204662372025666e-14 -2.504741686535739e-14 1234.982248482747
4.6 6.0 4.2 1.0496926826958353 -4.097112222304772 1236.0876207973356
4.6 6.0 4.4 1.945452071524939 -7.624059116776854 1239.2562581084776
4.6 6.0 4.6 2.5534843006258523 -10.069157386952408 1244.0574917225804
4.6 6.0 4.800000000000001 2.7789709811296137 -11.042028253439028 1249.8156331681018
4.6 6.0 5.0 2.5816503425768467 -10.340043846531199 1255.6815157807523
4.6 6.0 5.200000000000001 1.9853026777028049 -8.008022013147874 1260.743371106595
4.6 6.0 5.4 1.077884102883564 -4.36925805348487 1264.1733716993313
4.6 6.200000000000001 2.6000000000000005 -1.0787992906058363 6.6047082027342885 1268.9921848967388
4.6 6.200000000000001 2.8 -1.9868243825160725 12.060335253805121 1264.3233404936755
4.6 6.200000000000001 3.0 -2.583319017303576 15.491669494533955 1257.4847069704456
4.6 6.200000000000001 3.2 -2.7803863311817723 16.449408424171473 1249.6318454040784
4.6 6.200000000000001 3.4000000000000004 -2.5544461520884965 14.920635457073006 1241.9936990136753
4.6 6.200000000000001 3.6000000000000005 -1.945972230615045 11.249547605613751 1235.675295555635
4.6 6.200000000000001 3.8 -1.0498981758913506 6.028975260881294 1231.52940911914
4.6 6.200000000000001 4.0 -4.007910147663184e-14 -1.1766370518111786e-14 1230.0874982777725
4.6 6.200000000000001 4.2 1.049898175891281 -6.028975260881364 1231.52940911914
4.6 6.200000000000001 4.4 1.9459722306147675 -11.249547605613612 1235.6752955556349
4.6 6.200000000000001 4.6 2.5544461520884965 -14.920635457073837 1241.993699013676
4.6 6.200000000000001 4.800000000000001 2.7803863311814947 -16.449408424170088 1249.6318454040786
4.6 6.200000000000001 5.0 2.583319017303576 -15.49166949453451 1257.484706970445
4.6 6.200000000000001 5.200000000000001 1.9868243825155174 -12.060335253804011 1264.3233404936748
4.6 6.200000000000001 5.4 1.0787992906052812 -6.604708202735399 1268.9921848967388
4.6 6.4 2.6000000000000005 -1.0806839398436185 9.988739963917581 1276.2337069531366
4.6 6.4 2.8 -1.9899724841832 18.13616163239273 1269.6303323983943
4.6 6.4 3.0 -2.586811660499899 23.116139697940127 1260.0705889511175
4.6 6.4 3.2 -2.7834213586558354 24.34281101691138 1249.244599130641
4.6 6.4 3.4000000000000004 -2.5566017788464235 21.914259004893186 1238.857630904024
4.6 6.4 3.6000000000000005 -1.947222500915946 16.424565539526757 1230.3645979122857
4.6 6.4 3.8 -1.0504356575256195 8.769326784928351 1224.8380731917216
4.6 6.4 4.0 -3.41894703717835e-14 9.993546916353745e-15 1222.9242979609844
4.6 6.4 4.2 1.0504356575254115 -8.769326784928005 1224.838073191722
4.6 6.4 4.4 1.9472225009163624 -16.424565539526895 1230.364597912285
4.6 6.4 4.6 2.556601778846146 -21.91425900489291 1238.857630904024
4.6 6.4 4.800000000000001 2.783421358655558 -24.34281101691138 1249.244599130641
4.6 6.4 5.0 2.586811660498789 -23.116139697940685 1260.0705889511185
4.6 6.4 5.200000000000001 1.989972484182645 -18.13616163239329 1269.6303323983943
4.6 6.4 5.4 1.0806839398430634 -9.98873996391536 1276.2337069531354
4.800000000000001 3.6000000000000005 2.6000000000000005 -0.5013576256518437 -9.986415515516045 1275.53238111212
4.800000000000001 3.6000000000000005 2.8 -0.9236943000723308 -18.132235291006825 1269.0987451102437
4.800000000000001 3.6000000000000005 3.0 -1.2016731830521987 -23.1116830274497 1259.7895450054768
4.800000000000001 3.6000000000000005 3.2 -1.2941710781796956 -24.33878242319609 1249.253887242633
4.800000000000001 3.6000000000000005 3.4000000000000004 -1.1897528741458552 -21.911218611730952 1239.1518172781462
4.800000000000001 3.6000000000000005 3.6000000000000005 -0.9068275565711492 -16.422653540701102 1230.8961953267615
4.800000000000001 3.6000000000000005 3.8 -0.4894246119224732 -8.768435399073223 1225.526256604257
4.800000000000001 3.6000000000000005 4.0 -1.3788916398668087e-14 -2.7183461043896062e-15 1223.6670848265455
4.800000000000001 3.6000000000000005 4.2 0.4894246119227508 8.768435399073084 1225.5262566042572
4.800000000000001 3.6000000000000005 4.4 0.9068275565708717 16.42265354070124 1230.8961953267615
4.800000000000001 3.6000000000000005 4.6 1.1897528741458552 21.911218611730952 1239.1518172781462
4.800000000000001 3.6000000000000005 4.800000000000001 1.2941710781799731 24.33878242319609 1249.2538872426333
4.800000000000001 3.6000000000000005 5.0 1.2016731830521987 23.11168302745026 1259.789545005477
4.800000000000001 3.6000000000000005 5.200000000000001 0.9236943000728859 18.132235291006825 1269.0987451102426
4.800000000000001 3.6000000000000005 5.4 0.5013576256512886 9.986415515515489 1275.5323811121193
4.800000000000001 3.8 2.6000000000000005 -0.5003126212216324 -6.60355811728186 1268.2921635056437
4.800000000000001 3.8 2.8 -0.9219219732992112 -12.05839021289845 1263.7924639377984
4.800000000000001 3.8 3.0 -1.1996519738088907 -15.48946434064724 1257.2036946988976
4.800000000000001 3.8 3.2 -1.2923371860359967 -16.44742799218779 1249.6406534455145
4.800000000000001 3.8 3.4000000000000004 -1.1883664851600195 -14.91916149722966 1242.2871722677178
4.800000000000001 3.8 3.6000000000000005 -0.9059563356950129 -11.248639841974494 1236.206178584056
4.800000000000001 3.8 3.8 -0.4890192582153452 -6.028561039467389 1232.2169695277407
4.800000000000001 3.8 4.0 -1.1149448205967731e-14 8.604372543664448e-15 1230.829710862882
4.800000000000001 3.8 4.2 0.48901925821562275 6.0285610394674585 1232.216969527741
4.800000000000001 3.8 4.4 0.9059563356947353 11.248639841974356 1236.206178584056
4.800000000000001 3.8 4.6 1.188366485159742 14.919161497229938 1242.287172267718
4.800000000000001 3.8 4.800000000000001 1.2923371860359967 16.447427992187514 1249.6406534455145
4.800000000000001 3.8 5.0 1.1996519738083355 15.489464340647796 1257.203694698897
4.800000000000001 3.8 5.200000000000001 0.9219219732997663 12.058390212897896 1263.7924639377977
4.800000000000001 3.8 5.4 0.5003126212216324 6.6035581172829705 1268.2921635056437
4.800000000000001 4.0 2.6000000000000005 -0.4997969708564476 -4.368687357009793 1263.4739908992215
4.800000000000001 4.0 2.8 -0.921048493918164 -8.007058954366263 1260.2128388868782
4.800000000000001 4.0 3.0 -1.198660469103885 -10.338958749378513 1255.4005072261875
4.800000000000001 4.0 3.2 -1.2914472085598372 -11.041066660383013 1249.8241900860507
4.800000000000001 4.0 3.4000000000000004 -1.1877064470189325 -10.06845819222224 1244.3506054283594
4.800000000000001 4.0 3.6000000000000005 -0.9055525533863129 -7.623642672386632 1239.7867957845237
4.800000000000001 4.0 3.8 -0.48883640165496567 -4.096928697525579 1236.7748964462314
4.800000000000001 4.0 4.0 -1.3275991615766763e-14 8.291989518248742e-15 1235.7242069054805
4.800000000000001 4.0 4.2 0.48883640165510445 4.096928697525856 1236.7748964462317
4.800000000000001 4.0 4.4 0.9055525533852027 7.623642672386493 1239.786795784524
4.800000000000001 4.0 4.6 1.1877064470189325 10.068458192221962 1244.3506054283591
4.800000000000001 4.0 4.800000000000001 1.2914472085598372 11.041066660382459 1249.8241900860512
4.800000000000001 4.0 5.0 1.198660469103885 10.338958749376847 1255.4005072261875
4.800000000000001 4.0 5.200000000000001 0.921048493918164 8.007058954365709 1260.2128388868778
4.800000000000001 4.0 5.4 0.4997969708570027 4.368687357009793 1263.4739908992215
4.800000000000001 4.2 2.6000000000000005 -0.4995367175614218 -2.863766830364378 1260.2851045512775
4.800000000000001 4.2 2.8 -0.9206088669677648 -5.261586401423268 1257.8221925454297
4.800000000000001 4.2 3.0 -1.1981647323755507 -6.817562226423823 1254.1696869928808
4.800000000000001 4.2 3.2 -1.2910081618122682 -7.3088276328109325 1249.9111540026709
4.800000000000001 4.2 3.4000000000000004 -1.1873881347174153 -6.689541836324142 1245.7045962557143
4.800000000000001 4.2 3.6000000000000005 -0.9053640908093796 -5.0803033293359 1242.1777080787526
4.800000000000001 4.2 3.8 -0.4887539513184075 -2.7354092408610198 1239.8406122001272
4.800000000000001 4.2 4.0 -1.6120757175202272e-14 1.079138713446774e-15 1239.0235682579334
4.800000000000001 4.2 4.2 0.48875395131854626 2.7354092408611583 1239.8406122001275
4.800000000000001 4.2 4.4 0.9053640908096572 5.080303329335761 1242.1777080787522
4.800000000000001 4.2 4.6 1.1873881347174153 6.6895418363233095 1245.704596255714
4.800000000000001 4.2 4.800000000000001 1.291008161811713 7.308827632811488 1249.9111540026695
4.800000000000001 4.2 5.0 1.1981647323755507 6.817562226423268 1254.1696869928803
4.800000000000001 4.2 5.200000000000001 0.9206088669683199 5.261586401422713 1257.8221925454307
4.800000000000001 4.2 5.4 0.49953671756197693 2.8637668303649333 1260.285104551278
4.800000000000001 4.4 2.6000000000000005 -0.4993967804139965 -1.8246036376112773 1258.2124044977982
4.800000000000001 4.4 2.8 -0.9203724352757625 -3.3576397700252336 1256.2590434908188
4.800000000000001 4.4 3.0 -1.1978984076793653 -4.360523744701972 1253.3532659947998
4.800000000000001 4.4 3.2 -1.290773011990154 -4.686837388439835 1249.9522104761504
4.800000000000001 4.4 3.4000000000000004 -1.1872189291717294 -4.3003685939468905 1246.5791297318344
4.800000000000001 4.4 3.6000000000000005 -0.9052650885231495 -3.2725043528723794 1243.740928379987
4.800000000000001 4.4 3.8 -0.4887112487193118 -1.764358144842673 1241.8551997755674
4.800000000000001 4.4 4.0 -1.80684238090154e-14 3.3059519872831595e-15 1241.1950253872026
4.800000000000001 4.4 4.2 0.48871124871917304 1.7643581448427426 1241.8551997755674
4.800000000000001 4.4 4.4 0.9052650885223168 3.2725043528723794 1243.740928379986
4.800000000000001 4.4 4.6 1.1872189291714519 4.300368593947168 1246.5791297318349
4.800000000000001 4.4 4.800000000000001 1.290773011990154 4.686837388440668 1249.952210476151
4.800000000000001 4.4 5.0 1.1978984076793653 4.360523744704192 1253.3532659947987
4.800000000000001 4.4 5.200000000000001 0.9203724352757625 3.3576397700252336 1256.2590434908193
4.800000000000001 4.4 5.4 0.4993967804134414 1.8246036376118324 1258.2124044977988
4.800000000000001 4.6 2.6000000000000005 -0.4993166372718738 -1.0769010184580319 1256.9274647812522
4.800000000000001 4.6 2.8 -0.920236324299939 -1.983665739300755 1255.286272438339
4.800000000000001 4.6 3.0 -1.1977436750115755 -2.5798553827099946 1252.8404893744662
4.800000000000001 4.6 3.2 -1.290634533645807 -2.77745605810481 1249.9713091534259
4.800000000000001 4.6 3.4000000000000004 -1.1871173052438455 -2.552469564156834 1247.1189292912816
4.800000000000001 4.6 3.6000000000000005 -0.9052041026830215 -1.9449194205096998 1244.7137185278568
4.800000000000001 4.6 3.8 -0.4886842455016638 -1.049491038929845 1243.1131165529996
4.800000000000001 4.6 4.0 -2.1388344584873165e-14 -3.513478007672899e-15 1242.552284547619
4.800000000000001 4.6 4.2 0.488684245501525 1.0494910389296368 1243.1131165529998
4.800000000000001 4.6 4.4 0.905204102682744 1.944919420509561 1244.7137185278566
4.800000000000001 4.6 4.6 1.1871173052438455 2.552469564157389 1247.1189292912823
4.800000000000001 4.6 4.800000000000001 1.2906345336452518 2.77745605810481 1249.9713091534263
4.800000000000001 4.6 5.0 1.1977436750115755 2.5798553827088844 1252.8404893744648
4.800000000000001 4.6 5.200000000000001 0.9202363243004941 1.9836657393002 1255.2862724383383
4.800000000000001 4.6 5.4 0.4993166372718738 1.0769010184574768 1256.9274647812529
4.800000000000001 4.800000000000001 2.6000000000000005 -0.4992730218184027 -0.4992730218184027 1256.2287387584975
4.800000000000001 4.800000000000001 2.8 -0.9201616917581257 -0.9201616917581257 1254.7560891265668
4.800000000000001 4.800000000000001 3.0 -1.1976577116989962 -1.1976577116989962 1252.5594756759958
4.800000000000001 4.800000000000001 3.2 -1.290556052059022 -1.290556052059022 1249.9795962947035
4.800000000000001 4.800000000000001 3.4000000000000004 -1.1870579882819476 -1.1870579882819476 1247.4116663694294
4.800000000000001 4.800000000000001 3.6000000000000005 -0.905167202708973 -0.905167202708973 1245.2439069052139
4.800000000000001 4.800000000000001 3.8 -0.488667300178533 -0.4886673001784636 1243.800119196077
4.800000000000001 4.800000000000001 4.0 -2.1670123702867406e-14 -6.275088452049485e-15 1243.2940074650621
4.800000000000001 4.800000000000001 4.2 0.4886673001783248 0.4886673001783248 1243.8001191960768
4.800000000000001 4.800000000000001 4.4 0.9051672027088342 0.9051672027086954 1245.2439069052139
4.800000000000001 4.800000000000001 4.6 1.18705798828167 1.18705798828167 1247.4116663694301
4.800000000000001 4.800000000000001 4.800000000000001 1.290556052058467 1.2905560520581894 1249.9795962947026
4.800000000000001 4.800000000000001 5.0 1.197657711698441 1.197657711697886 1252.5594756759942
4.800000000000001 4.800000000000001 5.200000000000001 0.9201616917575706 0.9201616917575706 1254.756089126568
4.800000000000001 4.800000000000001 5.4 0.4992730218184027 0.4992730218178476 1256.2287387584986
4.800000000000001 5.0 2.6000000000000005 -0.49925888728652446 -0.0 1256.0073030894941
4.800000000000001 5.0 2.8 -0.920137438444879 5.551115123125783e-13 1254.5878877484583
4.800000000000001 5.0 3.0 -1.1976295178345309 5.551115123125783e-13 1252.4700950141653
4.800000000000001 5.0 3.2 -1.2905299594836994 -0.0 1249.981908876843
4.800000000000001 5.0 3.4000000000000004 -1.1870379519243746 -0.0 1247.5043181406318
4.800000000000001 5.0 3.6000000000000005 -0.9051544358452956 -0.0 1245.4121092159603
4.800000000000001 5.0 3.8 -0.48866131426093806 -6.938893903907228e-14 1244.0182837557086
4.800000000000001 5.0 4.0 -2.6013835540784448e-14 -1.954652597342445e-15 1243.5296191479754
4.800000000000001 5.0 4.2 0.48866131426100745 6.938893903907228e-14 1244.0182837557086
4.800000000000001 5.0 4.4 0.9051544358450181 1.3877787807814457e-13 1245.41210921596
4.800000000000001 5.0 4.6 1.1870379519243746 -0.0 1247.5043181406318
4.800000000000001 5.0 4.800000000000001 1.2905299594831443 -0.0 1249.9819088768427
4.800000000000001 5.0 5.0 1.1976295178339758 5.551115123125783e-13 1252.4700950141641
4.800000000000001 5.0 5.200000000000001 0.920137438444879 -0.0 1254.5878877484583
4.800000000000001 5.0 5.4 0.49925888728652446 -0.0 1256.0073030894953
4.800000000000001 5.200000000000001 2.6000000000000005 -0.4992730218184027 0.4992730218184027 1256.228738758498
4.800000000000001 5.200000000000001 2.8 -0.9201616917581257 0.9201616917586808 1254.7560891265673
4.800000000000001 5.200000000000001 3.0 -1.1976577116989962 1.1976577116989962 1252.5594756759951
4.800000000000001 5.200000000000001 3.2 -1.290556052059022 1.290556052059022 1249.979596294703
4.800000000000001 5.200000000000001 3.4000000000000004 -1.1870579882819476 1.1870579882819476 1247.4116663694294
4.800000000000001 5.200000000000001 3.6000000000000005 -0.9051672027088342 0.9051672027088342 1245.2439069052139
4.800000000000001 5.200000000000001 3.8 -0.488667300178533 0.488667300178533 1243.800119196077
4.800000000000001 5.200000000000001 4.0 -2.641631197315539e-14 -1.2580527714286783e-15 1243.2940074650621
4.800000000000001 5.200000000000001 4.2 0.4886673001784636 -0.4886673001784636 1243.800119196077
4.800000000000001 5.200000000000001 4.4 0.9051672027091118 -0.9051672027086954 1245.2439069052136
4.800000000000001 5.200000000000001 4.6 1.18705798828167 -1.18705798828167 1247.4116663694301
4.800000000000001 5.200000000000001 4.800000000000001 1.2905560520587445 -1.2905560520579118 1249.9795962947032
4.800000000000001 5.200000000000001 5.0 1.1976577116989962 -1.1976577116989962 1252.5594756759942
4.800000000000001 5.200000000000001 5.200000000000001 0.9201616917581257 -0.9201616917575706 1254.7560891265673
4.800000000000001 5.200000000000001 5.4 0.4992730218184027 -0.4992730218178476 1256.2287387584986
4.800000000000001 5.4 2.6000000000000005 -0.4993166372724289 1.0769010184574768 1256.9274647812529
4.800000000000001 5.4 2.8 -0.920236324299939 1.9836657393002 1255.286272438339
4.800000000000001 5.4 3.0 -1.1977436750110204 2.5798553827094395 1252.8404893744657
4.800000000000001 5.4 3.2 -1.2906345336460845 2.77745605810481 1249.9713091534259
4.800000000000001 5.4 3.4000000000000004 -1.187117305243568 2.552469564156834 1247.1189292912816
4.800000000000001 5.4 3.6000000000000005 -0.9052041026830215 1.9449194205096998 1244.713718527857
4.800000000000001 5.4 3.8 -0.48868424550180256 1.0494910389299839 1243.1131165529998
4.800000000000001 5.4 4.0 -2.6874836095255456e-14 -8.798336247697463e-15 1242.5522845476185
4.800000000000001 5.4 4.2 0.4886842455016638 -1.0494910389299144 1243.1131165529998
4.800000000000001 5.4 4.4 0.905204102682744 -1.9449194205096998 1244.7137185278566
4.800000000000001 5.4 4.6 1.1871173052438455 -2.5524695641571116 1247.1189292912825
4.800000000000001 5.4 4.800000000000001 1.2906345336452518 -2.77745605810481 1249.9713091534254
4.800000000000001 5.4 5.0 1.1977436750115755 -2.5798553827094395 1252.8404893744646
4.800000000000001 5.4 5.200000000000001 0.9202363243004941 -1.9836657393002 1255.2862724383394
4.800000000000001 5.4 5.4 0.4993166372718738 -1.0769010184574768 1256.9274647812529
4.800000000000001 5.6 2.6000000000000005 -0.4993967804145516 1.8246036376118324 1258.2124044977982
4.800000000000001 5.6 2.8 -0.9203724352757625 3.3576397700246785 1256.2590434908193
4.800000000000001 5.6 3.0 -1.1978984076788102 4.360523744702527 1253.3532659947998
4.800000000000001 5.6 3.2 -1.290773011990154 4.686837388439835 1249.9522104761504
4.800000000000001 5.6 3.4000000000000004 -1.187218929172007 4.3003685939468905 1246.5791297318344
4.800000000000001 5.6 3.6000000000000005 -0.9052650885227331 3.272504352872657 1243.740928379987
4.800000000000001 5.6 3.8 -0.48871124871924243 1.7643581448426038 1241.8551997755674
4.800000000000001 5.6 4.0 -2.7443546490126844e-14 -2.1887301597912433e-14 1241.1950253872021
4.800000000000001 5.6 4.2 0.48871124871924243 -1.7643581448427426 1241.8551997755674
4.800000000000001 5.6 4.4 0.9052650885225944 -3.2725043528723794 1243.7409283799866
4.800000000000001 5.6 4.6 1.1872189291711743 -4.300368593947168 1246.5791297318349
4.800000000000001 5.6 4.800000000000001 1.290773011990154 -4.686837388440945 1249.9522104761509
4.800000000000001 5.6 5.0 1.1978984076788102 -4.360523744703082 1253.3532659947987
4.800000000000001 5.6 5.200000000000001 0.9203724352757625 -3.3576397700252336 1256.2590434908193
4.800000000000001 5.6 5.4 0.4993967804139965 -1.8246036376118324 1258.2124044977988
4.800000000000001 5.800000000000001 2.6000000000000005 -0.4995367175614218 2.8637668303649333 1260.2851045512775
4.800000000000001 5.800000000000001 2.8 -0.9206088669677648 5.261586401423268 1257.8221925454297
4.800000000000001 5.800000000000001 3.0 -1.1981647323755507 6.817562226423823 1254.1696869928808
4.800000000000001 5.800000000000001 3.2 -1.2910081618125457 7.308827632811765 1249.9111540026702
4.800000000000001 5.800000000000001 3.4000000000000004 -1.1873881347174153 6.689541836324142 1245.7045962557143
4.800000000000001 5.800000000000001 3.6000000000000005 -0.9053640908093796 5.080303329335623 1242.1777080787526
4.800000000000001 5.800000000000001 3.8 -0.4887539513184075 2.7354092408610198 1239.8406122001272
4.800000000000001 5.800000000000001 4.0 -3.09381122207577e-14 -2.754865399353777e-14 1239.0235682579332
4.800000000000001 5.800000000000001 4.2 0.48875395131854626 -2.73540924086095 1239.8406122001275
4.800000000000001 5.800000000000001 4.4 0.905364090809796 -5.080303329335761 1242.1777080787524
4.800000000000001 5.800000000000001 4.6 1.1873881347174153 -6.689541836323587 1245.704596255714
4.800000000000001 5.800000000000001 4.800000000000001 1.2910081618122682 -7.308827632812043 1249.9111540026695
4.800000000000001 5.800000000000001 5.0 1.1981647323749955 -6.817562226423268 1254.1696869928803
4.800000000000001 5.800000000000001 5.200000000000001 0.9206088669683199 -5.261586401422713 1257.8221925454307
4.800000000000001 5.800000000000001 5.4 0.49953671756197693 -2.8637668303649333 1260.285104551278
4.800000000000001 6.0 2.6000000000000005 -0.4997969708570027 4.368687357009238 1263.4739908992215
4.800000000000001 6.0 2.8 -0.921048493918164 8.007058954365709 1260.2128388868782
4.800000000000001 6.0 3.0 -1.198660469103885 10.338958749377957 1255.4005072261884
4.800000000000001 6.0 3.2 -1.291447208559282 11.041066660383013 1249.8241900860507
4.800000000000001 6.0 3.4000000000000004 -1.1877064470189325 10.06845819222224 1244.3506054283582
4.800000000000001 6.0 3.6000000000000005 -0.9055525533860354 7.623642672386493 1239.786795784524
4.800000000000001 6.0 3.8 -0.48883640165496567 4.096928697525648 1236.7748964462317
4.800000000000001 6.0 4.0 -3.094738337286147e-14 -2.4574055776185174e-14 1235.7242069054803
4.800000000000001 6.0 4.2 0.48883640165503506 -4.096928697525648 1236.7748964462317
4.800000000000001 6.0 4.4 0.9055525533857578 -7.6236426723867705 1239.786795784524
4.800000000000001 6.0 4.6 1.1877064470183774 -10.068458192221685 1244.3506054283587
4.800000000000001 6.0 4.800000000000001 1.2914472085603923 -11.041066660382736 1249.8241900860512
4.800000000000001 6.0 5.0 1.198660469103885 -10.338958749376847 1255.400507226188
4.800000000000001 6.0 5.200000000000001 0.921048493918164 -8.007058954365709 1260.2128388868778
4.800000000000001 6.0 5.4 0.4997969708564476 -4.368687357009793 1263.4739908992215
4.800000000000001 6.200000000000001 2.6000000000000005 -0.5003126212210773 6.60355811728186 1268.2921635056432
4.800000000000001 6.200000000000001 2.8 -0.9219219732997663 12.05839021289845 1263.7924639377984
4.800000000000001 6.200000000000001 3.0 -1.1996519738083355 15.48946434064724 1257.203694698898
4.800000000000001 6.200000000000001 3.2 -1.2923371860359967 16.447427992187237 1249.6406534455145
4.800000000000001 6.200000000000001 3.4000000000000004 -1.1883664851600195 14.91916149722966 1242.2871722677178
4.800000000000001 6.200000000000001 3.6000000000000005 -0.9059563356947353 11.24863984197491 1236.206178584056
4.800000000000001 6.200000000000001 3.8 -0.4890192582152758 6.028561039467181 1232.2169695277407
4.800000000000001 6.200000000000001 4.0 -2.8155635317923084e-14 -7.938808112304189e-15 1230.829710862882
4.800000000000001 6.200000000000001 4.2 0.4890192582154146 -6.028561039467528 1232.2169695277407
4.800000000000001 6.200000000000001 4.4 0.9059563356948741 -11.248639841974356 1236.2061785840563
4.800000000000001 6.200000000000001 4.6 1.188366485160297 -14.919161497229938 1242.287172267718
4.800000000000001 6.200000000000001 4.800000000000001 1.2923371860357191 -16.447427992186956 1249.6406534455143
4.800000000000001 6.200000000000001 5.0 1.1996519738083355 -15.489464340647796 1257.2036946988974
4.800000000000001 6.200000000000001 5.200000000000001 0.9219219732997663 -12.058390212897896 1263.7924639377977
4.800000000000001 6.200000000000001 5.4 0.5003126212216324 -6.6035581172829705 1268.2921635056437
4.800000000000001 6.4 2.6000000000000005 -0.5013576256523988 9.986415515516045 1275.53238111212
4.800000000000001 6.4 2.8 -0.9236943000723308 18.132235291006825 1269.0987451102437
4.800000000000001 6.4 3.0 -1.2016731830516436 23.1116830274497 1259.789545005477
4.800000000000001 6.4 3.2 -1.2941710781799731 24.33878242319609 1249.253887242633
4.800000000000001 6.4 3.4000000000000004 -1.1897528741458552 21.911218611730675 1239.151817278146
4.800000000000001 6.4 3.6000000000000005 -0.9068275565714268 16.422653540700964 1230.8961953267615
4.800000000000001 6.4 3.8 -0.4894246119225426 8.768435399072876 1225.5262566042568
4.800000000000001 6.4 4.0 -2.2889447856996724e-14 1.4813814357919875e-14 1223.6670848265458
4.800000000000001 6.4 4.2 0.4894246119226814 -8.768435399073084 1225.5262566042572
4.800000000000001 6.4 4.4 0.9068275565710104 -16.42265354070124 1230.8961953267615
4.800000000000001 6.4 4.6 1.1897528741458552 -21.91121861173123 1239.1518172781462
4.800000000000001 6.4 4.800000000000001 1.2941710781799731 -24.338782423195813 1249.2538872426333
4.800000000000001 6.4 5.0 1.2016731830516436 -23.111683027450812 1259.789545005477
4.800000000000001 6.4 5.200000000000001 0.9236943000723308 -18.132235291006825 1269.0987451102426
4.800000000000001 6.4 5.4 0.5013576256518437 -9.986415515515489 1275.5323811121193
5.0 3.6000000000000005 2.6000000000000005 -0.0 -9.985597568304971 1275.3100126530642
5.0 3.6000000000000005 2.8 -0.0 -18.130843085856775 1268.9300168409945
5.0 3.6000000000000005 3.0 -0.0 -23.11008166693551 1259.70011217301
5.0 3.6000000000000005 3.2 2.7755575615628914e-13 -24.337306237518785 1249.2565194395468
5.0 3.6000000000000005 3.4000000000000004 -0.0 -21.91007521906374 1239.2449744256326
5.0 3.6000000000000005 3.6000000000000005 -0.0 -16.42191265033899 1231.064926174509
5.0 3.6000000000000005 3.8 -0.0 -8.768080860765137 1225.744900748293
5.0 3.6000000000000005 4.0 -1.4414627747194536e-14 -3.2302288119449013e-15 1223.9031471848295
5.0 3.6000000000000005 4.2 -6.938893903907228e-14 8.768080860765345 1225.7449007482928
5.0 3.6000000000000005 4.4 -0.0 16.421912650338708 1231.0649261745084
5.0 3.6000000000000005 4.6 2.7755575615628914e-13 21.91007521906346 1239.2449744256337
5.0 3.6000000000000005 4.800000000000001 -0.0 24.337306237518785 1249.2565194395472
5.0 3.6000000000000005 5.0 -0.0 23.110081666936065 1259.700112173011
5.0 3.6000000000000005 5.200000000000001 -0.0 18.130843085856775 1268.9300168409934
5.0 3.6000000000000005 5.4 -0.0 9.985597568304971 1275.3100126530626
5.0 3.8 2.6000000000000005 -0.0 -6.6031475479394475 1268.070262923439
5.0 3.8 2.8 -5.551115123125783e-13 -12.057689447650954 1263.6240011410882
5.0 3.8 3.0 -0.0 -15.488656780586195 1257.1142917577092
5.0 3.8 3.2 -0.0 -16.44668455455134 1249.6431308927265
5.0 3.8 3.4000000000000004 -0.0 -14.918589029946082 1242.3800798640164
5.0 3.8 3.6000000000000005 -0.0 -11.248272602428639 1236.37464278258
5.0 3.8 3.8 6.938893903907228e-14 -6.028387050613857 1232.435365454835
5.0 3.8 4.0 -1.46476419141124e-14 7.206345752596476e-15 1231.0655367942036
5.0 3.8 4.2 -0.0 6.028387050613717 1232.435365454835
5.0 3.8 4.4 -0.0 11.248272602428221 1236.3746427825797
5.0 3.8 4.6 -0.0 14.918589029946638 1242.380079864017
5.0 3.8 4.800000000000001 -0.0 16.446684554550504 1249.6431308927265
5.0 3.8 5.0 -0.0 15.488656780586195 1257.1142917577088
5.0 3.8 5.200000000000001 -0.0 12.057689447649288 1263.6240011410882
5.0 3.8 5.4 -0.0 6.603147547940558 1268.070262923439
5.0 4.0 2.6000000000000005 -0.0 -4.368482149825215 1263.2523232054132
5.0 4.0 2.8 -0.0 -8.006708906816984 1260.0445076083477
5.0 4.0 3.0 -0.0 -10.338556605098969 1255.3111170661095
5.0 4.0 3.2 -0.0 -11.040699229215855 1249.826587190187
5.0 4.0 3.4000000000000004 -0.0 -10.068179036509806 1244.4433863777554
5.0 4.0 3.6000000000000005 -0.0 -7.62346687189136 1239.9551281538413
5.0 4.0 3.8 -0.0 -4.096846915407973 1236.9931733507217
5.0 4.0 4.0 -1.7587512764465594e-14 6.803619396842166e-15 1235.9599212860571
5.0 4.0 4.2 -0.0 4.096846915407765 1236.993173350721
5.0 4.0 4.4 -0.0 7.623466871891498 1239.9551281538415
5.0 4.0 4.6 -0.0 10.068179036509527 1244.4433863777558
5.0 4.0 4.800000000000001 -0.0 11.0406992292153 1249.8265871901867
5.0 4.0 5.0 -0.0 10.338556605098415 1255.3111170661095
5.0 4.0 5.200000000000001 -0.0 8.006708906816428 1260.0445076083477
5.0 4.0 5.4 -0.0 4.368482149825215 1263.2523232054132
5.0 4.2 2.6000000000000005 5.551115123125783e-13 -2.8636617078120485 1260.0635540166222
5.0 4.2 2.8 -0.0 -5.261407323523537 1257.6539266858144
5.0 4.2 3.0 -0.0 -6.8173572887664236 1254.0803014353105
5.0 4.2 3.2 -0.0 -7.308641912299185 1249.9135084613158
5.0 4.2 3.4000000000000004 -0.0 -6.689402674313893 1245.797312221341
5.0 4.2 3.6000000000000005 -0.0 -5.080217378098106 1242.3459749036815
5.0 4.2 3.8 6.938893903907228e-14 -2.7353700189451655 1240.0588323267264
5.0 4.2 4.0 -1.7954985311527628e-14 4.47200485005479e-17 1239.2592306250192
5.0 4.2 4.2 -0.0 2.7353700189448187 1240.0588323267264
5.0 4.2 4.4 -0.0 5.0802173780982445 1242.3459749036813
5.0 4.2 4.6 -0.0 6.689402674313338 1245.797312221341
5.0 4.2 4.800000000000001 -0.0 7.30864191229974 1249.9135084613156
5.0 4.2 5.0 -0.0 6.8173572887664236 1254.0803014353098
5.0 4.2 5.200000000000001 -0.0 5.261407323522982 1257.653926685815
5.0 4.2 5.4 -0.0 2.8636617078120485 1260.0635540166227
5.0 4.4 2.6000000000000005 -5.551115123125783e-13 -1.8245470599115299 1257.9909158818896
5.0 4.4 2.8 -0.0 -3.35754332216609 1256.0908120273932
5.0 4.4 3.0 -5.551115123125783e-13 -4.360413307779032 1253.263882477334
5.0 4.4 3.2 -0.0 -4.686737329203661 1249.9545418046396
5.0 4.4 3.4000000000000004 -0.0 -4.300293824621437 1246.6718109119565
5.0 4.4 3.6000000000000005 -0.0 -3.2724583450800813 1243.90916080921
5.0 4.4 3.8 -0.0 -1.764337252537565 1242.0733907288197
5.0 4.4 4.0 -2.029071268624971e-14 -2.3847578956288877e-17 1241.4306613239469
5.0 4.4 4.2 -6.938893903907228e-14 1.7643372525374956 1242.0733907288193
5.0 4.4 4.4 -0.0 3.2724583450799427 1243.90916080921
5.0 4.4 4.6 -0.0 4.300293824621437 1246.6718109119574
5.0 4.4 4.800000000000001 -0.0 4.686737329203661 1249.9545418046398
5.0 4.4 5.0 -0.0 4.360413307779032 1253.2638824773328
5.0 4.4 5.200000000000001 -0.0 3.35754332216609 1256.0908120273932
5.0 4.4 5.4 -0.0 1.8245470599115299 1257.9909158818903
5.0 4.6 2.6000000000000005 -0.0 -1.076870112032835 1256.706010694456
5.0 4.6 2.8 -0.0 -1.9836127923955615 1255.118060437947
5.0 4.6 3.0 -0.0 -2.5797943909677823 1252.751107428273
5.0 4.6 3.2 -0.0 -2.7774002555641664 1249.9736279444733
5.0 4.6 3.4000000000000004 -0.0 -2.552427318764372 1247.2115912054644
5.0 4.6 3.6000000000000005 -1.3877787807814457e-13 -1.9448930268889386 1244.8819314757654
5.0 4.6 3.8 -1.3877787807814457e-13 -1.0494789120141235 1243.3312906718065
5.0 4.6 4.0 -2.1811166851717672e-14 -4.144977903738279e-15 1242.7879051300943
5.0 4.6 4.2 -0.0 1.049478912014401 1243.3312906718063
5.0 4.6 4.4 -0.0 1.944893026889355 1244.8819314757652
5.0 4.6 4.6 -0.0 2.552427318764372 1247.2115912054646
5.0 4.6 4.800000000000001 -0.0 2.7774002555641664 1249.973627944473
5.0 4.6 5.0 -5.551115123125783e-13 2.579794390967227 1252.7511074282722
5.0 4.6 5.200000000000001 -5.551115123125783e-13 1.9836127923950064 1255.1180604379474
5.0 4.6 5.4 -0.0 1.076870112032835 1256.7060106944566
5.0 4.800000000000001 2.6000000000000005 -0.0 -0.49925888728652446 1256.0073030894941
5.0 4.800000000000001 2.8 5.551115123125783e-13 -0.920137438444879 1254.5878877484583
5.0 4.800000000000001 3.0 5.551115123125783e-13 -1.1976295178345309 1252.4700950141653
5.0 4.800000000000001 3.2 -0.0 -1.2905299594834219 1249.981908876843
5.0 4.800000000000001 3.4000000000000004 -0.0 -1.1870379519243746 1247.5043181406318
5.0 4.800000000000001 3.6000000000000005 -0.0 -0.9051544358452956 1245.4121092159603
5.0 4.800000000000001 3.8 -1.3877787807814457e-13 -0.48866131426093806 1244.0182837557086
5.0 4.800000000000001 4.0 -2.0497247666845124e-14 -7.932522938133709e-15 1243.5296191479754
5.0 4.800000000000001 4.2 6.938893903907228e-14 0.48866131426114623 1244.0182837557086
5.0 4.800000000000001 4.4 -0.0 0.9051544358450181 1245.41210921596
5.0 4.800000000000001 4.6 -0.0 1.1870379519243746 1247.5043181406322
5.0 4.800000000000001 4.800000000000001 -0.0 1.2905299594834219 1249.9819088768427
5.0 4.800000000000001 5.0 -0.0 1.1976295178339758 1252.4700950141637
5.0 4.800000000000001 5.200000000000001 -0.0 0.920137438444879 1254.587887748459
5.0 4.800000000000001 5.4 -0.0 0.49925888728652446 1256.0073030894953
5.0 5.0 2.6000000000000005 -0.0 -0.0 1255.7858732560112
5.0 5.0 2.8 5.551115123125783e-13 5.551115123125783e-13 1254.419689807399
5.0 5.0 3.0 -0.0 -0.0 1252.3807149072343
5.0 5.0 3.2 -0.0 -0.0 1249.9842195103836
5.0 5.0 3.4000000000000004 -0.0 -0.0 1247.5969667291026
5.0 5.0 3.6000000000000005 -0.0 -0.0 1245.5803081134288
5.0 5.0 3.8 -0.0 -0.0 1244.2364451076517
5.0 5.0 4.0 -2.3638375126311954e-14 -4.556249920364498e-15 1243.7652277586164
5.0 5.0 4.2 -0.0 -0.0 1244.2364451076514
5.0 5.0 4.4 -0.0 -0.0 1245.5803081134286
5.0 5.0 4.6 -0.0 -0.0 1247.5969667291029
5.0 5.0 4.800000000000001 5.551115123125783e-13 -0.0 1249.9842195103827
5.0 5.0 5.0 -0.0 -0.0 1252.3807149072338
5.0 5.0 5.200000000000001 -0.0 5.551115123125783e-13 1254.4196898074
5.0 5.0 5.4 -0.0 -0.0 1255.7858732560117
5.0 5.200000000000001 2.6000000000000005 -0.0 0.49925888728596934 1256.0073030894946
5.0 5.200000000000001 2.8 -0.0 0.920137438444879 1254.5878877484583
5.0 5.200000000000001 3.0 -0.0 1.197629517835086 1252.4700950141648
5.0 5.200000000000001 3.2 -0.0 1.2905299594836994 1249.981908876843
5.0 5.200000000000001 3.4000000000000004 -0.0 1.1870379519246521 1247.5043181406318
5.0 5.200000000000001 3.6000000000000005 -0.0 0.9051544358452956 1245.4121092159603
5.0 5.200000000000001 3.8 -6.938893903907228e-14 0.4886613142608687 1244.0182837557086
5.0 5.200000000000001 4.0 -2.4765163504207605e-14 -1.189409244316098e-15 1243.5296191479754
5.0 5.200000000000001 4.2 6.938893903907228e-14 -0.48866131426114623 1244.0182837557086
5.0 5.200000000000001 4.4 -1.3877787807814457e-13 -0.9051544358450181 1245.41210921596
5.0 5.200000000000001 4.6 -0.0 -1.1870379519243746 1247.5043181406322
5.0 5.200000000000001 4.800000000000001 -0.0 -1.2905299594834219 1249.9819088768427
5.0 5.200000000000001 5.0 -0.0 -1.1976295178339758 1252.4700950141641
5.0 5.200000000000001 5.200000000000001 5.551115123125783e-13 -0.920137438444879 1254.587887748459
5.0 5.200000000000001 5.4 -0.0 -0.49925888728652446 1256.0073030894946
5.0 5.4 2.6000000000000005 -0.0 1.07687011203228 1256.706010694456
5.0 5.4 2.8 -5.551115123125783e-13 1.9836127923950064 1255.118060437948
5.0 5.4 3.0 -0.0 2.5797943909677823 1252.7511074282731
5.0 5.4 3.2 -0.0 2.7774002555641664 1249.973627944473
5.0 5.4 3.4000000000000004 -0.0 2.5524273187640945 1247.2115912054642
5.0 5.4 3.6000000000000005 -0.0 1.9448930268890774 1244.8819314757652
5.0 5.4 3.8 -6.938893903907228e-14 1.0494789120141927 1243.3312906718065
5.0 5.4 4.0 -2.504880615964883e-14 -9.76320705608258e-15 1242.7879051300943
5.0 5.4 4.2 -0.0 -1.0494789120143315 1243.3312906718063
5.0 5.4 4.4 -0.0 -1.9448930268890774 1244.8819314757652
5.0 5.4 4.6 -0.0 -2.5524273187646496 1247.2115912054646
5.0 5.4 4.800000000000001 -0.0 -2.7774002555641664 1249.973627944473
5.0 5.4 5.0 5.551115123125783e-13 -2.5797943909677823 1252.7511074282722
5.0 5.4 5.200000000000001 -0.0 -1.9836127923955615 1255.1180604379474
5.0 5.4 5.4 -0.0 -1.076870112032835 1256.7060106944566
5.0 5.6 2.6000000000000005 -0.0 1.824547059912085 1257.9909158818896
5.0 5.6 2.8 -0.0 3.35754332216609 1256.090812027394
5.0 5.6 3.0 -5.551115123125783e-13 4.360413307779032 1253.263882477334
5.0 5.6 3.2 -2.7755575615628914e-13 4.686737329203106 1249.9545418046391
5.0 5.6 3.4000000000000004 -0.0 4.30029382462116 1246.6718109119565
5.0 5.6 3.6000000000000005 -0.0 3.2724583450800813 1243.9091608092103
5.0 5.6 3.8 -6.938893903907228e-14 1.7643372525376344 1242.0733907288195
5.0 5.6 4.0 -2.6781253580635783e-14 -2.3575283674609798e-14 1241.4306613239469
5.0 5.6 4.2 -0.0 -1.7643372525374956 1242.0733907288195
5.0 5.6 4.4 -2.7755575615628914e-13 -3.2724583450798037 1243.9091608092097
5.0 5.6 4.6 -0.0 -4.300293824621437 1246.6718109119572
5.0 5.6 4.800000000000001 -0.0 -4.686737329203661 1249.9545418046396
5.0 5.6 5.0 -0.0 -4.360413307779587 1253.2638824773328
5.0 5.6 5.200000000000001 -0.0 -3.35754332216609 1256.090812027394
5.0 5.6 5.4 -0.0 -1.8245470599115299 1257.9909158818903
5.0 5.800000000000001 2.6000000000000005 -5.551115123125783e-13 2.8636617078126037 1260.0635540166222
5.0 5.800000000000001 2.8 -0.0 5.261407323523537 1257.653926685815
5.0 5.800000000000001 3.0 -0.0 6.8173572887664236 1254.0803014353103
5.0 5.800000000000001 3.2 -0.0 7.30864191229974 1249.9135084613151
5.0 5.800000000000001 3.4000000000000004 -0.0 6.689402674314171 1245.7973122213411
5.0 5.800000000000001 3.6000000000000005 -1.3877787807814457e-13 5.0802173780982445 1242.3459749036815
5.0 5.800000000000001 3.8 -0.0 2.7353700189450962 1240.0588323267264
5.0 5.800000000000001 4.0 -2.7481255720982073e-14 -2.7691364686217408e-14 1239.2592306250192
5.0 5.800000000000001 4.2 -0.0 -2.7353700189449572 1240.0588323267266
5.0 5.800000000000001 4.4 -0.0 -5.0802173780982445 1242.3459749036813
5.0 5.800000000000001 4.6 -0.0 -6.689402674313616 1245.7973122213407
5.0 5.800000000000001 4.800000000000001 -0.0 -7.3086419123002955 1249.913508461315
5.0 5.800000000000001 5.0 -0.0 -6.817357288765868 1254.0803014353098
5.0 5.800000000000001 5.200000000000001 -0.0 -5.261407323522982 1257.6539266858156
5.0 5.800000000000001 5.4 -0.0 -2.8636617078120485 1260.0635540166227
5.0 6.0 2.6000000000000005 -0.0 4.368482149825215 1263.2523232054132
5.0 6.0 2.8 -0.0 8.006708906816984 1260.0445076083477
5.0 6.0 3.0 -0.0 10.338556605098415 1255.3111170661102
5.0 6.0 3.2 -5.551115123125783e-13 11.040699229216132 1249.826587190187
5.0 6.0 3.4000000000000004 -0.0 10.068179036509806 1244.4433863777551
5.0 6.0 3.6000000000000005 2.7755575615628914e-13 7.623466871891638 1239.9551281538413
5.0 6.0 3.8 -0.0 4.096846915407973 1236.9931733507212
5.0 6.0 4.0 -2.562986075400011e-14 -2.2264939962522773e-14 1235.959921286057
5.0 6.0 4.2 -0.0 -4.0968469154079035 1236.9931733507212
5.0 6.0 4.4 -0.0 -7.623466871891776 1239.9551281538409
5.0 6.0 4.6 -0.0 -10.068179036509527 1244.4433863777551
5.0 6.0 4.800000000000001 5.551115123125783e-13 -11.040699229215578 1249.8265871901872
5.0 6.0 5.0 -0.0 -10.338556605097859 1255.3111170661102
5.0 6.0 5.200000000000001 -0.0 -8.006708906816428 1260.0445076083477
5.0 6.0 5.4 -0.0 -4.368482149825215 1263.2523232054132
5.0 6.200000000000001 2.6000000000000005 5.551115123125783e-13 6.603147547938892 1268.070262923439
5.0 6.200000000000001 2.8 5.551115123125783e-13 12.057689447650954 1263.6240011410882
5.0 6.200000000000001 3.0 -0.0 15.488656780586195 1257.1142917577092
5.0 6.200000000000001 3.2 -0.0 16.44668455455078 1249.6431308927265
5.0 6.200000000000001 3.4000000000000004 2.7755575615628914e-13 14.918589029946082 1242.3800798640166
5.0 6.200000000000001 3.6000000000000005 -0.0 11.24827260242836 1236.37464278258
5.0 6.200000000000001 3.8 -6.938893903907228e-14 6.028387050613717 1232.4353654548347
5.0 6.200000000000001 4.0 -2.0024082499497852e-14 -3.708435002247041e-15 1231.0655367942034
5.0 6.200000000000001 4.2 -6.938893903907228e-14 -6.028387050613717 1232.4353654548347
5.0 6.200000000000001 4.4 -0.0 -11.24827260242836 1236.3746427825797
5.0 6.200000000000001 4.6 -2.7755575615628914e-13 -14.91858902994636 1242.3800798640168
5.0 6.200000000000001 4.800000000000001 2.7755575615628914e-13 -16.446684554550504 1249.6431308927265
5.0 6.200000000000001 5.0 -0.0 -15.488656780586751 1257.114291757709
5.0 6.200000000000001 5.200000000000001 -5.551115123125783e-13 -12.057689447649844 1263.6240011410882
5.0 6.200000000000001 5.4 -0.0 -6.603147547940003 1268.070262923439
5.0 6.4 2.6000000000000005 -0.0 9.985597568304971 1275.3100126530642
5.0 6.4 2.8 -0.0 18.130843085856217 1268.930016840995
5.0 6.4 3.0 -0.0 23.11008166693551 1259.70011217301
5.0 6.4 3.2 -0.0 24.337306237518508 1249.2565194395468
5.0 6.4 3.4000000000000004 -0.0 21.91007521906346 1239.2449744256326
5.0 6.4 3.6000000000000005 -1.3877787807814457e-13 16.42191265033843 1231.064926174509
5.0 6.4 3.8 -6.938893903907228e-14 8.768080860764998 1225.744900748293
5.0 6.4 4.0 -1.5722410824427592e-14 1.5953845821123924e-14 1223.9031471848295
5.0 6.4 4.2 1.3877787807814457e-13 -8.768080860765137 1225.744900748293
5.0 6.4 4.4 -0.0 -16.421912650338847 1231.0649261745084
5.0 6.4 4.6 -2.7755575615628914e-13 -21.91007521906374 1239.244974425633
5.0 6.4 4.800000000000001 2.7755575615628914e-13 -24.33730623751823 1249.2565194395468
5.0 6.4 5.0 -0.0 -23.110081666936065 1259.700112173011
5.0 6.4 5.200000000000001 -0.0 -18.130843085856775 1268.9300168409945
5.0 6.4 5.4 -0.0 -9.985597568304971 1275.310012653063
5.200000000000001 3.6000000000000005 2.6000000000000005 0.5013576256518437 -9.986415515516045 1275.53238111212
5.200000000000001 3.6000000000000005 2.8 0.9236943000723308 -18.13223529100738 1269.0987451102437
5.200000000000001 3.6000000000000005 3.0 1.2016731830521987 -23.1116830274497 1259.789545005477
5.200000000000001 3.6000000000000005 3.2 1.2941710781799731 -24.33878242319609 1249.253887242633
5.200000000000001 3.6000000000000005 3.4000000000000004 1.1897528741458552 -21.911218611730952 1239.1518172781457
5.200000000000001 3.6000000000000005 3.6000000000000005 0.9068275565710104 -16.422653540701102 1230.8961953267615
5.200000000000001 3.6000000000000005 3.8 0.489424611922612 -8.768435399073015 1225.526256604257
5.200000000000001 3.6000000000000005 4.0 -1.0543841671051725e-14 -6.627361659345517e-15 1223.6670848265453
5.200000000000001 3.6000000000000005 4.2 -0.4894246119226814 8.768435399073015 1225.5262566042572
5.200000000000001 3.6000000000000005 4.4 -0.9068275565708717 16.42265354070124 1230.896195326762
5.200000000000001 3.6000000000000005 4.6 -1.1897528741461327 21.911218611730952 1239.1518172781462
5.200000000000001 3.6000000000000005 4.800000000000001 -1.2941710781805282 24.33878242319609 1249.253887242633
5.200000000000001 3.6000000000000005 5.0 -1.2016731830521987 23.11168302745026 1259.789545005477
5.200000000000001 3.6000000000000005 5.200000000000001 -0.9236943000728859 18.132235291006825 1269.0987451102426
5.200000000000001 3.6000000000000005 5.4 -0.5013576256512886 9.986415515515489 1275.5323811121193
5.200000000000001 3.8 2.6000000000000005 0.5003126212216324 -6.60355811728186 1268.2921635056432
5.200000000000001 3.8 2.8 0.9219219732992112 -12.05839021289845 1263.7924639377984
5.200000000000001 3.8 3.0 1.1996519738088907 -15.48946434064724 1257.203694698898
5.200000000000001 3.8 3.2 1.2923371860365518 -16.447427992188068 1249.6406534455145
5.200000000000001 3.8 3.4000000000000004 1.188366485160297 -14.91916149722966 1242.2871722677178
5.200000000000001 3.8 3.6000000000000005 0.9059563356950129 -11.248639841974494 1236.206178584056
5.200000000000001 3.8 3.8 0.489019258215484 -6.028561039467389 1232.2169695277407
5.200000000000001 3.8 4.0 -1.3118062071881577e-14 5.431487526393393e-15 1230.8297108628817
5.200000000000001 3.8 4.2 -0.489019258215484 6.028561039467528 1232.216969527741
5.200000000000001 3.8 4.4 -0.9059563356945965 11.248639841974356 1236.206178584056
5.200000000000001 3.8 4.6 -1.188366485159742 14.91916149722966 1242.287172267718
5.200000000000001 3.8 4.800000000000001 -1.2923371860359967 16.447427992187514 1249.6406534455145
5.200000000000001 3.8 5.0 -1.1996519738088907 15.489464340647796 1257.203694698897
5.200000000000001 3.8 5.200000000000001 -0.9219219732997663 12.058390212897896 1263.7924639377977
5.200000000000001 3.8 5.4 -0.5003126212216324 6.6035581172829705 1268.2921635056437
5.200000000000001 4.0 2.6000000000000005 0.4997969708570027 -4.368687357009238 1263.4739908992215
5.200000000000001 4.0 2.8 0.921048493918164 -8.007058954365709 1260.2128388868782
5.200000000000001 4.0 3.0 1.198660469103885 -10.338958749378513 1255.4005072261875
5.200000000000001 4.0 3.2 1.2914472085598372 -11.041066660383013 1249.8241900860507
5.200000000000001 4.0 3.4000000000000004 1.1877064470189325 -10.06845819222224 1244.3506054283594
5.200000000000001 4.0 3.6000000000000005 0.9055525533865905 -7.623642672386632 1239.7867957845237
5.200000000000001 4.0 3.8 0.48883640165496567 -4.096928697525579 1236.7748964462314
5.200000000000001 4.0 4.0 -1.8817171260816863e-14 4.984646120833514e-15 1235.7242069054805
5.200000000000001 4.0 4.2 -0.48883640165517384 4.096928697525856 1236.7748964462317
5.200000000000001 4.0 4.4 -0.9055525533853415 7.623642672386493 1239.786795784524
5.200000000000001 4.0 4.6 -1.1877064470189325 10.068458192221962 1244.3506054283591
5.200000000000001 4.0 4.800000000000001 -1.2914472085598372 11.041066660382459 1249.8241900860512
5.200000000000001 4.0 5.0 -1.198660469103885 10.338958749376847 1255.4005072261875
5.200000000000001 4.0 5.200000000000001 -0.921048493918164 8.007058954365709 1260.2128388868778
5.200000000000001 4.0 5.4 -0.4997969708570027 4.368687357009793 1263.4739908992215
5.200000000000001 4.2 2.6000000000000005 0.4995367175614218 -2.8637668303649333 1260.2851045512775
5.200000000000001 4.2 2.8 0.9206088669672097 -5.261586401423268 1257.822192545429
5.200000000000001 4.2 3.0 1.1981647323755507 -6.8175622264243785 1254.1696869928808
5.200000000000001 4.2 3.2 1.2910081618122682 -7.3088276328109325 1249.9111540026709
5.200000000000001 4.2 3.4000000000000004 1.1873881347174153 -6.689541836324142 1245.7045962557143
5.200000000000001 4.2 3.6000000000000005 0.9053640908093796 -5.0803033293359 1242.1777080787526
5.200000000000001 4.2 3.8 0.4887539513183381 -2.7354092408610198 1239.8406122001272
5.200000000000001 4.2 4.0 -2.1744118545520626e-14 -1.6240612083373425e-15 1239.0235682579334
5.200000000000001 4.2 4.2 -0.48875395131854626 2.735409240861089 1239.8406122001275
5.200000000000001 4.2 4.4 -0.9053640908096572 5.080303329335761 1242.1777080787522
5.200000000000001 4.2 4.6 -1.1873881347171378 6.6895418363233095 1245.704596255714
5.200000000000001 4.2 4.800000000000001 -1.2910081618122682 7.308827632811488 1249.9111540026695
5.200000000000001 4.2 5.0 -1.1981647323755507 6.817562226423268 1254.1696869928803
5.200000000000001 4.2 5.200000000000001 -0.9206088669683199 5.261586401422713 1257.8221925454307
5.200000000000001 4.2 5.4 -0.49953671756197693 2.8637668303649333 1260.285104551278
5.200000000000001 4.4 2.6000000000000005 0.4993967804139965 -1.8246036376118324 1258.2124044977982
5.200000000000001 4.4 2.8 0.9203724352757625 -3.3576397700252336 1256.2590434908188
5.200000000000001 4.4 3.0 1.1978984076788102 -4.360523744701972 1253.3532659947998
5.200000000000001 4.4 3.2 1.290773011990154 -4.686837388439835 1249.9522104761509
5.200000000000001 4.4 3.4000000000000004 1.1872189291717294 -4.3003685939468905 1246.5791297318344
5.200000000000001 4.4 3.6000000000000005 0.9052650885231495 -3.2725043528725184 1243.740928379987
5.200000000000001 4.4 3.8 0.48871124871924243 -1.7643581448428813 1241.8551997755674
5.200000000000001 4.4 4.0 -2.198926498636434e-14 -5.502295529068846e-16 1241.1950253872026
5.200000000000001 4.4 4.2 -0.48871124871917304 1.7643581448427426 1241.8551997755674
5.200000000000001 4.4 4.4 -0.9052650885224556 3.2725043528723794 1243.7409283799861
5.200000000000001 4.4 4.6 -1.1872189291717294 4.300368593947168 1246.5791297318349
5.200000000000001 4.4 4.800000000000001 -1.290773011990154 4.686837388440668 1249.952210476151
5.200000000000001 4.4 5.0 -1.1978984076793653 4.360523744703637 1253.3532659947987
5.200000000000001 4.4 5.200000000000001 -0.9203724352757625 3.3576397700246785 1256.2590434908193
5.200000000000001 4.4 5.4 -0.4993967804134414 1.8246036376118324 1258.2124044977988
5.200000000000001 4.6 2.6000000000000005 0.4993166372718738 -1.0769010184574768 1256.9274647812522
5.200000000000001 4.6 2.8 0.920236324299939 -1.9836657393002 1255.286272438339
5.200000000000001 4.6 3.0 1.1977436750115755 -2.5798553827088844 1252.8404893744662
5.200000000000001 4.6 3.2 1.290634533646362 -2.77745605810481 1249.9713091534259
5.200000000000001 4.6 3.4000000000000004 1.1871173052438455 -2.552469564156834 1247.1189292912816
5.200000000000001 4.6 3.6000000000000005 0.9052041026830215 -1.9449194205096998 1244.7137185278566
5.200000000000001 4.6 3.8 0.4886842455015944 -1.0494910389299839 1243.1131165529998
5.200000000000001 4.6 4.0 -2.4054757914312184e-14 -3.720012988268313e-15 1242.552284547619
5.200000000000001 4.6 4.2 -0.4886842455016638 1.0494910389297756 1243.1131165529998
5.200000000000001 4.6 4.4 -0.905204102682744 1.944919420509561 1244.7137185278566
5.200000000000001 4.6 4.6 -1.1871173052438455 2.552469564157389 1247.1189292912823
5.200000000000001 4.6 4.800000000000001 -1.290634533645807 2.77745605810481 1249.9713091534259
5.200000000000001 4.6 5.0 -1.1977436750115755 2.5798553827088844 1252.8404893744644
5.200000000000001 4.6 5.200000000000001 -0.9202363243004941 1.9836657393002 1255.286272438339
5.200000000000001 4.6 5.4 -0.4993166372718738 1.0769010184574768 1256.9274647812533
5.200000000000001 4.800000000000001 2.6000000000000005 0.4992730218184027 -0.4992730218184027 1256.228738758498
5.200000000000001 4.800000000000001 2.8 0.9201616917581257 -0.9201616917575706 1254.7560891265673
5.200000000000001 4.800000000000001 3.0 1.1976577116989962 -1.1976577116989962 1252.5594756759951
5.200000000000001 4.800000000000001 3.2 1.290556052059022 -1.290556052059022 1249.979596294703
5.200000000000001 4.800000000000001 3.4000000000000004 1.1870579882819476 -1.1870579882819476 1247.4116663694294
5.200000000000001 4.800000000000001 3.6000000000000005 0.9051672027088342 -0.9051672027088342 1245.2439069052139
5.200000000000001 4.800000000000001 3.8 0.4886673001784636 -0.4886673001783248 1243.800119196077
5.200000000000001 4.800000000000001 4.0 -2.1941429812269094e-14 -8.102296726643769e-15 1243.2940074650621
5.200000000000001 4.800000000000001 4.2 -0.4886673001784636 0.4886673001783248 1243.8001191960768
5.200000000000001 4.800000000000001 4.4 -0.9051672027088342 0.9051672027086954 1245.2439069052136
5.200000000000001 4.800000000000001 4.6 -1.18705798828167 1.18705798828167 1247.4116663694301
5.200000000000001 4.800000000000001 4.800000000000001 -1.290556052058467 1.2905560520587445 1249.9795962947026
5.200000000000001 4.800000000000001 5.0 -1.1976577116989962 1.197657711698441 1252.5594756759942
5.200000000000001 4.800000000000001 5.200000000000001 -0.9201616917581257 0.9201616917581257 1254.756089126568
5.200000000000001 4.800000000000001 5.4 -0.4992730218184027 0.4992730218178476 1256.2287387584986
5.200000000000001 5.0 2.6000000000000005 0.49925888728652446 -0.0 1256.0073030894946
5.200000000000001 5.0 2.8 0.920137438444879 -0.0 1254.5878877484583
5.200000000000001 5.0 3.0 1.1976295178345309 -0.0 1252.4700950141648
5.200000000000001 5.0 3.2 1.2905299594836994 -0.0 1249.981908876843
5.200000000000001 5.0 3.4000000000000004 1.1870379519243746 -0.0 1247.5043181406318
5.200000000000001 5.0 3.6000000000000005 0.9051544358452956 -0.0 1245.4121092159603
5.200000000000001 5.0 3.8 0.4886613142608687 -0.0 1244.0182837557086
5.200000000000001 5.0 4.0 -2.0370370244354552e-14 -6.2225684347049265e-15 1243.5296191479754
5.200000000000001 5.0 4.2 -0.48866131426114623 6.938893903907228e-14 1244.0182837557086
5.200000000000001 5.0 4.4 -0.9051544358450181 -0.0 1245.41210921596
5.200000000000001 5.0 4.6 -1.187037951924097 -0.0 1247.5043181406324
5.200000000000001 5.0 4.800000000000001 -1.2905299594831443 -0.0 1249.9819088768427
5.200000000000001 5.0 5.0 -1.1976295178339758 5.551115123125783e-13 1252.4700950141637
5.200000000000001 5.0 5.200000000000001 -0.920137438444879 5.551115123125783e-13 1254.5878877484583
5.200000000000001 5.0 5.4 -0.49925888728652446 -0.0 1256.0073030894953
5.200000000000001 5.200000000000001 2.6000000000000005 0.4992730218184027 0.4992730218184027 1256.228738758498
5.200000000000001 5.200000000000001 2.8 0.9201616917575706 0.9201616917575706 1254.7560891265673
5.200000000000001 5.200000000000001 3.0 1.1976577116989962 1.1976577116989962 1252.5594756759951
5.200000000000001 5.200000000000001 3.2 1.290556052059022 1.290556052059022 1249.979596294703
5.200000000000001 5.200000000000001 3.4000000000000004 1.1870579882819476 1.1870579882819476 1247.4116663694294
5.200000000000001 5.200000000000001 3.6000000000000005 0.9051672027088342 0.9051672027088342 1245.2439069052139
5.200000000000001 5.200000000000001 3.8 0.488667300178533 0.4886673001784636 1243.800119196077
5.200000000000001 5.200000000000001 4.0 -2.4196636595253137e-14 -2.6684838047655518e-15 1243.2940074650624
5.200000000000001 5.200000000000001 4.2 -0.4886673001784636 -0.4886673001784636 1243.8001191960768
5.200000000000001 5.200000000000001 4.4 -0.9051672027091118 -0.9051672027086954 1245.2439069052136
5.200000000000001 5.200000000000001 4.6 -1.18705798828167 -1.18705798828167 1247.4116663694301
5.200000000000001 5.200000000000001 4.800000000000001 -1.2905560520587445 -1.290556052058467 1249.9795962947032
5.200000000000001 5.200000000000001 5.0 -1.1976577116989962 -1.197657711698441 1252.5594756759947
5.200000000000001 5.200000000000001 5.200000000000001 -0.9201616917581257 -0.9201616917575706 1254.7560891265673
5.200000000000001 5.200000000000001 5.4 -0.4992730218184027 -0.4992730218178476 1256.228738758498
5.200000000000001 5.4 2.6000000000000005 0.4993166372724289 1.0769010184574768 1256.9274647812522
5.200000000000001 5.4 2.8 0.920236324299939 1.9836657393002 1255.286272438339
5.200000000000001 5.4 3.0 1.1977436750110204 2.5798553827088844 1252.8404893744662
5.200000000000001 5.4 3.2 1.2906345336455294 2.7774560581045327 1249.9713091534259
5.200000000000001 5.4 3.4000000000000004 1.187117305243568 2.552469564156834 1247.1189292912816
5.200000000000001 5.4 3.6000000000000005 0.9052041026830215 1.9449194205096998 1244.7137185278568
5.200000000000001 5.4 3.8 0.4886842455016638 1.0494910389299839 1243.1131165529998
5.200000000000001 5.4 4.0 -2.9453686737785464e-14 -1.0814426324125643e-14 1242.5522845476185
5.200000000000001 5.4 4.2 -0.4886842455016638 -1.0494910389299839 1243.1131165529998
5.200000000000001 5.4 4.4 -0.9052041026830215 -1.9449194205098386 1244.7137185278566
5.200000000000001 5.4 4.6 -1.1871173052438455 -2.5524695641571116 1247.1189292912825
5.200000000000001 5.4 4.800000000000001 -1.290634533645807 -2.77745605810481 1249.9713091534259
5.200000000000001 5.4 5.0 -1.1977436750115755 -2.5798553827094395 1252.8404893744646
5.200000000000001 5.4 5.200000000000001 -0.9202363243004941 -1.983665739300755 1255.286272438339
5.200000000000001 5.4 5.4 -0.4993166372718738 -1.0769010184574768 1256.9274647812529
5.200000000000001 5.6 2.6000000000000005 0.4993967804145516 1.8246036376112773 1258.2124044977982
5.200000000000001 5.6 2.8 0.9203724352757625 3.3576397700252336 1256.2590434908188
5.200000000000001 5.6 3.0 1.1978984076793653 4.360523744702527 1253.3532659947996
5.200000000000001 5.6 3.2 1.290773011990154 4.686837388439835 1249.9522104761509
5.200000000000001 5.6 3.4000000000000004 1.1872189291717294 4.3003685939468905 1246.5791297318347
5.200000000000001 5.6 3.6000000000000005 0.9052650885227331 3.2725043528725184 1243.740928379987
5.200000000000001 5.6 3.8 0.48871124871917304 1.764358144842673 1241.8551997755674
5.200000000000001 5.6 4.0 -2.874510117742267e-14 -2.4319751159245677e-14 1241.1950253872023
5.200000000000001 5.6 4.2 -0.48871124871924243 -1.7643581448427426 1241.8551997755671
5.200000000000001 5.6 4.4 -0.9052650885225944 -3.2725043528723794 1243.7409283799866
5.200000000000001 5.6 4.6 -1.1872189291717294 -4.300368593947168 1246.5791297318353
5.200000000000001 5.6 4.800000000000001 -1.290773011990154 -4.686837388440945 1249.9522104761509
5.200000000000001 5.6 5.0 -1.1978984076793653 -4.360523744703637 1253.3532659947987
5.200000000000001 5.6 5.200000000000001 -0.9203724352757625 -3.3576397700252336 1256.2590434908193
5.200000000000001 5.6 5.4 -0.4993967804139965 -1.8246036376118324 1258.2124044977988
5.200000000000001 5.800000000000001 2.6000000000000005 0.49953671756197693 2.8637668303649333 1260.2851045512775
5.200000000000001 5.800000000000001 2.8 0.9206088669677648 5.261586401423268 1257.8221925454302
5.200000000000001 5.800000000000001 3.0 1.1981647323755507 6.8175622264243785 1254.1696869928808
5.200000000000001 5.800000000000001 3.2 1.2910081618125457 7.308827632811488 1249.9111540026702
5.200000000000001 5.800000000000001 3.4000000000000004 1.1873881347171378 6.689541836324142 1245.7045962557143
5.200000000000001 5.800000000000001 3.6000000000000005 0.9053640908093796 5.0803033293359 1242.1777080787526
5.200000000000001 5.800000000000001 3.8 0.4887539513183381 2.735409240861089 1239.8406122001272
5.200000000000001 5.800000000000001 4.0 -2.6069697282626346e-14 -2.6397261166902095e-14 1239.0235682579332
5.200000000000001 5.800000000000001 4.2 -0.48875395131854626 -2.73540924086095 1239.8406122001275
5.200000000000001 5.800000000000001 4.4 -0.905364090809796 -5.080303329335483 1242.1777080787524
5.200000000000001 5.800000000000001 4.6 -1.1873881347174153 -6.689541836323587 1245.704596255714
5.200000000000001 5.800000000000001 4.800000000000001 -1.291008161811713 -7.308827632811488 1249.9111540026695
5.200000000000001 5.800000000000001 5.0 -1.1981647323749955 -6.817562226423268 1254.1696869928803
5.200000000000001 5.800000000000001 5.200000000000001 -0.9206088669683199 -5.261586401422713 1257.8221925454307
5.200000000000001 5.800000000000001 5.4 -0.49953671756197693 -2.8637668303649333 1260.285104551278
5.200000000000001 6.0 2.6000000000000005 0.4997969708570027 4.368687357010348 1263.4739908992215
5.200000000000001 6.0 2.8 0.921048493918164 8.007058954366263 1260.2128388868782
5.200000000000001 6.0 3.0 1.198660469103885 10.338958749377957 1255.4005072261878
5.200000000000001 6.0 3.2 1.291447208559282 11.041066660383013 1249.8241900860507
5.200000000000001 6.0 3.4000000000000004 1.1877064470189325 10.068458192222517 1244.3506054283591
5.200000000000001 6.0 3.6000000000000005 0.9055525533863129 7.623642672386632 1239.786795784524
5.200000000000001 6.0 3.8 0.4888364016548963 4.096928697525579 1236.7748964462314
5.200000000000001 6.0 4.0 -2.1032122437461158e-14 -1.7116882554700953e-14 1235.7242069054803
5.200000000000001 6.0 4.2 -0.48883640165503506 -4.096928697525717 1236.7748964462317
5.200000000000001 6.0 4.4 -0.9055525533857578 -7.6236426723867705 1239.786795784524
5.200000000000001 6.0 4.6 -1.1877064470183774 -10.068458192221962 1244.3506054283591
5.200000000000001 6.0 4.800000000000001 -1.2914472085603923 -11.041066660382459 1249.8241900860512
5.200000000000001 6.0 5.0 -1.198660469103885 -10.338958749376847 1255.4005072261875
5.200000000000001 6.0 5.200000000000001 -0.921048493918164 -8.007058954366263 1260.2128388868778
5.200000000000001 6.0 5.4 -0.4997969708564476 -4.368687357009793 1263.4739908992215
5.200000000000001 6.200000000000001 2.6000000000000005 0.5003126212210773 6.60355811728186 1268.2921635056437
5.200000000000001 6.200000000000001 2.8 0.9219219732992112 12.05839021289845 1263.7924639377977
5.200000000000001 6.200000000000001 3.0 1.1996519738083355 15.48946434064724 1257.2036946988976
5.200000000000001 6.200000000000001 3.2 1.2923371860357191 16.44742799218779 1249.6406534455148
5.200000000000001 6.200000000000001 3.4000000000000004 1.188366485160297 14.91916149722966 1242.2871722677178
5.200000000000001 6.200000000000001 3.6000000000000005 0.9059563356947353 11.248639841974494 1236.2061785840556
5.200000000000001 6.200000000000001 3.8 0.4890192582152758 6.028561039467111 1232.2169695277407
5.200000000000001 6.200000000000001 4.0 -1.661802291357316e-14 1.9686418172683254e-15 1230.829710862882
5.200000000000001 6.200000000000001 4.2 -0.4890192582154146 -6.028561039467389 1232.2169695277407
5.200000000000001 6.200000000000001 4.4 -0.9059563356948741 -11.248639841974356 1236.206178584056
5.200000000000001 6.200000000000001 4.6 -1.188366485160297 -14.919161497230215 1242.2871722677182
5.200000000000001 6.200000000000001 4.800000000000001 -1.2923371860362742 -16.447427992187237 1249.6406534455145
5.200000000000001 6.200000000000001 5.0 -1.1996519738083355 -15.489464340647796 1257.2036946988965
5.200000000000001 6.200000000000001 5.200000000000001 -0.9219219732997663 -12.058390212897896 1263.7924639377977
5.200000000000001 6.200000000000001 5.4 -0.5003126212216324 -6.6035581172829705 1268.2921635056443
5.200000000000001 6.4 2.6000000000000005 0.5013576256523988 9.986415515515489 1275.53238111212
5.200000000000001 6.4 2.8 0.9236943000723308 18.13223529100627 1269.0987451102437
5.200000000000001 6.4 3.0 1.2016731830516436 23.1116830274497 1259.789545005477
5.200000000000001 6.4 3.2 1.2941710781796956 24.33878242319609 1249.253887242633
5.200000000000001 6.4 3.4000000000000004 1.1897528741458552 21.911218611730398 1239.1518172781457
5.200000000000001 6.4 3.6000000000000005 0.9068275565714268 16.422653540700825 1230.8961953267612
5.200000000000001 6.4 3.8 0.4894246119224732 8.768435399073084 1225.526256604257
5.200000000000001 6.4 4.0 -1.0641947933006163e-14 2.0089124640391486e-14 1223.6670848265458
5.200000000000001 6.4 4.2 -0.489424611922612 -8.768435399072946 1225.5262566042572
5.200000000000001 6.4 4.4 -0.9068275565710104 -16.422653540701383 1230.896195326761
5.200000000000001 6.4 4.6 -1.1897528741458552 -21.911218611730952 1239.1518172781464
5.200000000000001 6.4 4.800000000000001 -1.294171078179418 -24.33878242319609 1249.2538872426337
5.200000000000001 6.4 5.0 -1.2016731830516436 -23.111683027450812 1259.7895450054768
5.200000000000001 6.4 5.200000000000001 -0.9236943000723308 -18.13223529100627 1269.0987451102426
5.200000000000001 6.4 5.4 -0.5013576256518437 -9.986415515515489 1275.5323811121193
5.4 3.6000000000000005 2.6000000000000005 1.0806839398436185 -9.988739963915915 1276.2337069531366
5.4 3.6000000000000005 2.8 1.9899724841832 -18.136161632393843 1269.6303323983948
5.4 3.6000000000000005 3.0 2.586811660499899 -23.116139697939573 1260.0705889511175
5.4 3.6000000000000005 3.2 2.7834213586558354 -24.342811016910826 1249.2445991306406
5.4 3.6000000000000005 3.4000000000000004 2.5566017788464235 -21.91425900489291 1238.8576309040236
5.4 3.6000000000000005 3.6000000000000005 1.9472225009158073 -16.424565539526895 1230.364597912286
5.4 3.6000000000000005 3.8 1.0504356575256195 -8.769326784928074 1224.838073191722
5.4 3.6000000000000005 4.0 -6.9344889703705325e-15 -8.516325589379062e-15 1222.9242979609842
5.4 3.6000000000000005 4.2 -1.050435657525342 8.769326784928074 1224.838073191722
5.4 3.6000000000000005 4.4 -1.94722250091664 16.424565539527034 1230.364597912285
5.4 3.6000000000000005 4.6 -2.5566017788464235 21.914259004893466 1238.857630904024
5.4 3.6000000000000005 4.800000000000001 -2.7834213586558354 24.34281101691138 1249.244599130641
5.4 3.6000000000000005 5.0 -2.586811660498789 23.116139697940127 1260.0705889511185
5.4 3.6000000000000005 5.200000000000001 -1.9899724841820898 18.13616163239329 1269.6303323983943
5.4 3.6000000000000005 5.4 -1.0806839398430634 9.98873996391536 1276.2337069531354
5.4 3.8 2.6000000000000005 1.0787992906058363 -6.6047082027342885 1268.9921848967383
5.4 3.8 2.8 1.9868243825160725 -12.060335253805121 1264.3233404936755
5.4 3.8 3.0 2.583319017303576 -15.49166949453451 1257.4847069704467
5.4 3.8 3.2 2.7803863311814947 -16.449408424171473 1249.631845404078
5.4 3.8 3.4000000000000004 2.5544461520884965 -14.920635457073006 1241.9936990136748
5.4 3.8 3.6000000000000005 1.945972230615045 -11.249547605613058 1235.675295555635
5.4 3.8 3.8 1.0498981758913506 -6.028975260881502 1231.52940911914
5.4 3.8 4.0 -1.0856388647647021e-14 -1.06698383716866e-15 1230.0874982777725
5.4 3.8 4.2 -1.0498981758912118 6.028975260881225 1231.5294091191404
5.4 3.8 4.4 -1.9459722306149063 11.249547605613751 1235.6752955556353
5.4 3.8 4.6 -2.554446152088219 14.920635457073837 1241.9936990136757
5.4 3.8 4.800000000000001 -2.780386331181217 16.449408424171196 1249.6318454040775
5.4 3.8 5.0 -2.583319017303576 15.49166949453451 1257.484706970445
5.4 3.8 5.200000000000001 -1.9868243825149623 12.060335253804011 1264.3233404936755
5.4 3.8 5.4 -1.0787992906058363 6.604708202734844 1268.9921848967388
5.4 4.0 2.6000000000000005 1.077884102884119 -4.369258053485425 1264.1733716993313
5.4 4.0 2.8 1.9853026777028049 -8.008022013148985 1260.7433711065946
5.4 4.0 3.0 2.5816503425762916 -10.340043846532309 1255.6815157807512
5.4 4.0 3.2 2.7789709811296137 -11.042028253440138 1249.815633168102
5.4 4.0 3.4000000000000004 2.5534843006258523 -10.069157386952687 1244.0574917225822
5.4 4.0 3.6000000000000005 1.9454520715250778 -7.624059116776993 1239.2562581084774
5.4 4.0 3.8 1.049692682695974 -4.097112222305118 1236.087620797335
5.4 4.0 4.0 -1.8041849021479486e-14 -1.822437076796885e-15 1234.9822484827469
5.4 4.0 4.2 -1.0496926826958353 4.097112222304702 1236.0876207973358
5.4 4.0 4.4 -1.945452071524939 7.624059116776438 1239.2562581084776
5.4 4.0 4.6 -2.5534843006255747 10.069157386952131 1244.0574917225815
5.4 4.0 4.800000000000001 -2.7789709811296137 11.042028253439028 1249.8156331681018
5.4 4.0 5.0 -2.5816503425768467 10.340043846531755 1255.6815157807512
5.4 4.0 5.200000000000001 -1.9853026777028049 8.008022013147874 1260.7433711065946
5.4 4.0 5.4 -1.077884102884119 4.36925805348487 1264.1733716993313
5.4 4.2 2.6000000000000005 1.0774178460509765 -2.8640618982550547 1260.9841628835893
5.4 4.2 2.8 1.984530724590261 -5.2620833821659385 1258.3525547006286
5.4 4.2 3.0 2.5808125995896436 -6.818119350191498 1254.4507007301554
5.4 4.2 3.2 2.778275725138224 -7.3093161088688685 1249.9027318636577
5.4 4.2 3.4000000000000004 2.553031313558829 -6.689890192161096 1245.4116681503378
5.4 4.2 3.6000000000000005 1.9452248417270446 -5.080504842961547 1241.6473407202827
5.4 4.2 3.8 1.0496120032103122 -2.735495171880889 1239.153468235917
5.4 4.2 4.0 -2.3825915335095177e-14 -3.1273736770469322e-15 1238.2817227223825
5.4 4.2 4.2 -1.0496120032103122 2.7354951718808196 1239.1534682359168
5.4 4.2 4.4 -1.9452248417273221 5.080504842961131 1241.6473407202827
5.4 4.2 4.6 -2.5530313135585514 6.689890192160541 1245.4116681503383
5.4 4.2 4.800000000000001 -2.778275725139334 7.309316108869424 1249.902731863657
5.4 4.2 5.0 -2.5808125995879783 6.818119350190943 1254.4507007301538
5.4 4.2 5.200000000000001 -1.984530724590261 5.262083382165383 1258.3525547006286
5.4 4.2 5.4 -1.0774178460504213 2.86406189825561 1260.984162883591
5.4 4.4 2.6000000000000005 1.077155028535448 -1.8247671402010779 1258.9112883171654
5.4 4.4 2.8 1.9840942423543506 -3.3579158648333607 1256.7893136546581
5.4 4.4 3.0 2.5803365740534323 -4.360834365143007 1253.6342830540484
5.4 4.4 3.2 2.7778781332762903 -4.687110957369566 1249.9438623261324
5.4 4.4 3.4000000000000004 2.552770080502531 -4.300564654095007 1246.2863029884895
5.4 4.4 3.6000000000000005 1.9450922681404914 -3.2726183332064394 1243.2106531287575
5.4 4.4 3.8 1.0495642449136893 -1.7644069583543087 1241.1681256402965
5.4 4.4 4.0 -2.8342014883745362e-14 -2.3344869477478443e-15 1240.4532388265086
5.4 4.4 4.2 -1.0495642449138975 1.764406958354378 1241.168125640297
5.4 4.4 4.4 -1.9450922681403526 3.272618333206856 1243.2106531287575
5.4 4.4 4.6 -2.552770080501976 4.300564654094729 1246.2863029884898
5.4 4.4 4.800000000000001 -2.7778781332760127 4.6871109573701215 1249.9438623261321
5.4 4.4 5.0 -2.5803365740534323 4.360834365143007 1253.6342830540473
5.4 4.4 5.200000000000001 -1.9840942423543506 3.357915864833916 1256.7893136546593
5.4 4.4 5.4 -1.0771550285360032 1.824767140201633 1258.911288317166
5.4 4.6 2.6000000000000005 1.0769938706284288 -1.0769938706284288 1257.626247018756
5.4 4.6 2.8 1.9838235359131984 -1.9838235359131984 1255.8164874756865
5.4 4.6 3.0 2.5800350869475963 -2.5800350869475963 1253.1215056376193
5.4 4.6 3.2 2.7776172154952983 -2.7776172154952983 1249.9630015747057
5.4 4.6 3.4000000000000004 2.552588259654154 -2.552588259654154 1246.826160774501
5.4 4.6 3.6000000000000005 1.944990912703115 -1.9449909127032539 1244.1834984160232
5.4 4.6 3.8 1.049522860555041 -1.0495228605549023 1242.4260865691235
5.4 4.6 4.0 -3.2319302082118465e-14 -4.0971427296430346e-15 1241.810536639091
5.4 4.6 4.2 -1.0495228605551798 1.0495228605551103 1242.4260865691235
5.4 4.6 4.4 -1.9449909127029763 1.9449909127029763 1244.1834984160232
5.4 4.6 4.6 -2.552588259654709 2.5525882596544314 1246.8261607745014
5.4 4.6 4.800000000000001 -2.777617215495576 2.7776172154958534 1249.9630015747055
5.4 4.6 5.0 -2.5800350869481514 2.5800350869475963 1253.1215056376177
5.4 4.6 5.200000000000001 -1.9838235359126433 1.9838235359126433 1255.8164874756872
5.4 4.6 5.4 -1.0769938706284288 1.0769938706278737 1257.626247018757
5.4 4.800000000000001 2.6000000000000005 1.0769010184574768 -0.4993166372718738 1256.9274647812522
5.4 4.800000000000001 2.8 1.9836657393002 -0.920236324299939 1255.286272438339
5.4 4.800000000000001 3.0 2.5798553827088844 -1.1977436750115755 1252.8404893744662
5.4 4.800000000000001 3.2 2.77745605810481 -1.2906345336460845 1249.9713091534259
5.4 4.800000000000001 3.4000000000000004 2.552469564156834 -1.1871173052438455 1247.1189292912816
5.4 4.800000000000001 3.6000000000000005 1.9449194205096998 -0.9052041026830215 1244.7137185278568
5.4 4.800000000000001 3.8 1.0494910389299839 -0.4886842455016638 1243.1131165529998
5.4 4.800000000000001 4.0 -3.012783851503023e-14 -4.2481352681760776e-15 1242.5522845476185
5.4 4.800000000000001 4.2 -1.0494910389299144 0.4886842455016638 1243.1131165529998
5.4 4.800000000000001 4.4 -1.944919420509561 0.905204102682744 1244.7137185278566
5.4 4.800000000000001 4.6 -2.5524695641571116 1.187117305244123 1247.1189292912825
5.4 4.800000000000001 4.800000000000001 -2.77745605810481 1.2906345336460845 1249.9713091534254
5.4 4.800000000000001 5.0 -2.5798553827088844 1.1977436750115755 1252.840489374464
5.4 4.800000000000001 5.200000000000001 -1.9836657393002 0.9202363243004941 1255.2862724383394
5.4 4.800000000000001 5.4 -1.0769010184574768 0.4993166372718738 1256.9274647812533
5.4 5.0 2.6000000000000005 1.07687011203228 -0.0 1256.706010694456
5.4 5.0 2.8 1.9836127923950064 -0.0 1255.118060437947
5.4 5.0 3.0 2.5797943909677823 -0.0 1252.7511074282731
5.4 5.0 3.2 2.7774002555641664 -0.0 1249.9736279444733
5.4 5.0 3.4000000000000004 2.5524273187640945 -0.0 1247.2115912054642
5.4 5.0 3.6000000000000005 1.9448930268889386 -0.0 1244.8819314757654
5.4 5.0 3.8 1.049478912014054 6.938893903907228e-14 1243.3312906718065
5.4 5.0 4.0 -2.7765565599292617e-14 -6.811456703348538e-15 1242.7879051300943
5.4 5.0 4.2 -1.0494789120142622 -0.0 1243.3312906718063
5.4 5.0 4.4 -1.9448930268892162 -2.7755575615628914e-13 1244.8819314757654
5.4 5.0 4.6 -2.5524273187646496 -0.0 1247.2115912054649
5.4 5.0 4.800000000000001 -2.7774002555641664 -2.7755575615628914e-13 1249.9736279444728
5.4 5.0 5.0 -2.579794390967227 -0.0 1252.751107428272
5.4 5.0 5.200000000000001 -1.9836127923950064 5.551115123125783e-13 1255.1180604379474
5.4 5.0 5.4 -1.07687011203228 -0.0 1256.7060106944566
5.4 5.200000000000001 2.6000000000000005 1.0769010184574768 0.4993166372718738 1256.9274647812522
5.4 5.200000000000001 2.8 1.9836657393002 0.920236324299939 1255.286272438339
5.4 5.200000000000001 3.0 2.5798553827088844 1.1977436750115755 1252.8404893744662
5.4 5.200000000000001 3.2 2.77745605810481 1.2906345336455294 1249.9713091534259
5.4 5.200000000000001 3.4000000000000004 2.552469564156834 1.1871173052438455 1247.1189292912816
5.4 5.200000000000001 3.6000000000000005 1.9449194205096998 0.9052041026830215 1244.713718527857
5.4 5.200000000000001 3.8 1.0494910389299839 0.4886842455016638 1243.1131165529998
5.4 5.200000000000001 4.0 -3.1192560480382355e-14 -1.0272725737747007e-14 1242.5522845476185
5.4 5.200000000000001 4.2 -1.0494910389299839 -0.4886842455016638 1243.1131165529996
5.4 5.200000000000001 4.4 -1.9449194205098386 -0.9052041026830215 1244.7137185278566
5.4 5.200000000000001 4.6 -2.552469564157389 -1.187117305244123 1247.1189292912825
5.4 5.200000000000001 4.800000000000001 -2.77745605810481 -1.2906345336460845 1249.9713091534254
5.4 5.200000000000001 5.0 -2.5798553827094395 -1.1977436750115755 1252.8404893744648
5.4 5.200000000000001 5.200000000000001 -1.983665739300755 -0.9202363243004941 1255.2862724383394
5.4 5.200000000000001 5.4 -1.0769010184574768 -0.4993166372718738 1256.9274647812529
5.4 5.4 2.6000000000000005 1.0769938706284288 1.0769938706284288 1257.626247018756
5.4 5.4 2.8 1.9838235359126433 1.9838235359131984 1255.8164874756865
5.4 5.4 3.0 2.5800350869481514 2.5800350869481514 1253.1215056376188
5.4 5.4 3.2 2.7776172154952983 2.7776172154952983 1249.9630015747057
5.4 5.4 3.4000000000000004 2.552588259654154 2.5525882596538763 1246.8261607745017
5.4 5.4 3.6000000000000005 1.9449909127032539 1.9449909127029763 1244.1834984160232
5.4 5.4 3.8 1.0495228605549023 1.0495228605548328 1242.4260865691235
5.4 5.4 4.0 -3.5942497947552956e-14 -1.4311671638252114e-14 1241.810536639091
5.4 5.4 4.2 -1.0495228605552491 -1.0495228605551103 1242.4260865691233
5.4 5.4 4.4 -1.9449909127029763 -1.94499091270256 1244.1834984160232
5.4 5.4 4.6 -2.552588259654709 -2.552588259654709 1246.8261607745017
5.4 5.4 4.800000000000001 -2.7776172154958534 -2.777617215495576 1249.9630015747055
5.4 5.4 5.0 -2.5800350869487065 -2.5800350869481514 1253.1215056376177
5.4 5.4 5.200000000000001 -1.9838235359131984 -1.9838235359131984 1255.8164874756872
5.4 5.4 5.4 -1.0769938706284288 -1.0769938706284288 1257.626247018757
5.4 5.6 2.6000000000000005 1.077155028535448 1.824767140201633 1258.9112883171654
5.4 5.6 2.8 1.9840942423543506 3.357915864833916 1256.7893136546586
5.4 5.6 3.0 2.5803365740534323 4.360834365143562 1253.6342830540484
5.4 5.6 3.2 2.777878133276568 4.6871109573701215 1249.9438623261315
5.4 5.6 3.4000000000000004 2.552770080501976 4.300564654094729 1246.286302988489
5.4 5.6 3.6000000000000005 1.9450922681402139 3.2726183332064394 1243.210653128758
5.4 5.6 3.8 1.0495642449137588 1.7644069583543087 1241.168125640297
5.4 5.6 4.0 -3.180503689348682e-14 -2.0191294219450682e-14 1240.4532388265086
5.4 5.6 4.2 -1.0495642449138975 -1.764406958354378 1241.168125640297
5.4 5.6 4.4 -1.945092268140075 -3.2726183332065784 1243.210653128757
5.4 5.6 4.6 -2.5527700805022535 -4.300564654095007 1246.2863029884895
5.4 5.6 4.800000000000001 -2.7778781332760127 -4.687110957369566 1249.943862326132
5.4 5.6 5.0 -2.5803365740534323 -4.360834365143007 1253.6342830540473
5.4 5.6 5.200000000000001 -1.9840942423543506 -3.357915864833916 1256.7893136546593
5.4 5.6 5.4 -1.0771550285360032 -1.824767140201633 1258.911288317166
5.4 5.800000000000001 2.6000000000000005 1.0774178460515316 2.8640618982550547 1260.98416288359
5.4 5.800000000000001 2.8 1.984530724590261 5.2620833821659385 1258.3525547006286
5.4 5.800000000000001 3.0 2.5808125995890885 6.818119350190943 1254.450700730155
5.4 5.800000000000001 3.2 2.778275725138224 7.3093161088688685 1249.9027318636568
5.4 5.800000000000001 3.4000000000000004 2.5530313135585514 6.689890192161374 1245.4116681503378
5.4 5.800000000000001 3.6000000000000005 1.945224841726767 5.080504842961824 1241.647340720283
5.4 5.800000000000001 3.8 1.0496120032101734 2.7354951718808196 1239.153468235917
5.4 5.800000000000001 4.0 -2.617558715331567e-14 -1.9978385946255895e-14 1238.2817227223825
5.4 5.800000000000001 4.2 -1.0496120032103122 -2.73549517188075 1239.1534682359168
5.4 5.800000000000001 4.4 -1.945224841727461 -5.080504842961409 1241.6473407202825
5.4 5.800000000000001 4.6 -2.553031313558829 -6.689890192160264 1245.4116681503388
5.4 5.800000000000001 4.800000000000001 -2.778275725139334 -7.309316108870534 1249.9027318636574
5.4 5.800000000000001 5.0 -2.5808125995879783 -6.818119350190388 1254.4507007301534
5.4 5.800000000000001 5.200000000000001 -1.984530724590261 -5.262083382165383 1258.3525547006286
5.4 5.800000000000001 5.4 -1.0774178460509765 -2.8640618982544996 1260.984162883591
5.4 6.0 2.6000000000000005 1.077884102883564 4.369258053484315 1264.1733716993313
5.4 6.0 2.8 1.9853026777028049 8.00802201314843 1260.7433711065946
5.4 6.0 3.0 2.5816503425762916 10.340043846531199 1255.6815157807512
5.4 6.0 3.2 2.778970981129336 11.042028253439305 1249.815633168102
5.4 6.0 3.4000000000000004 2.5534843006258523 10.069157386952964 1244.0574917225822
5.4 6.0 3.6000000000000005 1.945452071524939 7.624059116776993 1239.2562581084774
5.4 6.0 3.8 1.0496926826956965 4.097112222304911 1236.087620797335
5.4 6.0 4.0 -2.1172576958922785e-14 -1.2813265593469584e-14 1234.982248482747
5.4 6.0 4.2 -1.0496926826960433 -4.097112222304772 1236.0876207973356
5.4 6.0 4.4 -1.945452071524939 -7.624059116776854 1239.2562581084776
5.4 6.0 4.6 -2.5534843006258523 -10.069157386952408 1244.0574917225804
5.4 6.0 4.800000000000001 -2.778970981130169 -11.042028253440138 1249.8156331681018
5.4 6.0 5.0 -2.5816503425768467 -10.340043846531199 1255.6815157807523
5.4 6.0 5.200000000000001 -1.9853026777028049 -8.008022013147874 1260.743371106595
5.4 6.0 5.4 -1.077884102883564 -4.36925805348487 1264.1733716993313
5.4 6.200000000000001 2.6000000000000005 1.0787992906052812 6.6047082027342885 1268.9921848967383
5.4 6.200000000000001 2.8 1.9868243825155174 12.060335253805121 1264.3233404936755
5.4 6.200000000000001 3.0 2.583319017303576 15.491669494533955 1257.4847069704458
5.4 6.200000000000001 3.2 2.7803863311817723 16.449408424171196 1249.6318454040786
5.4 6.200000000000001 3.4000000000000004 2.554446152088219 14.920635457073006 1241.9936990136757
5.4 6.200000000000001 3.6000000000000005 1.945972230615045 11.249547605613474 1235.6752955556349
5.4 6.200000000000001 3.8 1.0498981758914199 6.028975260881294 1231.52940911914
5.4 6.200000000000001 4.0 -1.6509133765912445e-14 6.6817395022079535e-15 1230.0874982777725
5.4 6.200000000000001 4.2 -1.0498981758912118 -6.028975260881294 1231.52940911914
5.4 6.200000000000001 4.4 -1.9459722306149063 -11.249547605613612 1235.6752955556349
5.4 6.200000000000001 4.6 -2.554446152088219 -14.920635457073837 1241.9936990136755
5.4 6.200000000000001 4.800000000000001 -2.7803863311817723 -16.44940842416953 1249.6318454040786
5.4 6.200000000000001 5.0 -2.583319017303576 -15.49166949453451 1257.4847069704456
5.4 6.200000000000001 5.200000000000001 -1.9868243825144072 -12.060335253804011 1264.3233404936748
5.4 6.200000000000001 5.4 -1.0787992906052812 -6.604708202735399 1268.9921848967388
5.4 6.4 2.6000000000000005 1.0806839398436185 9.988739963917581 1276.2337069531366
5.4 6.4 2.8 1.9899724841832 18.13616163239329 1269.6303323983943
5.4 6.4 3.0 2.586811660499899 23.116139697940127 1260.0705889511173
5.4 6.4 3.2 2.7834213586558354 24.342811016911657 1249.244599130641
5.4 6.4 3.4000000000000004 2.556601778846146 21.914259004893186 1238.8576309040243
5.4 6.4 3.6000000000000005 1.9472225009160848 16.424565539526757 1230.3645979122857
5.4 6.4 3.8 1.0504356575254115 8.769326784928351 1224.8380731917216
5.4 6.4 4.0 -1.1109245959284223e-14 2.584984114864842e-14 1222.9242979609844
5.4 6.4 4.2 -1.050435657525689 -8.769326784928005 1224.838073191722
5.4 6.4 4.4 -1.9472225009165012 -16.424565539526895 1230.364597912285
5.4 6.4 4.6 -2.5566017788458684 -21.914259004893186 1238.8576309040245
5.4 6.4 4.800000000000001 -2.783421358656113 -24.342811016910826 1249.244599130641
5.4 6.4 5.0 -2.586811660498789 -23.116139697940685 1260.070588951118
5.4 6.4 5.200000000000001 -1.989972484182645 -18.13616163239329 1269.6303323983943
5.4 6.4 5.4 -1.0806839398430634 -9.98873996391536 1276.2337069531354
5.6 3.6000000000000005 2.6000000000000005 1.829412565609867 -9.99217803388297 1277.5223535963032
5.6 3.6000000000000005 2.8 3.3653713177800304 -18.141860018411336 1270.6048728309
5.6 3.6000000000000005 3.0 4.368457670976822 -23.122390394890168 1260.5829938799498
5.6 3.6000000000000005 3.2 4.6927866969198595 -24.348166541545144 1249.2236773609795
5.6 3.6000000000000005 3.4000000000000004 4.303541239913111 -21.917999208339587 1238.3156184204058
5.6 3.6000000000000005 3.6000000000000005 3.273485713104901 -16.426693223649675 1229.3900292054407
5.6 3.6000000000000005 3.8 1.7643815375877752 -8.770224473729423 1223.5790341033412
5.6 3.6000000000000005 4.0 -4.6213888142816816e-15 -9.085493227405348e-15 1221.5662135114947
5.6 3.6000000000000005 4.2 -1.764381537587914 8.770224473729494 1223.5790341033405
5.6 3.6000000000000005 4.4 -3.2734857131047623 16.426693223649952 1229.3900292054407
5.6 3.6000000000000005 4.6 -4.303541239913111 21.917999208340422 1238.315618420407
5.6 3.6000000000000005 4.800000000000001 -4.6927866969195815 24.3481665415457 1249.2236773609807
5.6 3.6000000000000005 5.0 -4.368457670976267 23.122390394890722 1260.582993879951
5.6 3.6000000000000005 5.200000000000001 -3.3653713177800304 18.141860018411894 1270.6048728308983
5.6 3.6000000000000005 5.4 -1.829412565609867 9.99217803388297 1277.5223535963014
5.6 3.8 2.6000000000000005 1.827090831215128 -6.60635795424136 1270.2789878881592
5.6 3.8 2.8 3.361630734958765 -12.063060019378845 1265.296983664496
5.6 3.8 3.0 4.364589541919206 -15.494625658570849 1257.9972566475635
5.6 3.8 3.2 4.68982298720555 -16.45187836971429 1249.6117805802994
5.6 3.8 3.4000000000000004 4.301865978428021 -14.922278975450231 1241.4527581671514
5.6 3.8 3.6000000000000005 3.272857845899729 -11.250410271365224 1234.701630607859
5.6 3.8 3.8 1.7642694762261268 -6.029304014297034 1230.2709972971256
5.6 3.8 4.0 -8.857409299148725e-15 -5.675872524715563e-15 1228.7299145110994
5.6 3.8 4.2 -1.7642694762264737 6.029304014297034 1230.270997297126
5.6 3.8 4.4 -3.2728578459001456 11.250410271366057 1234.701630607859
5.6 3.8 4.6 -4.301865978428854 14.922278975450508 1241.4527581671518
5.6 3.8 4.800000000000001 -4.68982298720555 16.451878369713736 1249.6117805802992
5.6 3.8 5.0 -4.364589541918096 15.494625658569738 1257.9972566475633
5.6 3.8 5.200000000000001 -3.361630734958765 12.06306001937718 1265.2969836644957
5.6 3.8 5.4 -1.827090831215128 6.606357954241915 1270.2789878881588
5.6 4.0 2.6000000000000005 1.8259879865351047 -4.370068801564098 1265.4592935769242
5.6 4.0 2.8 3.3598778597909718 -8.00935261229152 1261.7166051265704
5.6 4.0 3.0 4.3628365156911375 -10.341465167092444 1256.1941755296143
5.6 4.0 3.2 4.688581724191787 -11.043177266426284 1249.7960240441002
5.6 4.0 3.4000000000000004 4.301298992576974 -10.069873030751907 1243.517086518755
5.6 4.0 3.6000000000000005 3.2727857149271453 -7.6243900612746325 1238.283004166594
5.6 4.0 3.8 1.7643575833144187 -4.097214870206617 1234.8294443747063
5.6 4.0 4.0 -1.3136304811263403e-14 -7.984880566614638e-15 1233.6248215400885
5.6 4.0 4.2 -1.764357583314488 4.097214870206756 1234.8294443747066
5.6 4.0 4.4 -3.272785714927423 7.624390061274077 1238.2830041665943
5.6 4.0 4.6 -4.301298992577252 10.06987303075163 1243.5170865187545
5.6 4.0 4.800000000000001 -4.688581724191787 11.043177266424342 1249.7960240441
5.6 4.0 5.0 -4.362836515691693 10.341465167092444 1256.1941755296143
5.6 4.0 5.200000000000001 -3.359877859792082 8.00935261229041 1261.7166051265704
5.6 4.0 5.4 -1.8259879865351047 4.370068801565208 1265.4592935769242
5.6 4.2 2.6000000000000005 1.8254006164347691 -2.8644959047136043 1262.2696352758678
5.6 4.2 2.8 3.3589480204065936 -5.2627948367717226 1259.3255872989678
5.6 4.2 3.0 4.361917655545389 -6.818875994947238 1254.9634319934287
5.6 4.2 3.2 4.687952986476007 -7.309920480664256 1249.88337271664
5.6 4.2 3.4000000000000004 4.301044914546137 -6.690256056447463 1244.871545372303
5.6 4.2 3.6000000000000005 3.27279709126535 -5.0806631327204865 1240.674288768404
5.6 4.2 3.8 1.7644365765442231 -2.735537678643304 1237.8953873584003
5.6 4.2 4.0 -2.5718136009747586e-14 -1.1924227070603214e-14 1236.9243442515126
5.6 4.2 4.2 -1.7644365765438763 2.7355376786430265 1237.8953873584
5.6 4.2 4.4 -3.2727970912650726 5.080663132720347 1240.674288768404
5.6 4.2 4.6 -4.301044914546137 6.690256056446908 1244.871545372302
5.6 4.2 4.800000000000001 -4.687952986474341 7.309920480665088 1249.88337271664
5.6 4.2 5.0 -4.361917655545944 6.818875994946683 1254.9634319934294
5.6 4.2 5.200000000000001 -3.3589480204065936 5.262794836771167 1259.3255872989682
5.6 4.2 5.4 -1.825400616434214 2.864495904713049 1262.2696352758683
5.6 4.4 2.6000000000000005 1.82502761303438 -1.82502761303438 1260.1964987401525
5.6 4.4 2.8 3.3583469587028514 -3.3583469587022963 1257.7622250363368
5.6 4.4 3.0 4.361301257344019 -4.361301257344019 1254.1470498857218
5.6 4.4 3.2 4.6874958980833155 -4.68749589808276 1249.9246439826
5.6 4.4 3.4000000000000004 4.300811647851566 -4.300811647851566 1245.7463438666987
5.6 4.4 3.6000000000000005 3.2727382818961703 -3.272738281896448 1242.2377225443981
5.6 4.4 3.8 1.7644472874982913 -1.7644472874981525 1239.9101075074268
5.6 4.4 4.0 -3.540237550078231e-14 -9.043616299930175e-15 1239.095896897375
5.6 4.4 4.2 -1.7644472874980832 1.764447287497875 1239.910107507427
5.6 4.4 4.4 -3.272738281896864 3.2727382818967254 1242.2377225443981
5.6 4.4 4.6 -4.300811647851566 4.3008116478510106 1245.7463438666994
5.6 4.4 4.800000000000001 -4.687495898083871 4.687495898084426 1249.9246439825997
5.6 4.4 5.0 -4.361301257343464 4.361301257343464 1254.1470498857204
5.6 4.4 5.200000000000001 -3.3583469587028514 3.3583469587022963 1257.7622250363368
5.6 4.4 5.4 -1.825027613033825 1.825027613033825 1260.1964987401532
5.6 4.6 2.6000000000000005 1.824767140201633 -1.077155028535448 1258.9112883171654
5.6 4.6 2.8 3.357915864833916 -1.9840942423543506 1256.7893136546581
5.6 4.6 3.0 4.360834365143562 -2.5803365740534323 1253.6342830540484
5.6 4.6 3.2 4.6871109573701215 -2.7778781332762903 1249.9438623261324
5.6 4.6 3.4000000000000004 4.300564654094729 -2.552770080502531 1246.2863029884893
5.6 4.6 3.6000000000000005 3.272618333206301 -1.9450922681404914 1243.2106531287575
5.6 4.6 3.8 1.7644069583544475 -1.0495642449136893 1241.1681256402967
5.6 4.6 4.0 -3.927414570666525e-14 -5.505836619553182e-15 1240.4532388265088
5.6 4.6 4.2 -1.7644069583544475 1.0495642449137588 1241.168125640297
5.6 4.6 4.4 -3.272618333206856 1.9450922681403526 1243.210653128757
5.6 4.6 4.6 -4.300564654095007 2.5527700805022535 1246.2863029884898
5.6 4.6 4.800000000000001 -4.687110957369011 2.7778781332760127 1249.9438623261324
5.6 4.6 5.0 -4.360834365143007 2.5803365740534323 1253.6342830540473
5.6 4.6 5.200000000000001 -3.357915864833916 1.9840942423543506 1256.7893136546586
5.6 4.6 5.4 -1.824767140201633 1.0771550285360032 1258.911288317166
5.6 4.800000000000001 2.6000000000000005 1.8246036376112773 -0.4993967804145516 1258.2124044977982
5.6 4.800000000000001 2.8 3.3576397700252336 -0.9203724352757625 1256.2590434908188
5.6 4.800000000000001 3.0 4.360523744702527 -1.1978984076788102 1253.3532659947998
5.6 4.800000000000001 3.2 4.686837388439835 -1.290773011990154 1249.9522104761509
5.6 4.800000000000001 3.4000000000000004 4.3003685939468905 -1.187218929172007 1246.5791297318344
5.6 4.800000000000001 3.6000000000000005 3.2725043528725184 -0.9052650885230107 1243.740928379987
5.6 4.800000000000001 3.8 1.7643581448427426 -0.4887112487193118 1241.8551997755674
5.6 4.800000000000001 4.0 -3.880414937357223e-14 -3.54856024381792e-15 1241.1950253872023
5.6 4.800000000000001 4.2 -1.7643581448428118 0.48871124871924243 1241.8551997755674
5.6 4.800000000000001 4.4 -3.2725043528723794 0.9052650885224556 1243.7409283799866
5.6 4.800000000000001 4.6 -4.300368593947168 1.1872189291717294 1246.5791297318349
5.6 4.800000000000001 4.800000000000001 -4.68683738844039 1.290773011990154 1249.9522104761509
5.6 4.800000000000001 5.0 -4.360523744703082 1.1978984076793653 1253.3532659947987
5.6 4.800000000000001 5.200000000000001 -3.3576397700246785 0.9203724352757625 1256.2590434908193
5.6 4.800000000000001 5.4 -1.8246036376118324 0.4993967804139965 1258.2124044977988
5.6 5.0 2.6000000000000005 1.8245470599115299 -0.0 1257.9909158818896
5.6 5.0 2.8 3.35754332216609 -0.0 1256.090812027394
5.6 5.0 3.0 4.360413307779587 -0.0 1253.263882477334
5.6 5.0 3.2 4.686737329203106 -0.0 1249.9545418046391
5.6 5.0 3.4000000000000004 4.300293824621437 -0.0 1246.6718109119565
5.6 5.0 3.6000000000000005 3.2724583450800813 -0.0 1243.9091608092103
5.6 5.0 3.8 1.7643372525376344 -0.0 1242.0733907288197
5.6 5.0 4.0 -3.906059348572049e-14 -7.287290400057049e-15 1241.4306613239473
5.6 5.0 4.2 -1.7643372525376344 -0.0 1242.0733907288193
5.6 5.0 4.4 -3.2724583450799427 -2.7755575615628914e-13 1243.9091608092094
5.6 5.0 4.6 -4.300293824621437 -2.7755575615628914e-13 1246.6718109119574
5.6 5.0 4.800000000000001 -4.686737329203938 -0.0 1249.95454180464
5.6 5.0 5.0 -4.360413307779587 -0.0 1253.2638824773328
5.6 5.0 5.200000000000001 -3.35754332216609 -0.0 1256.0908120273932
5.6 5.0 5.4 -1.8245470599115299 -0.0 1257.9909158818903
5.6 5.200000000000001 2.6000000000000005 1.8246036376112773 0.4993967804145516 1258.2124044977982
5.6 5.200000000000001 2.8 3.3576397700252336 0.9203724352752074 1256.2590434908188
5.6 5.200000000000001 3.0 4.360523744702527 1.1978984076793653 1253.3532659947998
5.6 5.200000000000001 3.2 4.686837388439835 1.290773011990154 1249.9522104761509
5.6 5.200000000000001 3.4000000000000004 4.3003685939468905 1.187218929172007 1246.5791297318344
5.6 5.200000000000001 3.6000000000000005 3.2725043528725184 0.9052650885231495 1243.740928379987
5.6 5.200000000000001 3.8 1.7643581448425343 0.4887112487193118 1241.8551997755674
5.6 5.200000000000001 4.0 -4.0553469243255334e-14 -1.0845416153025893e-14 1241.1950253872023
5.6 5.200000000000001 4.2 -1.7643581448427426 -0.4887112487194506 1241.8551997755671
5.6 5.200000000000001 4.4 -3.272504352872102 -0.9052650885224556 1243.7409283799864
5.6 5.200000000000001 4.6 -4.300368593947168 -1.1872189291717294 1246.5791297318353
5.6 5.200000000000001 4.800000000000001 -4.686837388440113 -1.290773011990154 1249.952210476151
5.6 5.200000000000001 5.0 -4.360523744702527 -1.1978984076799204 1253.3532659947987
5.6 5.200000000000001 5.200000000000001 -3.3576397700252336 -0.9203724352757625 1256.2590434908193
5.6 5.200000000000001 5.4 -1.8246036376118324 -0.4993967804139965 1258.2124044977988
5.6 5.4 2.6000000000000005 1.824767140201633 1.077155028535448 1258.911288317165
5.6 5.4 2.8 3.357915864833916 1.9840942423543506 1256.7893136546586
5.6 5.4 3.0 4.360834365143562 2.5803365740534323 1253.6342830540489
5.6 5.4 3.2 4.687110957369566 2.7778781332762903 1249.943862326132
5.6 5.4 3.4000000000000004 4.300564654095007 2.552770080501976 1246.2863029884895
5.6 5.4 3.6000000000000005 3.2726183332064394 1.9450922681402139 1243.2106531287575
5.6 5.4 3.8 1.764406958354378 1.0495642449137588 1241.1681256402965
5.6 5.4 4.0 -3.918897857418352e-14 -1.1426902737230105e-14 1240.4532388265086
5.6 5.4 4.2 -1.7644069583544475 -1.0495642449138975 1241.168125640297
5.6 5.4 4.4 -3.2726183332065784 -1.945092268140075 1243.2106531287573
5.6 5.4 4.6 -4.300564654095007 -2.552770080501976 1246.2863029884898
5.6 5.4 4.800000000000001 -4.687110957369011 -2.7778781332760127 1249.943862326132
5.6 5.4 5.0 -4.360834365143007 -2.5803365740534323 1253.6342830540473
5.6 5.4 5.200000000000001 -3.357915864833916 -1.9840942423543506 1256.7893136546593
5.6 5.4 5.4 -1.824767140201633 -1.0771550285360032 1258.911288317166
5.6 5.6 2.6000000000000005 1.82502761303438 1.82502761303438 1260.1964987401525
5.6 5.6 2.8 3.3583469587022963 3.3583469587028514 1257.7622250363368
5.6 5.6 3.0 4.361301257343464 4.361301257343464 1254.1470498857218
5.6 5.6 3.2 4.68749589808276 4.68749589808276 1249.9246439825995
5.6 5.6 3.4000000000000004 4.300811647851843 4.300811647851288 1245.7463438666982
5.6 5.6 3.6000000000000005 3.272738281896448 3.2727382818960313 1242.2377225443988
5.6 5.6 3.8 1.7644472874981525 1.7644472874979444 1239.910107507427
5.6 5.6 4.0 -3.322249319286336e-14 -1.455284036500839e-14 1239.0958968973748
5.6 5.6 4.2 -1.7644472874979444 -1.7644472874978057 1239.910107507427
5.6 5.6 4.4 -3.272738281897003 -3.272738281896864 1242.2377225443981
5.6 5.6 4.6 -4.300811647851288 -4.300811647851288 1245.7463438666994
5.6 5.6 4.800000000000001 -4.687495898083871 -4.687495898084426 1249.9246439825997
5.6 5.6 5.0 -4.361301257342909 -4.361301257342909 1254.1470498857204
5.6 5.6 5.200000000000001 -3.3583469587022963 -3.3583469587022963 1257.7622250363368
5.6 5.6 5.4 -1.8250276130332699 -1.82502761303438 1260.1964987401532
5.6 5.800000000000001 2.6000000000000005 1.825400616434214 2.864495904713049 1262.2696352758678
5.6 5.800000000000001 2.8 3.3589480204065936 5.2627948367717226 1259.3255872989678
5.6 5.800000000000001 3.0 4.361917655545389 6.818875994947238 1254.9634319934287
5.6 5.800000000000001 3.2 4.687952986476007 7.309920480664256 1249.8833727166398
5.6 5.800000000000001 3.4000000000000004 4.301044914546137 6.6902560564480185 1244.8715453723028
5.6 5.800000000000001 3.6000000000000005 3.2727970912650726 5.080663132720625 1240.6742887684043
5.6 5.800000000000001 3.8 1.7644365765442926 2.7355376786430265 1237.8953873584005
5.6 5.800000000000001 4.0 -2.6867566082210647e-14 -1.5764801232338066e-14 1236.9243442515128
5.6 5.800000000000001 4.2 -1.764436576544015 -2.7355376786430963 1237.8953873584
5.6 5.800000000000001 4.4 -3.2727970912646565 -5.080663132720347 1240.6742887684038
5.6 5.800000000000001 4.6 -4.30104491454586 -6.690256056447185 1244.871545372302
5.6 5.800000000000001 4.800000000000001 -4.687952986476007 -7.309920480665643 1249.8833727166402
5.6 5.800000000000001 5.0 -4.361917655545389 -6.818875994946683 1254.9634319934294
5.6 5.800000000000001 5.200000000000001 -3.3589480204065936 -5.262794836771167 1259.3255872989678
5.6 5.800000000000001 5.4 -1.825400616434214 -2.864495904712494 1262.2696352758683
5.6 6.0 2.6000000000000005 1.8259879865351047 4.370068801564098 1265.4592935769242
5.6 6.0 2.8 3.3598778597909718 8.00935261229152 1261.716605126571
5.6 6.0 3.0 4.3628365156911375 10.341465167092444 1256.1941755296143
5.6 6.0 3.2 4.688581724191787 11.043177266426563 1249.7960240441002
5.6 6.0 3.4000000000000004 4.301298992576974 10.069873030752184 1243.5170865187547
5.6 6.0 3.6000000000000005 3.27278571492659 7.6243900612749105 1238.2830041665936
5.6 6.0 3.8 1.7643575833139329 4.097214870206825 1234.8294443747066
5.6 6.0 4.0 -2.0426977724511097e-14 -7.450429167297726e-15 1233.6248215400885
5.6 6.0 4.2 -1.764357583314488 -4.097214870206617 1234.8294443747066
5.6 6.0 4.4 -3.2727857149278394 -7.624390061274216 1238.283004166594
5.6 6.0 4.6 -4.3012989925766965 -10.069873030751353 1243.517086518754
5.6 6.0 4.800000000000001 -4.688581724190676 -11.043177266424896 1249.7960240441002
5.6 6.0 5.0 -4.362836515691693 -10.341465167092444 1256.1941755296148
5.6 6.0 5.200000000000001 -3.359877859791527 -8.00935261229041 1261.716605126571
5.6 6.0 5.4 -1.8259879865356599 -4.370068801564098 1265.4592935769242
5.6 6.200000000000001 2.6000000000000005 1.827090831215683 6.606357954241915 1270.2789878881592
5.6 6.200000000000001 2.8 3.361630734958765 12.063060019378845 1265.296983664496
5.6 6.200000000000001 3.0 4.364589541919761 15.494625658570849 1257.9972566475637
5.6 6.200000000000001 3.2 4.689822987206382 16.45187836971429 1249.6117805802994
5.6 6.200000000000001 3.4000000000000004 4.301865978428299 14.922278975449954 1241.4527581671512
5.6 6.200000000000001 3.6000000000000005 3.272857845899729 11.25041027136564 1234.701630607859
5.6 6.200000000000001 3.8 1.764269476226335 6.029304014296827 1230.2709972971256
5.6 6.200000000000001 4.0 -1.0229105456980085e-14 1.2031972816906889e-14 1228.7299145110994
5.6 6.200000000000001 4.2 -1.7642694762265432 -6.029304014297034 1230.2709972971259
5.6 6.200000000000001 4.4 -3.272857845899868 -11.250410271365917 1234.701630607859
5.6 6.200000000000001 4.6 -4.301865978428576 -14.922278975450231 1241.4527581671514
5.6 6.200000000000001 4.800000000000001 -4.68982298720555 -16.451878369713178 1249.6117805802992
5.6 6.200000000000001 5.0 -4.364589541918651 -15.494625658569738 1257.9972566475637
5.6 6.200000000000001 5.200000000000001 -3.3616307349582097 -12.063060019377735 1265.296983664496
5.6 6.200000000000001 5.4 -1.827090831215128 -6.60635795424247 1270.2789878881588
5.6 6.4 2.6000000000000005 1.829412565609867 9.992178033883524 1277.5223535963032
5.6 6.4 2.8 3.3653713177800304 18.14186001841078 1270.6048728309
5.6 6.4 3.0 4.368457670977377 23.122390394890168 1260.5829938799498
5.6 6.4 3.2 4.692786696920137 24.348166541545144 1249.2236773609793
5.6 6.4 3.4000000000000004 4.303541239913666 21.917999208339587 1238.315618420406
5.6 6.4 3.6000000000000005 3.2734857131044848 16.426693223649394 1229.3900292054407
5.6 6.4 3.8 1.7643815375879834 8.77022447372984 1223.5790341033407
5.6 6.4 4.0 -7.803473038990018e-15 3.008877534918753e-14 1221.5662135114947
5.6 6.4 4.2 -1.764381537587914 -8.770224473729701 1223.5790341033407
5.6 6.4 4.4 -3.27348571310504 -16.426693223649814 1229.390029205441
5.6 6.4 4.6 -4.303541239913111 -21.917999208340422 1238.3156184204067
5.6 6.4 4.800000000000001 -4.692786696920692 -24.348166541545144 1249.2236773609807
5.6 6.4 5.0 -4.368457670976267 -23.122390394890722 1260.5829938799502
5.6 6.4 5.200000000000001 -3.3653713177800304 -18.141860018411894 1270.6048728308983
5.6 6.4 5.4 -1.829412565609867 -9.992178033883524 1277.522353596302
5.800000000000001 3.6000000000000005 2.6000000000000005 2.86891004986356 -9.996068393067214 1279.5990782709166
5.800000000000001 3.6000000000000005 2.8 5.26924694010833 -18.148038479193218 1272.1693775037618
5.800000000000001 3.6000000000000005 3.0 6.824116385663603 -23.12862046949027 1261.3980043302574
5.800000000000001 3.6000000000000005 3.2 7.311727620056551 -24.35273733912474 1249.1796826995767
5.800000000000001 3.6000000000000005 3.4000000000000004 6.68853642953493 -21.920363820690234 1237.4383299202088
5.800000000000001 3.6000000000000005 3.6000000000000005 5.0772452790755205 -16.427373649186837 1227.8254382099606
5.800000000000001 3.6000000000000005 3.8 2.7329525746524332 -8.770203074400657 1221.564587478617
5.800000000000001 3.6000000000000005 4.0 -4.4696099434727815e-15 -8.295856875325245e-15 1219.3955348858085
5.800000000000001 3.6000000000000005 4.2 -2.7329525746525722 8.770203074400309 1221.564587478617
5.800000000000001 3.6000000000000005 4.4 -5.077245279074827 16.4273736491867 1227.8254382099599
5.800000000000001 3.6000000000000005 4.6 -6.68853642953493 21.920363820689957 1237.438329920209
5.800000000000001 3.6000000000000005 4.800000000000001 -7.311727620056551 24.35273733912557 1249.1796826995778
5.800000000000001 3.6000000000000005 5.0 -6.8241163856641585 23.12862046949027 1261.398004330258
5.800000000000001 3.6000000000000005 5.200000000000001 -5.269246940108885 18.148038479192106 1272.1693775037606
5.800000000000001 3.6000000000000005 5.4 -2.868910049863005 9.996068393067214 1279.5990782709155
5.800000000000001 3.8 2.6000000000000005 2.8667145100030877 -6.608132781809051 1272.353815631697
5.800000000000001 3.8 2.8 5.266030415166378 -12.065828711794179 1266.8608392043795
5.800000000000001 3.8 3.0 6.821470322156964 -15.497290649820194 1258.8128992226934
5.800000000000001 3.8 3.2 7.310727565961184 -16.453613396899545 1249.5691218405868
5.800000000000001 3.8 3.4000000000000004 6.689228770616895 -14.922877704409142 1240.576733872369
5.800000000000001 3.8 3.6000000000000005 5.078767996492816 -11.250247603790813 1233.1376990534332
5.800000000000001 3.8 3.8 2.73412170194269 -6.028999215154859 1228.2565512732403
5.800000000000001 3.8 4.0 -7.892939580107223e-15 -9.581899834150381e-15 1226.5589593253198
5.800000000000001 3.8 4.2 -2.7341217019429678 6.028999215154651 1228.2565512732401
5.800000000000001 3.8 4.4 -5.078767996492816 11.250247603791092 1233.137699053433
5.800000000000001 3.8 4.6 -6.68922877061745 14.922877704409698 1240.5767338723701
5.800000000000001 3.8 4.800000000000001 -7.310727565961739 16.45361339689899 1249.5691218405882
5.800000000000001 3.8 5.0 -6.821470322156964 15.497290649819083 1258.8128992226918
5.800000000000001 3.8 5.200000000000001 -5.2660304151669335 12.065828711791958 1266.8608392043784
5.800000000000001 3.8 5.4 -2.8667145100025326 6.608132781809606 1272.3538156316977
5.800000000000001 4.0 2.6000000000000005 2.8656745200122957 -4.370948268265784 1267.5332495591224
5.800000000000001 4.0 2.8 5.264561289543002 -8.010704727701157 1263.2802196357507
5.800000000000001 4.0 3.0 6.820401931036391 -10.342715732906127 1257.0102196451521
5.800000000000001 4.0 3.2 7.310607896189036 -11.043898254169681 1249.754095644988
5.800000000000001 4.0 3.4000000000000004 6.6900313805023925 -10.06997845083457 1242.6416957133174
5.800000000000001 4.0 3.6000000000000005 5.079950689887425 -7.624119871411372 1236.719316699215
5.800000000000001 4.0 3.8 2.734961107610442 -4.096945121987022 1232.8148350824079
5.800000000000001 4.0 4.0 -1.5052838236859144e-14 -1.8683163787395745e-14 1231.453533316118
5.800000000000001 4.0 4.2 -2.7349611076106504 4.0969451219873 1232.8148350824083
5.800000000000001 4.0 4.4 -5.07995068988798 7.62411987141151 1236.719316699215
5.800000000000001 4.0 4.6 -6.690031380502948 10.069978450834848 1242.641695713317
5.800000000000001 4.0 4.800000000000001 -7.310607896188481 11.043898254170236 1249.7540956449873
5.800000000000001 4.0 5.0 -6.820401931036946 10.342715732903907 1257.010219645151
5.800000000000001 4.0 5.200000000000001 -5.264561289543002 8.010704727700046 1263.280219635751
5.800000000000001 4.0 5.4 -2.865674520012851 4.370948268265784 1267.5332495591235
5.800000000000001 4.2 2.6000000000000005 2.8650222717557794 -2.8650222717557794 1264.343110903996
5.800000000000001 4.2 2.8 5.263614283255169 -5.263614283254059 1260.8890717397392
5.800000000000001 4.2 3.0 6.819654608538617 -6.819654608538617 1255.779705696225
5.800000000000001 4.2 3.2 7.31040193497845 -7.31040193497734 1249.8418591226584
5.800000000000001 4.2 3.4000000000000004 6.690377536886505 -6.690377536886505 1243.9965122551273
5.800000000000001 4.2 3.6000000000000005 5.0805522759918285 -5.080552275992522 1239.1107323822807
5.800000000000001 4.2 3.8 2.7354054676967388 -2.7354054676970163 1235.8806711446516
5.800000000000001 4.2 4.0 -2.7326341438748865e-14 -2.5393444366565832e-14 1234.7528495692943
5.800000000000001 4.2 4.2 -2.7354054676974324 2.735405467697224 1235.8806711446516
5.800000000000001 4.2 4.4 -5.0805522759918285 5.08055227599169 1239.1107323822805
5.800000000000001 4.2 4.6 -6.690377536886227 6.690377536886227 1243.996512255129
5.800000000000001 4.2 4.800000000000001 -7.310401934976785 7.31040193497734 1249.8418591226573
5.800000000000001 4.2 5.0 -6.819654608539172 6.819654608539172 1255.7797056962215
5.800000000000001 4.2 5.200000000000001 -5.263614283254614 5.263614283254614 1260.8890717397403
5.800000000000001 4.2 5.4 -2.8650222717563345 2.8650222717568896 1264.3431109039975
5.800000000000001 4.4 2.6000000000000005 2.864495904713049 -1.825400616434214 1262.2696352758683
5.800000000000001 4.4 2.8 5.2627948367717226 -3.3589480204060385 1259.3255872989678
5.800000000000001 4.4 3.0 6.818875994947793 -4.361917655544834 1254.9634319934287
5.800000000000001 4.4 3.2 7.309920480664256 -4.687952986475452 1249.88337271664
5.800000000000001 4.4 3.4000000000000004 6.690256056447463 -4.301044914546415 1244.8715453723023
5.800000000000001 4.4 3.6000000000000005 5.080663132720347 -3.272797091265489 1240.6742887684043
5.800000000000001 4.4 3.8 2.735537678643374 -1.7644365765440844 1237.8953873584005
5.800000000000001 4.4 4.0 -3.531261610911114e-14 -1.589049664466551e-14 1236.9243442515124
5.800000000000001 4.4 4.2 -2.735537678643235 1.7644365765438068 1237.8953873584
5.800000000000001 4.4 4.4 -5.080663132720347 3.2727970912650726 1240.674288768404
5.800000000000001 4.4 4.6 -6.690256056447185 4.30104491454586 1244.8715453723028
5.800000000000001 4.4 4.800000000000001 -7.309920480665643 4.687952986475452 1249.8833727166402
5.800000000000001 4.4 5.0 -6.818875994946683 4.361917655545944 1254.9634319934282
5.800000000000001 4.4 5.200000000000001 -5.262794836771167 3.3589480204065936 1259.325587298969
5.800000000000001 4.4 5.4 -2.864495904713049 1.825400616434214 1262.2696352758687
5.800000000000001 4.6 2.6000000000000005 2.8640618982550547 -1.0774178460515316 1260.98416288359
5.800000000000001 4.6 2.8 5.2620833821659385 -1.9845307245908161 1258.3525547006286
5.800000000000001 4.6 3.0 6.818119350191498 -2.5808125995890885 1254.4507007301554
5.800000000000001 4.6 3.2 7.3093161088688685 -2.778275725138779 1249.9027318636568
5.800000000000001 4.6 3.4000000000000004 6.689890192161096 -2.553031313558829 1245.4116681503372
5.800000000000001 4.6 3.6000000000000005 5.080504842961686 -1.9452248417269058 1241.647340720283
5.800000000000001 4.6 3.8 2.7354951718808196 -1.049612003210451 1239.1534682359172
5.800000000000001 4.6 4.0 -3.96219180505557e-14 -7.498916602432963e-15 1238.281722722382
5.800000000000001 4.6 4.2 -2.7354951718808196 1.0496120032103817 1239.1534682359168
5.800000000000001 4.6 4.4 -5.080504842961409 1.945224841727461 1241.6473407202827
5.800000000000001 4.6 4.6 -6.689890192160264 2.553031313558829 1245.4116681503392
5.800000000000001 4.6 4.800000000000001 -7.309316108869979 2.778275725139334 1249.9027318636574
5.800000000000001 4.6 5.0 -6.818119350190943 2.5808125995879783 1254.4507007301527
5.800000000000001 4.6 5.200000000000001 -5.262083382165383 1.9845307245908161 1258.3525547006286
5.800000000000001 4.6 5.4 -2.8640618982550547 1.0774178460498662 1260.984162883591
5.800000000000001 4.800000000000001 2.6000000000000005 2.8637668303649333 -0.49953671756197693 1260.2851045512775
5.800000000000001 4.800000000000001 2.8 5.261586401423268 -0.9206088669677648 1257.8221925454302
5.800000000000001 4.800000000000001 3.0 6.8175622264243785 -1.1981647323755507 1254.1696869928808
5.800000000000001 4.800000000000001 3.2 7.3088276328106545 -1.2910081618131009 1249.9111540026702
5.800000000000001 4.800000000000001 3.4000000000000004 6.689541836324142 -1.1873881347171378 1245.7045962557143
5.800000000000001 4.800000000000001 3.6000000000000005 5.080303329335623 -0.9053640908092409 1242.1777080787526
5.800000000000001 4.800000000000001 3.8 2.7354092408610198 -0.4887539513184769 1239.8406122001272
5.800000000000001 4.800000000000001 4.0 -4.1793837785971883e-14 -4.034583047231317e-15 1239.023568257933
5.800000000000001 4.800000000000001 4.2 -2.73540924086095 0.4887539513184769 1239.8406122001275
5.800000000000001 4.800000000000001 4.4 -5.080303329335761 0.9053640908096572 1242.1777080787524
5.800000000000001 4.800000000000001 4.6 -6.689541836323587 1.187388134717693 1245.7045962557145
5.800000000000001 4.800000000000001 4.800000000000001 -7.308827632812598 1.291008161811158 1249.9111540026695
5.800000000000001 4.800000000000001 5.0 -6.817562226423268 1.1981647323749955 1254.1696869928796
5.800000000000001 4.800000000000001 5.200000000000001 -5.261586401422713 0.9206088669683199 1257.8221925454307
5.800000000000001 4.800000000000001 5.4 -2.8637668303649333 0.49953671756197693 1260.285104551278
5.800000000000001 5.0 2.6000000000000005 2.8636617078126037 -0.0 1260.0635540166222
5.800000000000001 5.0 2.8 5.261407323523537 -0.0 1257.653926685815
5.800000000000001 5.0 3.0 6.8173572887664236 -0.0 1254.0803014353103
5.800000000000001 5.0 3.2 7.30864191229974 -0.0 1249.9135084613151
5.800000000000001 5.0 3.4000000000000004 6.689402674313893 -0.0 1245.7973122213411
5.800000000000001 5.0 3.6000000000000005 5.080217378098106 -0.0 1242.3459749036815
5.800000000000001 5.0 3.8 2.735370018945235 -1.3877787807814457e-13 1240.0588323267264
5.800000000000001 5.0 4.0 -4.15533043940173e-14 -8.56077657303164e-15 1239.259230625019
5.800000000000001 5.0 4.2 -2.7353700189450962 6.938893903907228e-14 1240.0588323267264
5.800000000000001 5.0 4.4 -5.0802173780982445 -0.0 1242.345974903682
5.800000000000001 5.0 4.6 -6.689402674313061 -0.0 1245.797312221341
5.800000000000001 5.0 4.800000000000001 -7.3086419123002955 -0.0 1249.9135084613147
5.800000000000001 5.0 5.0 -6.8173572887664236 5.551115123125783e-13 1254.0803014353098
5.800000000000001 5.0 5.200000000000001 -5.261407323522982 -0.0 1257.6539266858156
5.800000000000001 5.0 5.4 -2.8636617078120485 -0.0 1260.0635540166227
5.800000000000001 5.200000000000001 2.6000000000000005 2.8637668303649333 0.49953671756197693 1260.2851045512775
5.800000000000001 5.200000000000001 2.8 5.261586401423268 0.9206088669677648 1257.8221925454302
5.800000000000001 5.200000000000001 3.0 6.8175622264243785 1.1981647323755507 1254.1696869928808
5.800000000000001 5.200000000000001 3.2 7.3088276328106545 1.2910081618119906 1249.9111540026702
5.800000000000001 5.200000000000001 3.4000000000000004 6.689541836324142 1.1873881347174153 1245.7045962557143
5.800000000000001 5.200000000000001 3.6000000000000005 5.080303329335623 0.9053640908093796 1242.1777080787526
5.800000000000001 5.200000000000001 3.8 2.7354092408610198 0.4887539513184075 1239.8406122001272
5.800000000000001 5.200000000000001 4.0 -3.964984974487894e-14 -1.0401110826210037e-14 1239.0235682579334
5.800000000000001 5.200000000000001 4.2 -2.73540924086095 -0.4887539513184769 1239.8406122001275
5.800000000000001 5.200000000000001 4.4 -5.080303329335483 -0.9053640908096572 1242.1777080787524
5.800000000000001 5.200000000000001 4.6 -6.6895418363233095 -1.187388134717693 1245.7045962557145
5.800000000000001 5.200000000000001 4.800000000000001 -7.308827632812598 -1.291008161811158 1249.91115400267
5.800000000000001 5.200000000000001 5.0 -6.817562226423268 -1.1981647323749955 1254.1696869928796
5.800000000000001 5.200000000000001 5.200000000000001 -5.261586401422713 -0.9206088669683199 1257.8221925454302
5.800000000000001 5.200000000000001 5.4 -2.8637668303649333 -0.49953671756197693 1260.285104551278
5.800000000000001 5.4 2.6000000000000005 2.8640618982544996 1.0774178460515316 1260.98416288359
5.800000000000001 5.4 2.8 5.262083382166494 1.984530724590261 1258.3525547006286
5.800000000000001 5.4 3.0 6.818119350190943 2.5808125995890885 1254.4507007301545
5.800000000000001 5.4 3.2 7.3093161088688685 2.778275725138224 1249.902731863657
5.800000000000001 5.4 3.4000000000000004 6.689890192161096 2.553031313558829 1245.4116681503385
5.800000000000001 5.4 3.6000000000000005 5.080504842961409 1.9452248417269058 1241.6473407202827
5.800000000000001 5.4 3.8 2.7354951718806806 1.049612003210451 1239.153468235917
5.800000000000001 5.4 4.0 -3.6867803679385865e-14 -6.980695587860137e-15 1238.281722722382
5.800000000000001 5.4 4.2 -2.73549517188075 -1.0496120032103122 1239.1534682359168
5.800000000000001 5.4 4.4 -5.080504842961409 -1.945224841727461 1241.6473407202827
5.800000000000001 5.4 4.6 -6.689890192160264 -2.553031313558829 1245.4116681503392
5.800000000000001 5.4 4.800000000000001 -7.309316108869979 -2.778275725139334 1249.9027318636574
5.800000000000001 5.4 5.0 -6.818119350190388 -2.5808125995885334 1254.4507007301527
5.800000000000001 5.4 5.200000000000001 -5.262083382165383 -1.984530724590261 1258.3525547006286
5.800000000000001 5.4 5.4 -2.8640618982544996 -1.0774178460498662 1260.984162883591
5.800000000000001 5.6 2.6000000000000005 2.864495904713049 1.825400616434214 1262.2696352758678
5.800000000000001 5.6 2.8 5.2627948367717226 3.3589480204065936 1259.3255872989678
5.800000000000001 5.6 3.0 6.818875994947793 4.361917655545389 1254.9634319934287
5.800000000000001 5.6 3.2 7.309920480664256 4.687952986476562 1249.88337271664
5.800000000000001 5.6 3.4000000000000004 6.6902560564480185 4.30104491454586 1244.8715453723028
5.800000000000001 5.6 3.6000000000000005 5.080663132720764 3.2727970912650726 1240.674288768404
5.800000000000001 5.6 3.8 2.735537678643374 1.7644365765442231 1237.8953873584005
5.800000000000001 5.6 4.0 -3.025861898878147e-14 -7.869881727477811e-15 1236.9243442515126
5.800000000000001 5.6 4.2 -2.7355376786430963 -1.7644365765439456 1237.8953873584
5.800000000000001 5.6 4.4 -5.080663132720347 -3.2727970912646565 1240.6742887684038
5.800000000000001 5.6 4.6 -6.690256056447185 -4.30104491454586 1244.8715453723028
5.800000000000001 5.6 4.800000000000001 -7.309920480665643 -4.687952986476562 1249.8833727166402
5.800000000000001 5.6 5.0 -6.818875994946683 -4.361917655545389 1254.9634319934287
5.800000000000001 5.6 5.200000000000001 -5.262794836771167 -3.3589480204065936 1259.325587298969
5.800000000000001 5.6 5.4 -2.864495904713049 -1.825400616434214 1262.2696352758683
5.800000000000001 5.800000000000001 2.6000000000000005 2.8650222717557794 2.8650222717557794 1264.3431109039964
5.800000000000001 5.800000000000001 2.8 5.263614283255169 5.263614283254614 1260.8890717397396
5.800000000000001 5.800000000000001 3.0 6.819654608538617 6.819654608538617 1255.7797056962245
5.800000000000001 5.800000000000001 3.2 7.310401934977895 7.310401934977895 1249.8418591226575
5.800000000000001 5.800000000000001 3.4000000000000004 6.690377536886782 6.690377536886505 1243.996512255127
5.800000000000001 5.800000000000001 3.6000000000000005 5.080552275992106 5.080552275991967 1239.1107323822812
5.800000000000001 5.800000000000001 3.8 2.7354054676970163 2.7354054676965998 1235.8806711446518
5.800000000000001 5.800000000000001 4.0 -1.759992973258473e-14 -7.182870477903635e-15 1234.752849569294
5.800000000000001 5.800000000000001 4.2 -2.735405467697363 -2.735405467697294 1235.880671144652
5.800000000000001 5.800000000000001 4.4 -5.080552275991967 -5.080552275992245 1239.1107323822807
5.800000000000001 5.800000000000001 4.6 -6.69037753688595 -6.690377536885672 1243.9965122551275
5.800000000000001 5.800000000000001 4.800000000000001 -7.310401934976785 -7.31040193497734 1249.8418591226578
5.800000000000001 5.800000000000001 5.0 -6.819654608539172 -6.819654608539172 1255.7797056962227
5.800000000000001 5.800000000000001 5.200000000000001 -5.263614283254614 -5.263614283254614 1260.8890717397396
5.800000000000001 5.800000000000001 5.4 -2.8650222717557794 -2.8650222717568896 1264.3431109039975
5.800000000000001 6.0 2.6000000000000005 2.865674520012851 4.370948268265784 1267.5332495591224
5.800000000000001 6.0 2.8 5.2645612895424465 8.0107047277006 1263.2802196357507
5.800000000000001 6.0 3.0 6.820401931036391 10.342715732905571 1257.0102196451521
5.800000000000001 6.0 3.2 7.310607896189036 11.043898254169681 1249.754095644988
5.800000000000001 6.0 3.4000000000000004 6.6900313805021145 10.069978450835126 1242.641695713317
5.800000000000001 6.0 3.6000000000000005 5.079950689887563 7.62411987141165 1236.7193166992142
5.800000000000001 6.0 3.8 2.7349611076106504 4.096945121986953 1232.8148350824085
5.800000000000001 6.0 4.0 -9.495857291473583e-15 3.825195031760978e-15 1231.4535333161186
5.800000000000001 6.0 4.2 -2.734961107610581 -4.0969451219873 1232.8148350824079
5.800000000000001 6.0 4.4 -5.07995068988798 -7.6241198714120655 1236.7193166992154
5.800000000000001 6.0 4.6 -6.6900313805023925 -10.069978450835126 1242.6416957133176
5.800000000000001 6.0 4.800000000000001 -7.310607896187926 -11.043898254169681 1249.7540956449868
5.800000000000001 6.0 5.0 -6.820401931036946 -10.34271573290446 1257.0102196451514
5.800000000000001 6.0 5.200000000000001 -5.264561289543002 -8.01070472769949 1263.280219635751
5.800000000000001 6.0 5.4 -2.865674520013406 -4.370948268265784 1267.5332495591229
5.800000000000001 6.200000000000001 2.6000000000000005 2.8667145100025326 6.608132781809051 1272.353815631697
5.800000000000001 6.200000000000001 2.8 5.266030415165823 12.065828711794179 1266.8608392043795
5.800000000000001 6.200000000000001 3.0 6.821470322156964 15.497290649820194 1258.8128992226934
5.800000000000001 6.200000000000001 3.2 7.310727565960906 16.453613396899545 1249.569121840587
5.800000000000001 6.200000000000001 3.4000000000000004 6.689228770617173 14.922877704409698 1240.576733872369
5.800000000000001 6.200000000000001 3.6000000000000005 5.078767996492678 11.250247603791369 1233.137699053433
5.800000000000001 6.200000000000001 3.8 2.73412170194269 6.028999215155345 1228.2565512732403
5.800000000000001 6.200000000000001 4.0 2.4156985213753387e-16 1.9305244187729032e-14 1226.5589593253198
5.800000000000001 6.200000000000001 4.2 -2.7341217019429678 -6.0289992151547205 1228.25655127324
5.800000000000001 6.200000000000001 4.4 -5.078767996493094 -11.250247603790813 1233.137699053433
5.800000000000001 6.200000000000001 4.6 -6.689228770617173 -14.922877704410253 1240.5767338723697
5.800000000000001 6.200000000000001 4.800000000000001 -7.310727565960906 -16.453613396899545 1249.5691218405884
5.800000000000001 6.200000000000001 5.0 -6.821470322156964 -15.497290649819083 1258.812899222693
5.800000000000001 6.200000000000001 5.200000000000001 -5.266030415167489 -12.065828711792514 1266.8608392043784
5.800000000000001 6.200000000000001 5.4 -2.8667145100030877 -6.608132781809606 1272.353815631697
5.800000000000001 6.4 2.6000000000000005 2.868910049863005 9.996068393067214 1279.5990782709166
5.800000000000001 6.4 2.8 5.26924694010833 18.148038479193218 1272.1693775037618
5.800000000000001 6.4 3.0 6.824116385663048 23.12862046949027 1261.3980043302574
5.800000000000001 6.4 3.2 7.311727620056551 24.352737339124463 1249.1796826995774
5.800000000000001 6.4 3.4000000000000004 6.688536429535485 21.92036382068968 1237.4383299202088
5.800000000000001 6.4 3.6000000000000005 5.0772452790755205 16.42737364918656 1227.8254382099599
5.800000000000001 6.4 3.8 2.7329525746527805 8.770203074400518 1221.564587478617
5.800000000000001 6.4 4.0 2.653757046558176e-15 2.688830902034549e-14 1219.3955348858085
5.800000000000001 6.4 4.2 -2.7329525746522254 -8.77020307440024 1221.5645874786169
5.800000000000001 6.4 4.4 -5.077245279074965 -16.427373649186837 1227.8254382099599
5.800000000000001 6.4 4.6 -6.688536429535207 -21.92036382068968 1237.4383299202088
5.800000000000001 6.4 4.800000000000001 -7.311727620056551 -24.352737339125017 1249.1796826995778
5.800000000000001 6.4 5.0 -6.824116385664714 -23.128620469491377 1261.3980043302586
5.800000000000001 6.4 5.200000000000001 -5.269246940108885 -18.148038479192664 1272.1693775037606
5.800000000000001 6.4 5.4 -2.868910049863005 -9.99606839306666 1279.5990782709155
6.0 3.6000000000000005 2.6000000000000005 4.374040663647216 -9.999509099659075 1282.7916005364114
6.0 3.6000000000000005 2.8 8.013978378794139 -18.152904726673192 1274.5600791667
6.0 3.6000000000000005 3.0 10.342453530203798 -23.132262172461115 1262.625474559898
6.0 3.6000000000000005 3.2 11.038154402218114 -24.3534832187689 1249.088097404851
6.0 3.6000000000000005 3.4000000000000004 10.059919604179234 -21.91832638650082 1236.0811360794248
6.0 3.6000000000000005 3.6000000000000005 7.613493205102239 -16.424161078142095 1225.4344453505582
6.0 3.6000000000000005 3.8 4.09017445423647 -8.767895187573176 1218.5017888242655
6.0 3.6000000000000005 4.0 -1.2834883759107297e-14 -8.639877158021092e-15 1216.1003083621895
6.0 3.6000000000000005 4.2 -4.0901744542363305 8.76789518757276 1218.5017888242658
6.0 3.6000000000000005 4.4 -7.613493205102101 16.42416107814251 1225.4344453505582
6.0 3.6000000000000005 4.6 -10.059919604178956 21.918326386500542 1236.081136079425
6.0 3.6000000000000005 4.800000000000001 -11.038154402218114 24.3534832187689 1249.0880974048514
6.0 3.6000000000000005 5.0 -10.342453530204908 23.132262172461115 1262.6254745598985
6.0 3.6000000000000005 5.200000000000001 -8.013978378794695 18.1529047266743 1274.5600791666993
6.0 3.6000000000000005 5.4 -4.374040663647771 9.999509099659631 1282.7916005364104
6.0 3.8 2.6000000000000005 4.37258124722284 -6.609593484092624 1275.5450183033256
6.0 3.8 2.8 8.012558835581162 -12.067745669944173 1269.25173947665
6.0 3.8 3.0 10.34295582006517 -15.498340113198061 1260.0419537983585
6.0 3.8 3.2 11.041508097078822 -16.452998093581805 1249.4795390287593
6.0 3.8 3.4000000000000004 10.065442973495319 -14.920784024482769 1239.220798597683
6.0 3.8 3.6000000000000005 7.619203981533845 -11.24770486055332 1230.7465235391846
6.0 3.8 3.8 4.093778989218561 -6.027295481339026 1225.1922293006328
6.0 3.8 4.0 -1.5712653716964838e-14 -1.6259100818101927e-14 1223.2616711072135
6.0 3.8 4.2 -4.093778989218352 6.027295481338957 1225.1922293006332
6.0 3.8 4.4 -7.6192039815334285 11.247704860552904 1230.7465235391844
6.0 3.8 4.6 -10.065442973495596 14.920784024482492 1239.220798597683
6.0 3.8 4.800000000000001 -11.041508097079932 16.452998093581805 1249.4795390287595
6.0 3.8 5.0 -10.34295582006628 15.498340113196951 1260.041953798358
6.0 3.8 5.200000000000001 -8.012558835580052 12.067745669943063 1269.25173947665
6.0 3.8 5.4 -4.37258124722284 6.609593484092069 1275.5450183033256
6.0 4.0 2.6000000000000005 4.371761039810851 -4.371761039811406 1270.7238548664673
6.0 4.0 2.8 8.01176874420273 -8.01176874420273 1265.6713325375945
6.0 4.0 3.0 10.343280880710791 -10.343280880710791 1258.2402221362604
6.0 4.0 3.2 11.043502897409573 -11.043502897409018 1249.6656534935662
6.0 4.0 3.4000000000000004 10.06872426448202 -10.068724264482297 1241.2864293124533
6.0 4.0 3.6000000000000005 7.622605781775065 -7.62260578177562 1234.327933893702
6.0 4.0 3.8 4.095931104452221 -4.095931104452569 1229.7494936848188
6.0 4.0 4.0 -2.442703607263187e-14 -2.741828242525628e-14 1228.1548993248675
6.0 4.0 4.2 -4.095931104452152 4.095931104452291 1229.7494936848186
6.0 4.0 4.4 -7.622605781775343 7.622605781775065 1234.3279338937018
6.0 4.0 4.6 -10.068724264482297 10.068724264482853 1241.286429312454
6.0 4.0 4.800000000000001 -11.043502897409295 11.043502897409295 1249.665653493566
6.0 4.0 5.0 -10.343280880710237 10.343280880710237 1258.2402221362597
6.0 4.0 5.200000000000001 -8.01176874420273 8.01176874420273 1265.6713325375945
6.0 4.0 5.4 -4.371761039811406 4.371761039811406 1270.7238548664673
6.0 4.2 2.6000000000000005 4.370948268265784 -2.865674520012851 1267.5332495591229
6.0 4.2 2.8 8.0107047277006 -5.264561289543002 1263.2802196357507
6.0 4.2 3.0 10.342715732906127 -6.8204019310358355 1257.0102196451521
6.0 4.2 3.2 11.043898254169681 -7.310607896189036 1249.754095644988
6.0 4.2 3.4000000000000004 10.069978450834848 -6.6900313805023925 1242.6416957133163
6.0 4.2 3.6000000000000005 7.624119871411372 -5.079950689887563 1236.7193166992142
6.0 4.2 3.8 4.096945121987022 -2.734961107610373 1232.8148350824085
6.0 4.2 4.0 -2.3652278276899227e-14 -3.218400494285521e-14 1231.4535333161186
6.0 4.2 4.2 -4.096945121987439 2.734961107610442 1232.8148350824083
6.0 4.2 4.4 -7.624119871411788 5.07995068988798 1236.7193166992151
6.0 4.2 4.6 -10.069978450834848 6.69003138050267 1242.641695713317
6.0 4.2 4.800000000000001 -11.043898254170236 7.310607896187926 1249.754095644987
6.0 4.2 5.0 -10.34271573290446 6.820401931036946 1257.0102196451514
6.0 4.2 5.200000000000001 -8.010704727700046 5.264561289543002 1263.280219635751
6.0 4.2 5.4 -4.370948268265784 2.865674520012851 1267.5332495591229
6.0 4.4 2.6000000000000005 4.370068801564098 -1.8259879865351047 1265.4592935769242
6.0 4.4 2.8 8.009352612290964 -3.359877859791527 1261.7166051265715
6.0 4.4 3.0 10.34146516709189 -4.3628365156911375 1256.1941755296143
6.0 4.4 3.2 11.043177266426007 -4.688581724192342 1249.7960240440996
6.0 4.4 3.4000000000000004 10.069873030751907 -4.301298992576974 1243.5170865187547
6.0 4.4 3.6000000000000005 7.624390061274771 -3.27278571492659 1238.283004166594
6.0 4.4 3.8 4.097214870206478 -1.7643575833140717 1234.8294443747066
6.0 4.4 4.0 -2.7672621772646527e-14 -2.1339192911737014e-14 1233.6248215400883
6.0 4.4 4.2 -4.097214870206478 1.764357583314488 1234.8294443747066
6.0 4.4 4.4 -7.624390061274216 3.2727857149271453 1238.283004166594
6.0 4.4 4.6 -10.069873030751353 4.301298992576974 1243.517086518754
6.0 4.4 4.800000000000001 -11.043177266425452 4.6885817241912315 1249.7960240441002
6.0 4.4 5.0 -10.341465167092444 4.362836515691693 1256.1941755296148
6.0 4.4 5.200000000000001 -8.009352612289854 3.359877859791527 1261.7166051265704
6.0 4.4 5.4 -4.370068801565208 1.8259879865351047 1265.4592935769242
6.0 4.6 2.6000000000000005 4.369258053484315 -1.077884102883564 1264.1733716993313
6.0 4.6 2.8 8.00802201314843 -1.9853026777028049 1260.7433711065946
6.0 4.6 3.0 10.340043846531199 -2.5816503425768467 1255.6815157807512
6.0 4.6 3.2 11.042028253438751 -2.7789709811298913 1249.815633168102
6.0 4.6 3.4000000000000004 10.069157386952687 -2.5534843006258523 1244.0574917225822
6.0 4.6 3.6000000000000005 7.624059116777409 -1.9454520715252166 1239.2562581084774
6.0 4.6 3.8 4.097112222304563 -1.0496926826960433 1236.087620797335
6.0 4.6 4.0 -3.272102247248327e-14 -1.1987058296413927e-14 1234.982248482747
6.0 4.6 4.2 -4.097112222304633 1.0496926826960433 1236.0876207973354
6.0 4.6 4.4 -7.624059116776715 1.945452071524939 1239.2562581084776
6.0 4.6 4.6 -10.069157386952408 2.5534843006258523 1244.057491722581
6.0 4.6 4.800000000000001 -11.042028253440138 2.7789709811290586 1249.8156331681018
6.0 4.6 5.0 -10.340043846531199 2.5816503425768467 1255.6815157807519
6.0 4.6 5.200000000000001 -8.008022013147874 1.9853026777028049 1260.7433711065946
6.0 4.6 5.4 -4.36925805348487 1.077884102884119 1264.1733716993313
6.0 4.800000000000001 2.6000000000000005 4.368687357010348 -0.4997969708570027 1263.4739908992215
6.0 4.800000000000001 2.8 8.007058954365709 -0.921048493918164 1260.2128388868782
6.0 4.800000000000001 3.0 10.338958749377957 -1.198660469103885 1255.4005072261873
6.0 4.800000000000001 3.2 11.041066660383013 -1.291447208559282 1249.8241900860507
6.0 4.800000000000001 3.4000000000000004 10.06845819222224 -1.18770644701921 1244.3506054283594
6.0 4.800000000000001 3.6000000000000005 7.62364267238691 -0.9055525533865905 1239.7867957845237
6.0 4.800000000000001 3.8 4.09692869752537 -0.4888364016548963 1236.7748964462317
6.0 4.800000000000001 4.0 -3.758339431012596e-14 -5.4799465872795154e-15 1235.7242069054805
6.0 4.800000000000001 4.2 -4.096928697525648 0.48883640165496567 1236.7748964462317
6.0 4.800000000000001 4.4 -7.6236426723867705 0.905552553385619 1239.786795784524
6.0 4.800000000000001 4.6 -10.068458192221962 1.1877064470189325 1244.3506054283582
6.0 4.800000000000001 4.800000000000001 -11.041066660383292 1.2914472085598372 1249.8241900860512
6.0 4.800000000000001 5.0 -10.338958749376847 1.198660469103885 1255.4005072261887
6.0 4.800000000000001 5.200000000000001 -8.007058954365709 0.921048493918164 1260.2128388868778
6.0 4.800000000000001 5.4 -4.368687357009793 0.4997969708570027 1263.4739908992215
6.0 5.0 2.6000000000000005 4.368482149825215 -0.0 1263.2523232054132
6.0 5.0 2.8 8.006708906816984 -0.0 1260.0445076083477
6.0 5.0 3.0 10.338556605098415 -0.0 1255.3111170661102
6.0 5.0 3.2 11.040699229216132 -0.0 1249.8265871901867
6.0 5.0 3.4000000000000004 10.068179036509527 -0.0 1244.443386377755
6.0 5.0 3.6000000000000005 7.623466871891776 -0.0 1239.9551281538415
6.0 5.0 3.8 4.096846915407834 -0.0 1236.9931733507217
6.0 5.0 4.0 -3.708224588890413e-14 -5.1433023589641106e-15 1235.959921286057
6.0 5.0 4.2 -4.096846915407765 -0.0 1236.993173350721
6.0 5.0 4.4 -7.623466871891776 -0.0 1239.9551281538415
6.0 5.0 4.6 -10.06817903651036 -0.0 1244.4433863777554
6.0 5.0 4.800000000000001 -11.040699229215578 -0.0 1249.8265871901867
6.0 5.0 5.0 -10.338556605097859 -0.0 1255.3111170661102
6.0 5.0 5.200000000000001 -8.006708906816428 -0.0 1260.0445076083477
6.0 5.0 5.4 -4.368482149825215 -0.0 1263.2523232054132
6.0 5.200000000000001 2.6000000000000005 4.368687357009793 0.4997969708564476 1263.4739908992215
6.0 5.200000000000001 2.8 8.007058954366263 0.921048493918164 1260.2128388868782
6.0 5.200000000000001 3.0 10.338958749377957 1.198660469103885 1255.4005072261873
6.0 5.200000000000001 3.2 11.041066660383013 1.291447208559282 1249.8241900860507
6.0 5.200000000000001 3.4000000000000004 10.06845819222224 1.18770644701921 1244.3506054283594
6.0 5.200000000000001 3.6000000000000005 7.62364267238691 0.9055525533864517 1239.7867957845237
6.0 5.200000000000001 3.8 4.0969286975255095 0.4888364016547575 1236.7748964462317
6.0 5.200000000000001 4.0 -3.123442879570883e-14 -6.159915438394456e-15 1235.7242069054805
6.0 5.200000000000001 4.2 -4.096928697525717 -0.48883640165510445 1236.7748964462317
6.0 5.200000000000001 4.4 -7.6236426723867705 -0.905552553385619 1239.786795784524
6.0 5.200000000000001 4.6 -10.068458192221962 -1.1877064470189325 1244.3506054283582
6.0 5.200000000000001 4.800000000000001 -11.041066660383292 -1.2914472085598372 1249.8241900860512
6.0 5.200000000000001 5.0 -10.338958749377403 -1.198660469103885 1255.4005072261887
6.0 5.200000000000001 5.200000000000001 -8.007058954366263 -0.921048493918164 1260.2128388868778
6.0 5.200000000000001 5.4 -4.368687357009793 -0.4997969708564476 1263.4739908992215
6.0 5.4 2.6000000000000005 4.369258053484315 1.077884102883564 1264.1733716993313
6.0 5.4 2.8 8.00802201314843 1.9853026777028049 1260.743371106595
6.0 5.4 3.0 10.340043846531199 2.5816503425768467 1255.6815157807512
6.0 5.4 3.2 11.042028253439861 2.7789709811298913 1249.815633168102
6.0 5.4 3.4000000000000004 10.069157386952687 2.5534843006258523 1244.057491722582
6.0 5.4 3.6000000000000005 7.62405911677727 1.9454520715253554 1239.2562581084771
6.0 5.4 3.8 4.097112222304633 1.0496926826961128 1236.0876207973351
6.0 5.4 4.0 -2.5727895284862714e-14 -2.0356719811326294e-15 1234.982248482747
6.0 5.4 4.2 -4.097112222304633 -1.0496926826960433 1236.0876207973354
6.0 5.4 4.4 -7.624059116776715 -1.945452071524939 1239.2562581084778
6.0 5.4 4.6 -10.069157386952408 -2.5534843006258523 1244.057491722581
6.0 5.4 4.800000000000001 -11.042028253440138 -2.7789709811290586 1249.8156331681018
6.0 5.4 5.0 -10.340043846531755 -2.5816503425768467 1255.6815157807519
6.0 5.4 5.200000000000001 -8.008022013147874 -1.9853026777028049 1260.743371106595
6.0 5.4 5.4 -4.36925805348487 -1.077884102884119 1264.1733716993313
6.0 5.6 2.6000000000000005 4.370068801564098 1.8259879865356599 1265.4592935769242
6.0 5.6 2.8 8.00935261229152 3.359877859791527 1261.7166051265715
6.0 5.6 3.0 10.341465167092444 4.3628365156911375 1256.1941755296143
6.0 5.6 3.2 11.043177266426563 4.688581724191787 1249.7960240440996
6.0 5.6 3.4000000000000004 10.06987303075163 4.301298992576974 1243.517086518755
6.0 5.6 3.6000000000000005 7.624390061275049 3.272785714926729 1238.283004166594
6.0 5.6 3.8 4.097214870206478 1.76435758331428 1234.8294443747063
6.0 5.6 4.0 -1.8025161484097565e-14 4.715033581792744e-15 1233.6248215400883
6.0 5.6 4.2 -4.097214870206617 -1.7643575833144187 1234.8294443747066
6.0 5.6 4.4 -7.624390061274216 -3.272785714927423 1238.283004166594
6.0 5.6 4.6 -10.069873030751353 -4.301298992576974 1243.517086518754
6.0 5.6 4.800000000000001 -11.043177266424896 -4.6885817241912315 1249.7960240441002
6.0 5.6 5.0 -10.341465167092444 -4.362836515691693 1256.1941755296148
6.0 5.6 5.200000000000001 -8.009352612290964 -3.359877859791527 1261.7166051265704
6.0 5.6 5.4 -4.370068801565208 -1.8259879865356599 1265.4592935769242
6.0 5.800000000000001 2.6000000000000005 4.370948268265784 2.865674520012851 1267.5332495591229
6.0 5.800000000000001 2.8 8.0107047277006 5.2645612895424465 1263.2802196357507
6.0 5.800000000000001 3.0 10.342715732905571 6.8204019310358355 1257.0102196451514
6.0 5.800000000000001 3.2 11.043898254169681 7.310607896189036 1249.754095644988
6.0 5.800000000000001 3.4000000000000004 10.069978450835404 6.6900313805021145 1242.641695713317
6.0 5.800000000000001 3.6000000000000005 7.62411987141165 5.079950689887425 1236.7193166992145
6.0 5.800000000000001 3.8 4.096945121986953 2.7349611076103035 1232.8148350824085
6.0 5.800000000000001 4.0 -4.554743899442407e-15 4.997960464969823e-15 1231.4535333161182
6.0 5.800000000000001 4.2 -4.0969451219873 -2.734961107610581 1232.814835082408
6.0 5.800000000000001 4.4 -7.624119871412205 -5.07995068988798 1236.7193166992151
6.0 5.800000000000001 4.6 -10.069978450834848 -6.6900313805023925 1242.6416957133174
6.0 5.800000000000001 4.800000000000001 -11.043898254169681 -7.310607896187926 1249.754095644987
6.0 5.800000000000001 5.0 -10.342715732905017 -6.820401931036946 1257.0102196451514
6.0 5.800000000000001 5.200000000000001 -8.01070472769949 -5.264561289543002 1263.280219635751
6.0 5.800000000000001 5.4 -4.370948268265784 -2.865674520012851 1267.5332495591229
6.0 6.0 2.6000000000000005 4.371761039810851 4.371761039810851 1270.7238548664668
6.0 6.0 2.8 8.011768744203284 8.011768744202174 1265.6713325375945
6.0 6.0 3.0 10.343280880710791 10.343280880710791 1258.2402221362609
6.0 6.0 3.2 11.043502897409573 11.043502897409573 1249.665653493566
6.0 6.0 3.4000000000000004 10.06872426448202 10.068724264482576 1241.2864293124533
6.0 6.0 3.6000000000000005 7.622605781775482 7.622605781775482 1234.3279338937023
6.0 6.0 3.8 4.09593110445243 4.095931104452499 1229.7494936848188
6.0 6.0 4.0 4.125248415104286e-15 1.0391070417424537e-14 1228.1548993248673
6.0 6.0 4.2 -4.095931104452291 -4.095931104452221 1229.7494936848186
6.0 6.0 4.4 -7.622605781774788 -7.622605781775343 1234.3279338937023
6.0 6.0 4.6 -10.06872426448313 -10.068724264482576 1241.286429312454
6.0 6.0 4.800000000000001 -11.043502897409018 -11.043502897409018 1249.6656534935657
6.0 6.0 5.0 -10.343280880710237 -10.343280880710237 1258.2402221362597
6.0 6.0 5.200000000000001 -8.011768744203284 -8.011768744203284 1265.6713325375945
6.0 6.0 5.4 -4.371761039811406 -4.371761039811406 1270.7238548664673
6.0 6.200000000000001 2.6000000000000005 4.37258124722284 6.609593484092069 1275.5450183033252
6.0 6.200000000000001 2.8 8.012558835581162 12.06774566994473 1269.2517394766505
6.0 6.200000000000001 3.0 10.34295582006517 15.498340113197505 1260.041953798359
6.0 6.200000000000001 3.2 11.041508097078822 16.452998093581805 1249.4795390287595
6.0 6.200000000000001 3.4000000000000004 10.065442973495042 14.920784024483323 1239.220798597683
6.0 6.200000000000001 3.6000000000000005 7.619203981533567 11.247704860553597 1230.7465235391844
6.0 6.200000000000001 3.8 4.093778989218491 6.027295481338957 1225.192229300633
6.0 6.200000000000001 4.0 1.444396108720673e-14 2.4181587154938645e-14 1223.2616711072135
6.0 6.200000000000001 4.2 -4.093778989218491 -6.027295481338679 1225.1922293006328
6.0 6.200000000000001 4.4 -7.61920398153329 -11.247704860552904 1230.7465235391849
6.0 6.200000000000001 4.6 -10.065442973495319 -14.920784024483046 1239.2207985976836
6.0 6.200000000000001 4.800000000000001 -11.041508097079378 -16.452998093581805 1249.4795390287593
6.0 6.200000000000001 5.0 -10.34295582006628 -15.498340113197505 1260.0419537983573
6.0 6.200000000000001 5.200000000000001 -8.012558835581162 -12.06774566994362 1269.25173947665
6.0 6.200000000000001 5.4 -4.37258124722284 -6.609593484092069 1275.545018303326
6.0 6.4 2.6000000000000005 4.374040663647216 9.999509099659631 1282.7916005364114
6.0 6.4 2.8 8.013978378793585 18.152904726673746 1274.5600791667
6.0 6.4 3.0 10.342453530203798 23.13226217246056 1262.625474559898
6.0 6.4 3.2 11.038154402218114 24.3534832187689 1249.0880974048519
6.0 6.4 3.4000000000000004 10.059919604178956 21.91832638650026 1236.081136079425
6.0 6.4 3.6000000000000005 7.613493205102239 16.424161078142234 1225.434445350558
6.0 6.4 3.8 4.090174454236539 8.767895187573176 1218.5017888242653
6.0 6.4 4.0 1.1692982699013783e-14 2.34195455338119e-14 1216.1003083621897
6.0 6.4 4.2 -4.090174454236401 -8.767895187572899 1218.5017888242658
6.0 6.4 4.4 -7.613493205101823 -16.424161078142234 1225.434445350558
6.0 6.4 4.6 -10.059919604178956 -21.91832638650082 1236.081136079425
6.0 6.4 4.800000000000001 -11.03815440221756 -24.353483218769178 1249.0880974048512
6.0 6.4 5.0 -10.342453530204908 -23.132262172461115 1262.625474559898
6.0 6.4 5.200000000000001 -8.013978378794695 -18.152904726673746 1274.5600791667
6.0 6.4 5.4 -4.374040663646661 -9.999509099659075 1282.791600536411
6.200000000000001 3.6000000000000005 2.6000000000000005 6.610770208361205 -10.001491302971122 1287.6130566497106
6.200000000000001 3.6000000000000005 2.8 12.066688858922147 -18.154361040780277 1278.1377903703183
6.200000000000001 3.6000000000000005 3.0 15.491019705070608 -23.130161016071124 1264.4221803536814
6.200000000000001 3.6000000000000005 3.2 16.43802656701665 -24.346520178757935 1248.8971487735523
6.200000000000001 3.6000000000000005 3.4000000000000004 14.900898277585839 -21.907913272797007 1234.013668723093
6.200000000000001 3.6000000000000005 3.6000000000000005 11.22879654178191 -16.41378900863341 1221.8556930600178
6.200000000000001 3.6000000000000005 3.8 6.015788429532473 -8.761457527750732 1213.9510942735149
6.200000000000001 3.6000000000000005 4.0 -4.903410341175155e-15 -1.5467989773144816e-14 1211.2151859773355
6.200000000000001 3.6000000000000005 4.2 -6.01578842953282 8.761457527750732 1213.951094273515
6.200000000000001 3.6000000000000005 4.4 -11.228796541782465 16.41378900863355 1221.8556930600173
6.200000000000001 3.6000000000000005 4.6 -14.900898277585561 21.90791327279673 1234.0136687230931
6.200000000000001 3.6000000000000005 4.800000000000001 -16.438026567018316 24.34652017875738 1248.8971487735519
6.200000000000001 3.6000000000000005 5.0 -15.491019705071718 23.13016101607057 1264.4221803536814
6.200000000000001 3.6000000000000005 5.200000000000001 -12.066688858923257 18.15436104078083 1278.1377903703178
6.200000000000001 3.6000000000000005 5.4 -6.61077020836176 10.001491302971122 1287.6130566497102
6.200000000000001 3.8 2.6000000000000005 6.610412405644861 -6.610412405645416 1280.3663744672783
6.200000000000001 3.8 2.8 12.06803834638448 -12.06803834638559 1272.8312137772218
6.200000000000001 3.8 3.0 15.4964632993132 -15.4964632993132 1261.8418484841911
6.200000000000001 3.8 3.2 16.448264901708086 -16.448264901708086 1249.291608994017
6.200000000000001 3.8 3.4000000000000004 14.914073044106356 -14.914073044106356 1237.154429756824
6.200000000000001 3.8 3.6000000000000005 11.241135027117988 -11.241135027117988 1227.1660350691564
6.200000000000001 3.8 3.8 6.023242564939107 -6.023242564939107 1220.6373472917064
6.200000000000001 3.8 4.0 -5.371097050273398e-15 -2.1174052147674953e-14 1218.371401346883
6.200000000000001 3.8 4.2 -6.023242564938968 6.02324256493883 1220.6373472917066
6.200000000000001 3.8 4.4 -11.241135027118126 11.24113502711785 1227.1660350691557
6.200000000000001 3.8 4.6 -14.914073044106079 14.914073044106356 1237.1544297568237
6.200000000000001 3.8 4.800000000000001 -16.44826490170781 16.44826490170781 1249.2916089940175
6.200000000000001 3.8 5.0 -15.496463299313756 15.496463299313756 1261.8418484841916
6.200000000000001 3.8 5.200000000000001 -12.06803834638448 12.068038346383924 1272.8312137772218
6.200000000000001 3.8 5.4 -6.610412405645416 6.610412405645971 1280.3663744672776
6.200000000000001 4.0 2.6000000000000005 6.609593484092069 -4.37258124722284 1275.5450183033252
6.200000000000001 4.0 2.8 12.067745669944173 -8.012558835581718 1269.2517394766505
6.200000000000001 4.0 3.0 15.498340113197505 -10.34295582006517 1260.041953798359
6.200000000000001 4.0 3.2 16.452998093581805 -11.041508097078822 1249.479539028759
6.200000000000001 4.0 3.4000000000000004 14.920784024483046 -10.065442973495042 1239.220798597683
6.200000000000001 4.0 3.6000000000000005 11.247704860553597 -7.619203981533845 1230.746523539185
6.200000000000001 4.0 3.8 6.027295481338957 -4.093778989218561 1225.1922293006328
6.200000000000001 4.0 4.0 -1.0127470965178745e-14 -2.662278834733013e-14 1223.2616711072135
6.200000000000001 4.0 4.2 -6.027295481338679 4.0937789892182135 1225.192229300633
6.200000000000001 4.0 4.4 -11.247704860552904 7.619203981533151 1230.7465235391849
6.200000000000001 4.0 4.6 -14.920784024482492 10.065442973495596 1239.2207985976831
6.200000000000001 4.0 4.800000000000001 -16.45299809358236 11.041508097079932 1249.4795390287593
6.200000000000001 4.0 5.0 -15.498340113196951 10.342955820065724 1260.0419537983576
6.200000000000001 4.0 5.200000000000001 -12.06774566994362 8.012558835580052 1269.25173947665
6.200000000000001 4.0 5.4 -6.609593484092069 4.37258124722284 1275.545018303326
6.200000000000001 4.2 2.6000000000000005 6.608132781809051 -2.8667145100025326 1272.3538156316965
6.200000000000001 4.2 2.8 12.065828711794179 -5.266030415165823 1266.8608392043795
6.200000000000001 4.2 3.0 15.497290649820194 -6.821470322157519 1258.812899222694
6.200000000000001 4.2 3.2 16.45361339689899 -7.310727565960906 1249.569121840587
6.200000000000001 4.2 3.4000000000000004 14.922877704409698 -6.689228770616618 1240.576733872369
6.200000000000001 4.2 3.6000000000000005 11.250247603791646 -5.078767996492816 1233.137699053433
6.200000000000001 4.2 3.8 6.028999215155276 -2.73412170194276 1228.2565512732403
6.200000000000001 4.2 4.0 -5.373273840913451e-15 -2.863903006658049e-14 1226.5589593253198
6.200000000000001 4.2 4.2 -6.02899921515479 2.7341217019428985 1228.25655127324
6.200000000000001 4.2 4.4 -11.250247603791369 5.078767996492816 1233.1376990534332
6.200000000000001 4.2 4.6 -14.922877704409698 6.689228770617173 1240.5767338723706
6.200000000000001 4.2 4.800000000000001 -16.453613396899545 7.310727565961184 1249.5691218405877
6.200000000000001 4.2 5.0 -15.49729064981964 6.821470322156964 1258.8128992226918
6.200000000000001 4.2 5.200000000000001 -12.065828711793069 5.266030415167489 1266.8608392043789
6.200000000000001 4.2 5.4 -6.608132781809606 2.8667145100030877 1272.3538156316977
6.200000000000001 4.4 2.6000000000000005 6.606357954241915 -1.827090831215683 1270.2789878881592
6.200000000000001 4.4 2.8 12.063060019378845 -3.3616307349582097 1265.2969836644957
6.200000000000001 4.4 3.0 15.494625658569738 -4.364589541919761 1257.9972566475637
6.200000000000001 4.4 3.2 16.45187836971429 -4.689822987206382 1249.6117805802999
6.200000000000001 4.4 3.4000000000000004 14.922278975450231 -4.301865978428576 1241.4527581671512
6.200000000000001 4.4 3.6000000000000005 11.25041027136564 -3.2728578458994515 1234.701630607859
6.200000000000001 4.4 3.8 6.029304014296896 -1.7642694762265432 1230.2709972971256
6.200000000000001 4.4 4.0 -6.636337545092993e-15 -2.4959240840249557e-14 1228.7299145110994
6.200000000000001 4.4 4.2 -6.029304014296896 1.7642694762266125 1230.2709972971259
6.200000000000001 4.4 4.4 -11.250410271366057 3.2728578459001456 1234.701630607859
6.200000000000001 4.4 4.6 -14.922278975450231 4.301865978428299 1241.4527581671514
6.200000000000001 4.4 4.800000000000001 -16.451878369713178 4.68982298720555 1249.6117805802992
6.200000000000001 4.4 5.0 -15.494625658569738 4.364589541919206 1257.9972566475637
6.200000000000001 4.4 5.200000000000001 -12.063060019377735 3.361630734958765 1265.296983664496
6.200000000000001 4.4 5.4 -6.60635795424247 1.827090831215128 1270.2789878881588
6.200000000000001 4.6 2.6000000000000005 6.6047082027342885 -1.0787992906052812 1268.9921848967383
6.200000000000001 4.6 2.8 12.060335253805121 -1.9868243825160725 1264.3233404936755
6.200000000000001 4.6 3.0 15.49166949453451 -2.5833190173030207 1257.4847069704458
6.200000000000001 4.6 3.2 16.449408424171473 -2.7803863311817723 1249.6318454040784
6.200000000000001 4.6 3.4000000000000004 14.92063545707356 -2.5544461520884965 1241.993699013676
6.200000000000001 4.6 3.6000000000000005 11.249547605613197 -1.9459722306147675 1235.6752955556349
6.200000000000001 4.6 3.8 6.028975260881225 -1.0498981758915586 1231.5294091191397
6.200000000000001 4.6 4.0 -8.423435999700129e-15 -1.7409689139912396e-14 1230.087498277773
6.200000000000001 4.6 4.2 -6.028975260881364 1.0498981758912118 1231.52940911914
6.200000000000001 4.6 4.4 -11.249547605613474 1.9459722306149063 1235.6752955556349
6.200000000000001 4.6 4.6 -14.920635457073837 2.554446152088219 1241.993699013676
6.200000000000001 4.6 4.800000000000001 -16.44940842417092 2.7803863311814947 1249.6318454040786
6.200000000000001 4.6 5.0 -15.49166949453451 2.583319017303576 1257.484706970445
6.200000000000001 4.6 5.200000000000001 -12.060335253804565 1.9868243825149623 1264.3233404936748
6.200000000000001 4.6 5.4 -6.604708202734844 1.0787992906052812 1268.9921848967388
6.200000000000001 4.800000000000001 2.6000000000000005 6.60355811728186 -0.5003126212210773 1268.2921635056432
6.200000000000001 4.800000000000001 2.8 12.05839021289845 -0.9219219732992112 1263.7924639377977
6.200000000000001 4.800000000000001 3.0 15.48946434064724 -1.1996519738083355 1257.203694698898
6.200000000000001 4.800000000000001 3.2 16.447427992187514 -1.2923371860357191 1249.6406534455145
6.200000000000001 4.800000000000001 3.4000000000000004 14.91916149722966 -1.188366485160297 1242.287172267718
6.200000000000001 4.800000000000001 3.6000000000000005 11.248639841974772 -0.9059563356948741 1236.2061785840558
6.200000000000001 4.800000000000001 3.8 6.028561039467389 -0.4890192582152064 1232.2169695277403
6.200000000000001 4.800000000000001 4.0 -1.30657512238266e-14 -8.395806463652177e-15 1230.8297108628822
6.200000000000001 4.800000000000001 4.2 -6.028561039467597 0.4890192582153452 1232.2169695277407
6.200000000000001 4.800000000000001 4.4 -11.248639841974494 0.9059563356945965 1236.206178584056
6.200000000000001 4.800000000000001 4.6 -14.919161497230215 1.188366485159742 1242.287172267718
6.200000000000001 4.800000000000001 4.800000000000001 -16.447427992186125 1.2923371860357191 1249.6406534455145
6.200000000000001 4.800000000000001 5.0 -15.489464340647796 1.1996519738083355 1257.2036946988974
6.200000000000001 4.800000000000001 5.200000000000001 -12.05839021289845 0.9219219732997663 1263.7924639377977
6.200000000000001 4.800000000000001 5.4 -6.6035581172829705 0.5003126212216324 1268.2921635056437
6.200000000000001 5.0 2.6000000000000005 6.603147547940003 -5.551115123125783e-13 1268.070262923439
6.200000000000001 5.0 2.8 12.057689447650954 5.551115123125783e-13 1263.6240011410882
6.200000000000001 5.0 3.0 15.488656780586195 -0.0 1257.1142917577092
6.200000000000001 5.0 3.2 16.44668455455078 -0.0 1249.6431308927263
6.200000000000001 5.0 3.4000000000000004 14.918589029946638 -0.0 1242.3800798640168
6.200000000000001 5.0 3.6000000000000005 11.248272602428639 -0.0 1236.37464278258
6.200000000000001 5.0 3.8 6.028387050613648 -0.0 1232.4353654548345
6.200000000000001 5.0 4.0 -1.3361550556845329e-14 -2.2118110586145115e-15 1231.0655367942036
6.200000000000001 5.0 4.2 -6.028387050613786 -0.0 1232.4353654548347
6.200000000000001 5.0 4.4 -11.248272602428221 -0.0 1236.374642782579
6.200000000000001 5.0 4.6 -14.918589029946915 -0.0 1242.380079864017
6.200000000000001 5.0 4.800000000000001 -16.44668455454995 -0.0 1249.6431308927272
6.200000000000001 5.0 5.0 -15.488656780586751 -0.0 1257.114291757709
6.200000000000001 5.0 5.200000000000001 -12.057689447650398 -5.551115123125783e-13 1263.6240011410882
6.200000000000001 5.0 5.4 -6.603147547940558 -0.0 1268.070262923439
6.200000000000001 5.200000000000001 2.6000000000000005 6.60355811728186 0.5003126212210773 1268.2921635056437
6.200000000000001 5.200000000000001 2.8 12.05839021289845 0.9219219732992112 1263.7924639377984
6.200000000000001 5.200000000000001 3.0 15.48946434064724 1.1996519738083355 1257.2036946988976
6.200000000000001 5.200000000000001 3.2 16.447427992187514 1.2923371860357191 1249.6406534455145
6.200000000000001 5.200000000000001 3.4000000000000004 14.91916149722966 1.1883664851605746 1242.287172267718
6.200000000000001 5.200000000000001 3.6000000000000005 11.248639841974772 0.9059563356948741 1236.2061785840558
6.200000000000001 5.200000000000001 3.8 6.028561039467251 0.4890192582152064 1232.2169695277403
6.200000000000001 5.200000000000001 4.0 -8.581044841123214e-15 9.532397778313817e-16 1230.8297108628822
6.200000000000001 5.200000000000001 4.2 -6.028561039467597 -0.4890192582153452 1232.2169695277407
6.200000000000001 5.200000000000001 4.4 -11.248639841974494 -0.9059563356945965 1236.206178584056
6.200000000000001 5.200000000000001 4.6 -14.919161497230215 -1.188366485159742 1242.287172267718
6.200000000000001 5.200000000000001 4.800000000000001 -16.4474279921864 -1.2923371860357191 1249.6406534455145
6.200000000000001 5.200000000000001 5.0 -15.489464340647796 -1.1996519738088907 1257.2036946988967
6.200000000000001 5.200000000000001 5.200000000000001 -12.058390212897896 -0.9219219732997663 1263.7924639377977
6.200000000000001 5.200000000000001 5.4 -6.6035581172829705 -0.5003126212216324 1268.2921635056443
6.200000000000001 5.4 2.6000000000000005 6.604708202734844 1.0787992906058363 1268.9921848967383
6.200000000000001 5.4 2.8 12.060335253805121 1.9868243825155174 1264.3233404936755
6.200000000000001 5.4 3.0 15.49166949453451 2.583319017303576 1257.4847069704458
6.200000000000001 5.4 3.2 16.44940842417175 2.7803863311817723 1249.6318454040786
6.200000000000001 5.4 3.4000000000000004 14.92063545707356 2.554446152088219 1241.993699013676
6.200000000000001 5.4 3.6000000000000005 11.249547605613197 1.945972230615045 1235.6752955556346
6.200000000000001 5.4 3.8 6.028975260881502 1.0498981758914199 1231.5294091191395
6.200000000000001 5.4 4.0 -1.143365814816256e-15 6.228571723751128e-15 1230.087498277773
6.200000000000001 5.4 4.2 -6.028975260881225 -1.0498981758912118 1231.5294091191402
6.200000000000001 5.4 4.4 -11.249547605613474 -1.9459722306149063 1235.6752955556349
6.200000000000001 5.4 4.6 -14.920635457074116 -2.554446152088219 1241.993699013676
6.200000000000001 5.4 4.800000000000001 -16.449408424170365 -2.7803863311809396 1249.631845404078
6.200000000000001 5.4 5.0 -15.49166949453451 -2.583319017303576 1257.484706970445
6.200000000000001 5.4 5.200000000000001 -12.060335253804565 -1.9868243825149623 1264.3233404936755
6.200000000000001 5.4 5.4 -6.604708202735399 -1.0787992906052812 1268.9921848967388
6.200000000000001 5.6 2.6000000000000005 6.606357954241915 1.827090831215683 1270.2789878881592
6.200000000000001 5.6 2.8 12.063060019378845 3.361630734958765 1265.296983664496
6.200000000000001 5.6 3.0 15.494625658570293 4.364589541919761 1257.9972566475637
6.200000000000001 5.6 3.2 16.45187836971429 4.689822987206382 1249.6117805802992
6.200000000000001 5.6 3.4000000000000004 14.922278975449954 4.301865978428576 1241.4527581671514
6.200000000000001 5.6 3.6000000000000005 11.250410271365363 3.2728578458994515 1234.701630607859
6.200000000000001 5.6 3.8 6.029304014296619 1.7642694762265432 1230.2709972971254
6.200000000000001 5.6 4.0 4.293462298272988e-15 1.3303269657942497e-14 1228.7299145110994
6.200000000000001 5.6 4.2 -6.029304014297034 -1.7642694762266125 1230.2709972971259
6.200000000000001 5.6 4.4 -11.250410271365917 -3.2728578459001456 1234.701630607859
6.200000000000001 5.6 4.6 -14.922278975450231 -4.301865978428299 1241.452758167152
6.200000000000001 5.6 4.800000000000001 -16.451878369713178 -4.689822987206105 1249.6117805802992
6.200000000000001 5.6 5.0 -15.494625658569738 -4.364589541918651 1257.9972566475628
6.200000000000001 5.6 5.200000000000001 -12.063060019378845 -3.3616307349582097 1265.296983664496
6.200000000000001 5.6 5.4 -6.606357954241915 -1.827090831215128 1270.2789878881592
6.200000000000001 5.800000000000001 2.6000000000000005 6.608132781809051 2.8667145100025326 1272.353815631697
6.200000000000001 5.800000000000001 2.8 12.065828711793625 5.266030415166378 1266.8608392043795
6.200000000000001 5.800000000000001 3.0 15.497290649820194 6.821470322156964 1258.8128992226934
6.200000000000001 5.800000000000001 3.2 16.453613396899545 7.310727565960906 1249.5691218405873
6.200000000000001 5.800000000000001 3.4000000000000004 14.922877704409698 6.689228770616895 1240.576733872369
6.200000000000001 5.800000000000001 3.6000000000000005 11.250247603791784 5.0787679964924 1233.1376990534325
6.200000000000001 5.800000000000001 3.8 6.028999215155206 2.7341217019425517 1228.2565512732403
6.200000000000001 5.800000000000001 4.0 1.0367125825545034e-14 1.4967539421298215e-14 1226.5589593253198
6.200000000000001 5.800000000000001 4.2 -6.0289992151547205 -2.7341217019429678 1228.25655127324
6.200000000000001 5.800000000000001 4.4 -11.250247603790813 -5.078767996492816 1233.1376990534332
6.200000000000001 5.800000000000001 4.6 -14.922877704409975 -6.68922877061745 1240.57673387237
6.200000000000001 5.800000000000001 4.800000000000001 -16.453613396899545 -7.310727565961461 1249.5691218405877
6.200000000000001 5.800000000000001 5.0 -15.497290649819083 -6.821470322156964 1258.812899222693
6.200000000000001 5.800000000000001 5.200000000000001 -12.065828711793625 -5.2660304151669335 1266.8608392043789
6.200000000000001 5.800000000000001 5.4 -6.608132781809606 -2.8667145100030877 1272.353815631697
6.200000000000001 6.0 2.6000000000000005 6.609593484092069 4.37258124722284 1275.5450183033256
6.200000000000001 6.0 2.8 12.06774566994473 8.012558835581162 1269.2517394766505
6.200000000000001 6.0 3.0 15.498340113197505 10.34295582006517 1260.0419537983585
6.200000000000001 6.0 3.2 16.452998093581805 11.041508097078822 1249.479539028759
6.200000000000001 6.0 3.4000000000000004 14.920784024483046 10.065442973494765 1239.220798597683
6.200000000000001 6.0 3.6000000000000005 11.247704860553597 7.619203981533567 1230.7465235391846
6.200000000000001 6.0 3.8 6.027295481339026 4.093778989218491 1225.192229300633
6.200000000000001 6.0 4.0 1.7991636043683627e-14 2.2823900018410116e-14 1223.261671107214
6.200000000000001 6.0 4.2 -6.0272954813388875 -4.093778989218491 1225.192229300633
6.200000000000001 6.0 4.4 -11.247704860552904 -7.619203981533151 1230.7465235391844
6.200000000000001 6.0 4.6 -14.920784024482769 -10.065442973495596 1239.2207985976834
6.200000000000001 6.0 4.800000000000001 -16.452998093581805 -11.041508097079378 1249.4795390287595
6.200000000000001 6.0 5.0 -15.498340113196951 -10.342955820065724 1260.0419537983573
6.200000000000001 6.0 5.200000000000001 -12.06774566994473 -8.012558835581162 1269.25173947665
6.200000000000001 6.0 5.4 -6.609593484092069 -4.37258124722284 1275.545018303326
6.200000000000001 6.200000000000001 2.6000000000000005 6.610412405645416 6.610412405645416 1280.3663744672783
6.200000000000001 6.200000000000001 2.8 12.068038346385034 12.06803834638448 1272.8312137772218
6.200000000000001 6.200000000000001 3.0 15.4964632993132 15.4964632993132 1261.8418484841911
6.200000000000001 6.200000000000001 3.2 16.448264901708086 16.448264901708086 1249.291608994017
6.200000000000001 6.200000000000001 3.4000000000000004 14.914073044105802 14.914073044106635 1237.1544297568237
6.200000000000001 6.200000000000001 3.6000000000000005 11.241135027118126 11.241135027118126 1227.1660350691561
6.200000000000001 6.200000000000001 3.8 6.023242564939107 6.023242564939454 1220.6373472917066
6.200000000000001 6.200000000000001 4.0 1.9410009764461514e-14 2.687297847163853e-14 1218.3714013468827
6.200000000000001 6.200000000000001 4.2 -6.02324256493883 -6.02324256493883 1220.6373472917066
6.200000000000001 6.200000000000001 4.4 -11.24113502711757 -11.24113502711785 1227.166035069156
6.200000000000001 6.200000000000001 4.6 -14.914073044106356 -14.914073044106079 1237.1544297568237
6.200000000000001 6.200000000000001 4.800000000000001 -16.448264901708086 -16.448264901708086 1249.2916089940175
6.200000000000001 6.200000000000001 5.0 -15.496463299313756 -15.496463299313756 1261.8418484841911
6.200000000000001 6.200000000000001 5.200000000000001 -12.068038346383924 -12.068038346383924 1272.8312137772218
6.200000000000001 6.200000000000001 5.4 -6.610412405645416 -6.610412405644861 1280.3663744672783
6.200000000000001 6.4 2.6000000000000005 6.610770208362315 10.001491302971122 1287.6130566497102
6.200000000000001 6.4 2.8 12.066688858922147 18.154361040780277 1278.1377903703183
6.200000000000001 6.4 3.0 15.491019705071162 23.130161016071124 1264.422180353682
6.200000000000001 6.4 3.2 16.438026567016372 24.346520178757935 1248.8971487735525
6.200000000000001 6.4 3.4000000000000004 14.900898277585561 21.907913272797007 1234.013668723093
6.200000000000001 6.4 3.6000000000000005 11.228796541782048 16.41378900863369 1221.8556930600173
6.200000000000001 6.4 3.8 6.015788429532612 8.76145752775094 1213.9510942735149
6.200000000000001 6.4 4.0 6.130031107946511e-15 1.2082189568387391e-14 1211.2151859773355
6.200000000000001 6.4 4.2 -6.015788429532889 -8.761457527750455 1213.951094273515
6.200000000000001 6.4 4.4 -11.228796541782465 -16.413789008634105 1221.8556930600173
6.200000000000001 6.4 4.6 -14.900898277585283 -21.90791327279673 1234.0136687230931
6.200000000000001 6.4 4.800000000000001 -16.438026567018316 -24.34652017875738 1248.8971487735519
6.200000000000001 6.4 5.0 -15.491019705071162 -23.13016101607057 1264.4221803536814
6.200000000000001 6.4 5.200000000000001 -12.066688858922147 -18.15436104078083 1278.137790370319
6.200000000000001 6.4 5.4 -6.61077020836176 -10.001491302971122 1287.6130566497102
6.4 3.6000000000000005 2.6000000000000005 10.001288039754307 -10.001288039754863 1294.8582893953335
6.4 3.6000000000000005 2.8 18.150596444422295 -18.15059644442285 1283.4403286634094
6.4 3.6000000000000005 3.0 23.11914246191926 -23.11914246191926 1266.9968122679925
6.4 3.6000000000000005 3.2 24.327520207313434 -24.327520207313434 1248.4979759773662
6.4 3.6000000000000005 3.4000000000000004 21.88441365988919 -21.88441365988891 1230.87190605419
6.4 3.6000000000000005 3.6000000000000005 16.392245154041863 -16.392245154041863 1216.549335502505
6.4 3.6000000000000005 3.8 8.74858485252504 -8.74858485252511 1207.2729922824838
6.4 3.6000000000000005 4.0 7.76219581981107e-15 -1.2880340892983962e-14 1204.0687315031241
6.4 3.6000000000000005 4.2 -8.748584852525386 8.74858485252511 1207.2729922824833
6.4 3.6000000000000005 4.4 -16.39224515404214 16.39224515404214 1216.5493355025055
6.4 3.6000000000000005 4.6 -21.88441365988919 21.88441365988919 1230.8719060541894
6.4 3.6000000000000005 4.800000000000001 -24.327520207313434 24.327520207313434 1248.4979759773653
6.4 3.6000000000000005 5.0 -23.119142461918706 23.119142461918706 1266.9968122679936
6.4 3.6000000000000005 5.200000000000001 -18.15059644442285 18.150596444422295 1283.4403286634094
6.4 3.6000000000000005 5.4 -10.001288039753753 10.001288039754307 1294.8582893953335
6.4 3.8 2.6000000000000005 10.001491302971122 -6.61077020836176 1287.6130566497102
6.4 3.8 2.8 18.15436104078083 -12.066688858922147 1278.1377903703183
6.4 3.8 3.0 23.130161016071124 -15.491019705071162 1264.422180353682
6.4 3.8 3.2 24.346520178757935 -16.43802656701665 1248.8971487735525
6.4 3.8 3.4000000000000004 21.90791327279673 -14.900898277585561 1234.013668723093
6.4 3.8 3.6000000000000005 16.41378900863341 -11.228796541781632 1221.8556930600173
6.4 3.8 3.8 8.76145752775087 -6.015788429532543 1213.9510942735149
6.4 3.8 4.0 1.5792522518901175e-14 -2.1483161442105516e-14 1211.2151859773355
6.4 3.8 4.2 -8.761457527750732 6.015788429533098 1213.951094273515
6.4 3.8 4.4 -16.41378900863369 11.228796541782465 1221.8556930600173
6.4 3.8 4.6 -21.907913272797007 14.900898277585561 1234.0136687230931
6.4 3.8 4.800000000000001 -24.34652017875738 16.43802656701776 1248.8971487735519
6.4 3.8 5.0 -23.13016101607057 15.491019705071718 1264.4221803536814
6.4 3.8 5.200000000000001 -18.15436104078083 12.066688858922703 1278.1377903703183
6.4 3.8 5.4 -10.001491302971122 6.61077020836176 1287.6130566497102
6.4 4.0 2.6000000000000005 9.999509099659631 -4.374040663647216 1282.7916005364114
6.4 4.0 2.8 18.152904726673746 -8.013978378793029 1274.5600791667
6.4 4.0 3.0 23.132262172461115 -10.342453530203798 1262.625474559898
6.4 4.0 3.2 24.3534832187689 -11.038154402218114 1249.0880974048519
6.4 4.0 3.4000000000000004 21.918326386501096 -10.059919604178956 1236.081136079425
6.4 4.0 3.6000000000000005 16.424161078142095 -7.613493205101962 1225.434445350558
6.4 4.0 3.8 8.767895187572899 -4.090174454236401 1218.5017888242653
6.4 4.0 4.0 4.418589061697288e-15 -2.7420459215896334e-14 1216.10030836219
6.4 4.0 4.2 -8.76789518757283 4.09017445423647 1218.5017888242658
6.4 4.0 4.4 -16.424161078142372 7.613493205101823 1225.434445350558
6.4 4.0 4.6 -21.91832638650082 10.059919604179234 1236.0811360794246
6.4 4.0 4.800000000000001 -24.3534832187689 11.03815440221756 1249.0880974048514
6.4 4.0 5.0 -23.132262172461115 10.342453530204354 1262.6254745598985
6.4 4.0 5.200000000000001 -18.152904726673192 8.013978378794139 1274.5600791666993
6.4 4.0 5.4 -9.999509099659075 4.374040663647216 1282.791600536411
6.4 4.2 2.6000000000000005 9.996068393067214 -2.868910049863005 1279.599078270917
6.4 4.2 2.8 18.148038479193218 -5.26924694010833 1272.1693775037618
6.4 4.2 3.0 23.12862046949027 -6.824116385663603 1261.398004330257
6.4 4.2 3.2 24.35273733912474 -7.311727620056551 1249.1796826995774
6.4 4.2 3.4000000000000004 21.920363820689403 -6.688536429535207 1237.438329920209
6.4 4.2 3.6000000000000005 16.427373649186837 -5.0772452790755205 1227.8254382099599
6.4 4.2 3.8 8.770203074400657 -2.7329525746524332 1221.5645874786169
6.4 4.2 4.0 6.871342020761289e-15 -2.869287152276946e-14 1219.3955348858085
6.4 4.2 4.2 -8.770203074400309 2.7329525746522254 1221.5645874786169
6.4 4.2 4.4 -16.4273736491867 5.077245279074827 1227.8254382099603
6.4 4.2 4.6 -21.920363820690234 6.68853642953493 1237.4383299202088
6.4 4.2 4.800000000000001 -24.35273733912557 7.311727620057106 1249.1796826995771
6.4 4.2 5.0 -23.128620469490823 6.8241163856641585 1261.398004330258
6.4 4.2 5.200000000000001 -18.148038479192106 5.269246940108885 1272.169377503761
6.4 4.2 5.4 -9.99606839306666 2.86891004986245 1279.599078270916
6.4 4.4 2.6000000000000005 9.992178033883524 -1.829412565609867 1277.5223535963032
6.4 4.4 2.8 18.141860018411336 -3.3653713177805855 1270.6048728308992
6.4 4.4 3.0 23.122390394890722 -4.368457670976822 1260.5829938799498
6.4 4.4 3.2 24.348166541544867 -4.6927866969198595 1249.2236773609802
6.4 4.4 3.4000000000000004 21.917999208339587 -4.303541239913111 1238.315618420406
6.4 4.4 3.6000000000000005 16.426693223649814 -3.27348571310504 1229.3900292054407
6.4 4.4 3.8 8.770224473729423 -1.7643815375881222 1223.5790341033407
6.4 4.4 4.0 9.655012687731135e-15 -2.4389355070523692e-14 1221.5662135114947
6.4 4.4 4.2 -8.770224473729701 1.764381537587914 1223.5790341033405
6.4 4.4 4.4 -16.42669322365023 3.27348571310504 1229.3900292054407
6.4 4.4 4.6 -21.91799920834014 4.303541239912834 1238.315618420407
6.4 4.4 4.800000000000001 -24.348166541545144 4.6927866969198595 1249.2236773609807
6.4 4.4 5.0 -23.122390394890722 4.368457670976822 1260.5829938799502
6.4 4.4 5.200000000000001 -18.141860018411894 3.3653713177800304 1270.6048728308976
6.4 4.4 5.4 -9.992178033883524 1.829412565609867 1277.522353596302
6.4 4.6 2.6000000000000005 9.988739963916471 -1.0806839398436185 1276.2337069531366
6.4 4.6 2.8 18.136161632393843 -1.9899724841832 1269.6303323983948
6.4 4.6 3.0 23.116139697940127 -2.586811660499344 1260.0705889511175
6.4 4.6 3.2 24.342811016911657 -2.783421358656668 1249.244599130641
6.4 4.6 3.4000000000000004 21.91425900489291 -2.5566017788464235 1238.8576309040238
6.4 4.6 3.6000000000000005 16.42456553952662 -1.9472225009160848 1230.364597912285
6.4 4.6 3.8 8.76932678492856 -1.0504356575255502 1224.8380731917218
6.4 4.6 4.0 1.230128454201104e-14 -1.8416471975147533e-14 1222.9242979609844
6.4 4.6 4.2 -8.769326784928213 1.050435657525342 1224.838073191722
6.4 4.6 4.4 -16.424565539527173 1.9472225009165012 1230.364597912285
6.4 4.6 4.6 -21.91425900489291 2.5566017788458684 1238.8576309040236
6.4 4.6 4.800000000000001 -24.34281101691138 2.783421358656113 1249.244599130641
6.4 4.6 5.0 -23.11613969794124 2.586811660498789 1260.0705889511182
6.4 4.6 5.200000000000001 -18.13616163239329 1.9899724841820898 1269.6303323983943
6.4 4.6 5.4 -9.988739963916471 1.0806839398436185 1276.2337069531359
6.4 4.800000000000001 2.6000000000000005 9.986415515515489 -0.5013576256512886 1275.53238111212
6.4 4.800000000000001 2.8 18.13223529100738 -0.9236943000723308 1269.0987451102437
6.4 4.800000000000001 3.0 23.1116830274497 -1.2016731830521987 1259.7895450054764
6.4 4.800000000000001 3.2 24.33878242319609 -1.2941710781799731 1249.253887242633
6.4 4.800000000000001 3.4000000000000004 21.911218611730675 -1.1897528741461327 1239.1518172781466
6.4 4.800000000000001 3.6000000000000005 16.422653540700825 -0.9068275565711492 1230.8961953267615
6.4 4.800000000000001 3.8 8.768435399073153 -0.4894246119224732 1225.526256604257
6.4 4.800000000000001 4.0 9.57936137618319e-15 -1.0418061144424715e-14 1223.6670848265453
6.4 4.800000000000001 4.2 -8.768435399073084 0.4894246119225426 1225.526256604257
6.4 4.800000000000001 4.4 -16.422653540701383 0.9068275565708717 1230.8961953267612
6.4 4.800000000000001 4.6 -21.911218611730675 1.1897528741458552 1239.1518172781464
6.4 4.800000000000001 4.800000000000001 -24.338782423195813 1.2941710781808058 1249.2538872426337
6.4 4.800000000000001 5.0 -23.111683027451367 1.2016731830516436 1259.7895450054764
6.4 4.800000000000001 5.200000000000001 -18.132235291006825 0.9236943000723308 1269.0987451102426
6.4 4.800000000000001 5.4 -9.986415515515489 0.5013576256512886 1275.53238111212
6.4 5.0 2.6000000000000005 9.985597568304971 -0.0 1275.3100126530642
6.4 5.0 2.8 18.130843085856775 -0.0 1268.9300168409939
6.4 5.0 3.0 23.110081666936065 -0.0 1259.70011217301
6.4 5.0 3.2 24.337306237518785 -0.0 1249.2565194395472
6.4 5.0 3.4000000000000004 21.91007521906346 -0.0 1239.2449744256326
6.4 5.0 3.6000000000000005 16.421912650338292 -0.0 1231.0649261745086
6.4 5.0 3.8 8.768080860764998 -1.3877787807814457e-13 1225.7449007482928
6.4 5.0 4.0 9.47289063624817e-15 -6.585959762607249e-16 1223.9031471848295
6.4 5.0 4.2 -8.768080860765206 -0.0 1225.744900748293
6.4 5.0 4.4 -16.421912650338708 -0.0 1231.0649261745084
6.4 5.0 4.6 -21.910075219063184 -0.0 1239.2449744256337
6.4 5.0 4.800000000000001 -24.337306237518508 -2.7755575615628914e-13 1249.2565194395468
6.4 5.0 5.0 -23.11008166693662 -0.0 1259.7001121730098
6.4 5.0 5.200000000000001 -18.130843085856775 5.551115123125783e-13 1268.9300168409939
6.4 5.0 5.4 -9.985597568304971 -0.0 1275.3100126530635
6.4 5.200000000000001 2.6000000000000005 9.986415515516045 0.5013576256512886 1275.53238111212
6.4 5.200000000000001 2.8 18.13223529100627 0.9236943000723308 1269.0987451102437
6.4 5.200000000000001 3.0 23.1116830274497 1.2016731830521987 1259.7895450054764
6.4 5.200000000000001 3.2 24.33878242319609 1.2941710781802507 1249.253887242633
6.4 5.200000000000001 3.4000000000000004 21.91121861173012 1.1897528741461327 1239.1518172781466
6.4 5.200000000000001 3.6000000000000005 16.422653540700964 0.9068275565710104 1230.8961953267615
6.4 5.200000000000001 3.8 8.768435399073153 0.489424611922612 1225.526256604257
6.4 5.200000000000001 4.0 1.2135174297693772e-14 6.0582693036346165e-15 1223.6670848265455
6.4 5.200000000000001 4.2 -8.768435399073153 -0.4894246119225426 1225.526256604257
6.4 5.200000000000001 4.4 -16.422653540701383 -0.9068275565708717 1230.8961953267612
6.4 5.200000000000001 4.6 -21.911218611730675 -1.1897528741461327 1239.1518172781462
6.4 5.200000000000001 4.800000000000001 -24.338782423195813 -1.2941710781802507 1249.2538872426337
6.4 5.200000000000001 5.0 -23.111683027451367 -1.2016731830516436 1259.789545005477
6.4 5.200000000000001 5.200000000000001 -18.13223529100627 -0.9236943000723308 1269.0987451102426
6.4 5.200000000000001 5.4 -9.986415515515489 -0.5013576256512886 1275.5323811121193
6.4 5.4 2.6000000000000005 9.988739963916471 1.0806839398436185 1276.2337069531366
6.4 5.4 2.8 18.136161632393843 1.9899724841832 1269.6303323983948
6.4 5.4 3.0 23.116139697940127 2.586811660499899 1260.070588951118
6.4 5.4 3.2 24.342811016911657 2.783421358656668 1249.244599130641
6.4 5.4 3.4000000000000004 21.91425900489263 2.556601778846146 1238.8576309040234
6.4 5.4 3.6000000000000005 16.42456553952662 1.947222500915946 1230.364597912285
6.4 5.4 3.8 8.769326784928491 1.0504356575254807 1224.838073191722
6.4 5.4 4.0 1.6585971984214358e-14 1.0838835158263574e-14 1222.9242979609844
6.4 5.4 4.2 -8.769326784928074 -1.0504356575254807 1224.838073191722
6.4 5.4 4.4 -16.424565539527315 -1.9472225009163624 1230.3645979122848
6.4 5.4 4.6 -21.91425900489291 -2.5566017788458684 1238.8576309040243
6.4 5.4 4.800000000000001 -24.34281101691138 -2.7834213586558354 1249.2445991306413
6.4 5.4 5.0 -23.116139697940685 -2.586811660498789 1260.0705889511175
6.4 5.4 5.200000000000001 -18.13616163239329 -1.9899724841837552 1269.6303323983943
6.4 5.4 5.4 -9.988739963915915 -1.0806839398430634 1276.2337069531359
6.4 5.6 2.6000000000000005 9.992178033883524 1.829412565609867 1277.5223535963032
6.4 5.6 2.8 18.141860018411336 3.3653713177800304 1270.6048728309
6.4 5.6 3.0 23.122390394890168 4.368457670976822 1260.5829938799498
6.4 5.6 3.2 24.348166541544867 4.6927866969195815 1249.2236773609793
6.4 5.6 3.4000000000000004 21.917999208339587 4.303541239913111 1238.3156184204058
6.4 5.6 3.6000000000000005 16.426693223649394 3.2734857131053174 1229.3900292054407
6.4 5.6 3.8 8.770224473729494 1.7643815375879834 1223.579034103341
6.4 5.6 4.0 1.862601075092624e-14 1.6225525222154034e-14 1221.5662135114947
6.4 5.6 4.2 -8.770224473729701 -1.764381537587914 1223.5790341033407
6.4 5.6 4.4 -16.426693223649952 -3.2734857131047623 1229.390029205441
6.4 5.6 4.6 -21.91799920834014 -4.303541239912834 1238.3156184204067
6.4 5.6 4.800000000000001 -24.348166541545424 -4.692786696920415 1249.2236773609807
6.4 5.6 5.0 -23.122390394890722 -4.368457670976267 1260.5829938799493
6.4 5.6 5.200000000000001 -18.141860018411336 -3.3653713177805855 1270.6048728308983
6.4 5.6 5.4 -9.992178033883524 -1.829412565609867 1277.5223535963032
6.4 5.800000000000001 2.6000000000000005 9.996068393067214 2.868910049863005 1279.5990782709166
6.4 5.800000000000001 2.8 18.148038479192664 5.26924694010833 1272.1693775037618
6.4 5.800000000000001 3.0 23.12862046948971 6.824116385663048 1261.3980043302574
6.4 5.800000000000001 3.2 24.35273733912474 7.311727620056551 1249.1796826995774
6.4 5.800000000000001 3.4000000000000004 21.92036382068968 6.688536429535207 1237.438329920209
6.4 5.800000000000001 3.6000000000000005 16.427373649186837 5.077245279075659 1227.8254382099599
6.4 5.800000000000001 3.8 8.770203074400657 2.732952574652711 1221.5645874786167
6.4 5.800000000000001 4.0 2.439522979682137e-14 1.8696134210380463e-14 1219.3955348858085
6.4 5.800000000000001 4.2 -8.77020307440024 -2.7329525746524332 1221.564587478617
6.4 5.800000000000001 4.4 -16.4273736491867 -5.077245279074965 1227.8254382099599
6.4 5.800000000000001 4.6 -21.920363820690234 -6.68853642953493 1237.4383299202086
6.4 5.800000000000001 4.800000000000001 -24.352737339125017 -7.311727620056551 1249.1796826995778
6.4 5.800000000000001 5.0 -23.128620469491377 -6.8241163856641585 1261.3980043302574
6.4 5.800000000000001 5.200000000000001 -18.148038479192664 -5.269246940108885 1272.1693775037606
6.4 5.800000000000001 5.4 -9.996068393067214 -2.868910049863005 1279.5990782709166
6.4 6.0 2.6000000000000005 9.999509099659631 4.374040663647216 1282.7916005364114
6.4 6.0 2.8 18.152904726673192 8.013978378793585 1274.5600791667
6.4 6.0 3.0 23.132262172461115 10.342453530203798 1262.625474559898
6.4 6.0 3.2 24.353483218768346 11.038154402218114 1249.0880974048514
6.4 6.0 3.4000000000000004 21.918326386501096 10.05991960417868 1236.081136079425
6.4 6.0 3.6000000000000005 16.424161078142234 7.613493205101823 1225.4344453505582
6.4 6.0 3.8 8.767895187573385 4.090174454236401 1218.5017888242653
6.4 6.0 4.0 2.3715591048886986e-14 1.9433954356341017e-14 1216.1003083621895
6.4 6.0 4.2 -8.767895187572691 -4.0901744542363305 1218.5017888242658
6.4 6.0 4.4 -16.42416107814251 -7.613493205102101 1225.4344453505585
6.4 6.0 4.6 -21.918326386500542 -10.059919604178956 1236.081136079425
6.4 6.0 4.800000000000001 -24.353483218769178 -11.03815440221756 1249.0880974048514
6.4 6.0 5.0 -23.132262172461115 -10.342453530204908 1262.625474559897
6.4 6.0 5.200000000000001 -18.152904726673746 -8.013978378793585 1274.5600791666993
6.4 6.0 5.4 -9.999509099659075 -4.374040663647216 1282.791600536412
6.4 6.200000000000001 2.6000000000000005 10.001491302971122 6.610770208362315 1287.6130566497102
6.4 6.200000000000001 2.8 18.15436104078083 12.066688858922147 1278.1377903703183
6.4 6.200000000000001 3.0 23.130161016071124 15.491019705071162 1264.422180353682
6.4 6.200000000000001 3.2 24.346520178757935 16.438026567016372 1248.8971487735523
6.4 6.200000000000001 3.4000000000000004 21.907913272797007 14.900898277585839 1234.013668723093
6.4 6.200000000000001 3.6000000000000005 16.41378900863369 11.228796541782048 1221.8556930600178
6.4 6.200000000000001 3.8 8.761457527751078 6.015788429532543 1213.9510942735149
6.4 6.200000000000001 4.0 1.3096937037546149e-14 1.2319982219201529e-14 1211.2151859773355
6.4 6.200000000000001 4.2 -8.761457527750455 -6.015788429532681 1213.951094273515
6.4 6.200000000000001 4.4 -16.413789008633827 -11.228796541782465 1221.8556930600173
6.4 6.200000000000001 4.6 -21.907913272797007 -14.900898277585561 1234.0136687230931
6.4 6.200000000000001 4.800000000000001 -24.346520178757658 -16.438026567018316 1248.8971487735519
6.4 6.200000000000001 5.0 -23.13016101607057 -15.491019705071718 1264.4221803536814
6.4 6.200000000000001 5.200000000000001 -18.15436104077972 -12.066688858921037 1278.1377903703183
6.4 6.200000000000001 5.4 -10.001491302971122 -6.61077020836176 1287.6130566497102
6.4 6.4 2.6000000000000005 10.001288039754307 10.001288039754307 1294.8582893953335
6.4 6.4 2.8 18.150596444422295 18.150596444422295 1283.4403286634088
6.4 6.4 3.0 23.11914246191926 23.119142461918706 1266.9968122679923
6.4 6.4 3.2 24.327520207313434 24.327520207313434 1248.4979759773662
6.4 6.4 3.4000000000000004 21.88441365988891 21.88441365988919 1230.8719060541907
6.4 6.4 3.6000000000000005 16.392245154041863 16.392245154041863 1216.549335502505
6.4 6.4 3.8 8.74858485252504 8.74858485252511 1207.2729922824833
6.4 6.4 4.0 -5.071149896072762e-15 -9.584167568802769e-16 1204.0687315031241
6.4 6.4 4.2 -8.748584852525248 -8.748584852525179 1207.2729922824833
6.4 6.4 4.4 -16.39224515404214 -16.39224515404214 1216.5493355025055
6.4 6.4 4.6 -21.88441365988891 -21.88441365988919 1230.8719060541894
6.4 6.4 4.800000000000001 -24.327520207313434 -24.327520207313434 1248.4979759773653
6.4 6.4 5.0 -23.119142461918706 -23.119142461918706 1266.996812267994
6.4 6.4 5.200000000000001 -18.15059644442285 -18.15059644442285 1283.4403286634094
6.4 6.4 5.4 -10.001288039754307 -10.001288039753753 1294.858289395333
