x,y,z,Ex,Ey,Ez
-0.00025,-0.00025,-0.00025,-6.710620532082291,5.700296857828386,9.774835761250069
-0.00025,-0.00025,-0.00021875,-6.710273548375318,5.702121463321871,9.60498581867131
-0.00025,-0.00025,-0.0001875,-6.709844004909312,5.70383174912672,9.436042863346474
-0.00025,-0.00025,-0.00015625,-6.709331760996951,5.70542779731562,9.267994369520984
-0.00025,-0.00025,-0.000125,-6.7087366822032495,5.7069096927189475,9.10082783260979
-0.00025,-0.00025,-9.375e-05,-6.708058640344925,5.708277522929165,8.934530769597057
-0.00025,-0.00025,-6.25e-05,-6.707297513489464,5.70953137830508,8.76909071943127
-0.00025,-0.00025,-3.125e-05,-6.70645318595354,5.710671351975513,8.604495243415855
-0.00025,-0.00025,0.0,-6.7055255483012886,5.711697539843017,8.440731925595319
-0.00025,-0.00025,3.125000000000003e-05,-6.704514497341962,5.712610040587092,8.277788373137028
-0.00025,-0.00025,6.25e-05,-6.7034199361273235,5.71340895566722,8.115652216708655
-0.00025,-0.00025,9.374999999999997e-05,-6.702241773948516,5.714094389325574,7.954311110851362
-0.00025,-0.00025,0.000125,-6.700979926332671,5.714666448589526,7.793752734348789
-0.00025,-0.00025,0.00015625000000000003,-6.699634315038904,5.715125243273667,7.633964790591916
-0.00025,-0.00025,0.0001875,-6.698204868054152,5.715470885981881,7.47493500793984
-0.00025,-0.00025,0.00021874999999999998,-6.696691519588395,5.715703492108794,7.31665114007657
-0.00025,-0.00025,0.00025,-6.6950942100695645,5.715823179841112,7.1591009663638445
-0.00025,-0.00021875,-0.00025,-6.710691387330339,5.433586872045412,9.776628735216903
-0.00025,-0.00021875,-0.00021875,-6.710344280194493,5.435237401919269,9.606667990431422
-0.00025,-0.00021875,-0.0001875,-6.709914615005436,5.4367807199531235,9.437614307406957
-0.00025,-0.00021875,-0.00015625,-6.709402251063073,5.438216895833944,9.269455163136284
-0.00025,-0.00021875,-0.000125,-6.708807053919833,5.439546001990117,9.102178055786041
-0.00025,-0.00021875,-9.375e-05,-6.708128895380068,5.440768113595473,8.93577050509614
-0.00025,-0.00021875,-6.25e-05,-6.707367653499098,5.4418833085730025,8.77022005277462
-0.00025,-0.00021875,-3.125e-05,-6.706523212581628,5.442891667598316,8.605514262887972
-0.00025,-0.00021875,0.0,-6.705595463180054,5.443793274102834,8.441640722246989
-0.00025,-0.00021875,3.125000000000003e-05,-6.70458430209205,5.444588214276697,8.27858704078834
-0.00025,-0.00021875,6.25e-05,-6.7034896323580515,5.445276577071418,8.116340851951627
-0.00025,-0.00021875,9.374999999999997e-05,-6.702311363258037,5.445858454202251,7.954889813052393
-0.00025,-0.00021875,0.000125,-6.7010494103081975,5.446333940150297,7.7942216056507885
-0.00025,-0.00021875,0.00015625000000000003,-6.699703695256904,5.446703132164343,7.634323935916156
-0.00025,-0.00021875,0.0001875,-6.698274146080549,5.4469661302624,7.475184534987543
-0.00025,-0.00021875,0.00021874999999999998,-6.696760696978783,5.447123037233014,7.316791159330199
-0.00025,-0.00021875,0.00025,-6.6951632883693915,5.44717395863624,7.15913159108814
-0.00025,-0.0001875,-0.00025,-6.710691530259002,5.167394558865526,9.778244083484763
-0.00025,-0.0001875,-0.00021875,-6.710344309127668,5.168871026336883,9.608179647059409
-0.00025,-0.0001875,-0.0001875,-6.709914532356019,5.170247382897852,9.439022334520935
-0.00025,-0.0001875,-0.00015625,-6.709402059233115,5.171523685842982,9.270759625593618
-0.00025,-0.0001875,-0.000125,-6.708806755300733,5.172699995192385,9.103379021179505
-0.00025,-0.0001875,-9.375e-05,-6.7081284923527225,5.173776373695344,8.936868043757595
-0.00025,-0.0001875,-6.25e-05,-6.7073671484339705,5.174752886833623,8.771214237778361
-0.00025,-0.0001875,-3.125e-05,-6.70652260783896,5.1756296028245306,8.606405170053891
-0.00025,-0.0001875,0.0,-6.705594761109922,5.176406592623745,8.442428430143465
-0.00025,-0.0001875,3.125000000000003e-05,-6.7045835050345755,5.17708392992782,8.279271630734767
-0.00025,-0.0001875,6.25e-05,-6.703488742643457,5.1776616911765085,8.116922408020809
-0.00025,-0.0001875,9.374999999999997e-05,-6.702310383206855,5.178139955554745,7.955368422072576
-0.00025,-0.0001875,0.000125,-6.701048342231331,5.178518804994436,7.794597357207469
-0.00025,-0.0001875,0.00015625000000000003,-6.699702541455829,5.178798324175947,7.634596922353598
-0.00025,-0.0001875,0.0001875,-6.698272908847387,5.178978600529327,7.475354851410051
-0.00025,-0.0001875,0.00021874999999999998,-6.696759378596445,5.179059724235301,7.316858903603116
-0.00025,-0.0001875,0.00025,-6.6951618911117645,5.179041788225954,7.159096863838565
-0.00025,-0.00015625,-0.00025,-6.710620868052834,4.901701686840207,9.779681824934261
-0.00025,-0.00015625,-0.00021875,-6.7102735423540025,4.90300410960873,9.609520800589625
-0.00025,-0.00015625,-0.0001875,-6.709843664136075,4.904213515616317,9.440266949869955
-0.00025,-0.00015625,-0.00015625,-6.709331092679288,4.905329949759108,9.271907755215565
-0.00025,-0.00015625,-0.000125,-6.708735693516701,4.906353459643344,9.104430720248049
-0.00025,-0.00015625,-9.375e-05,-6.708057338433442,4.907284095588502,8.937823370169195
-0.00025,-0.00015625,-6.25e-05,-6.707295905465786,4.908121910630353,8.772073252155263
-0.00025,-0.00015625,-3.125e-05,-6.706451278899653,4.908866960523442,8.607167935746888
-0.00025,-0.00015625,0.0,-6.705523349268782,4.909519303743694,8.443095013234341
-0.00025,-0.00015625,3.125000000000003e-05,-6.7045120133524545,4.910079001490441,8.279842100038554
-0.00025,-0.00015625,6.25e-05,-6.703417174172846,4.9105461176884395,8.117396835087757
-0.00025,-0.00015625,9.374999999999997e-05,-6.702238740991934,4.910920718989444,7.955746881189858
-0.00025,-0.00015625,0.000125,-6.70097662930804,4.911202874773757,7.7948799254006556
-0.00025,-0.00015625,0.00015625000000000003,-6.6996307608519166,4.9113926571512145,7.63478367938785
-0.00025,-0.00015625,0.0001875,-6.698201063582519,4.91149014096229,7.475445879791068
-0.00025,-0.00015625,0.00021874999999999998,-6.696687471682195,4.911495403778609,7.316854288577814
-0.00025,-0.00015625,0.00025,-6.6950899255517236,4.9114085259034015,7.158996693395522
-0.00025,-0.000125,-0.00025,-6.710479314846023,4.63649003254856,9.780941982861403
-0.00025,-0.000125,-0.00021875,-6.710131894002261,4.637618432800359,9.610691467610227
-0.00025,-0.000125,-0.0001875,-6.7097019244701865,4.638660903799216,9.441348163328481
-0.00025,-0.000125,-0.00015625,-6.709189265523232,4.639617478037543,9.27289955515746
-0.00025,-0.000125,-0.000125,-6.708593782687569,4.640488190702765,9.105333149422774
-0.00025,-0.000125,-9.375e-05,-6.707915347741531,4.641273079680081,8.938636474033155
-0.00025,-0.000125,-6.25e-05,-6.707153838714503,4.641972185555002,8.772797078874346
-0.00025,-0.000125,-3.125e-05,-6.706309139885577,4.642585551615562,8.60780253619881
-0.00025,-0.000125,0.0,-6.705381141781601,4.6431132238545,8.4436404410108
-0.00025,-0.000125,3.125000000000003e-05,-6.704369741175009,4.643555250970845,8.280298411447056
-0.00025,-0.000125,6.25e-05,-6.703274841081077,4.643911684371715,8.11776408915323
-0.00025,-0.000125,9.374999999999997e-05,-6.702096350754927,4.644182578173384,7.956025139656043
-0.00025,-0.000125,0.000125,-6.700834185687959,4.644367989202571,7.795069252731201
-0.00025,-0.000125,0.00015625000000000003,-6.699488267604064,4.644467976997127,7.634884142767193
-0.00025,-0.000125,0.0001875,-6.698058524455246,4.6444826038066855,7.475457549125074
-0.00025,-0.000125,0.00021874999999999998,-6.696544890416985,4.644411934592997,7.316777236494144
-0.00025,-0.000125,0.00025,-6.694947305883109,4.644256037030018,7.158830995243759
-0.00025,-9.375e-05,-0.00025,-6.710266791723356,4.37174138112986,9.782024584981345
-0.00025,-9.375e-05,-0.00021875,-6.709919285151817,4.372695785541002,9.611691669266785
-0.00025,-9.375e-05,-0.0001875,-6.7094892344334625,4.373571341704233,9.44226598946735
-0.00025,-9.375e-05,-0.00015625,-6.708976498836858,4.374368069703618,9.273735033410588
-0.00025,-9.375e-05,-0.000125,-6.708380943883263,4.3750859923035454,9.106086310111094
-0.00025,-9.375e-05,-9.375e-05,-6.707702441345987,4.37572513495101,8.939307350168926
-0.00025,-9.375e-05,-6.25e-05,-6.706940869249364,4.376285525777763,8.773385706163424
-0.00025,-9.375e-05,-3.125e-05,-6.706096111867306,4.37676719560218,8.608308953042577
-0.00025,-9.375e-05,0.0,-6.7051680597214505,4.377170177930918,8.444064688507902
-0.00025,-9.375e-05,3.125000000000003e-05,-6.704156609578908,4.377494508960329,8.28064053339489
-0.00025,-9.375e-05,6.25e-05,-6.703061664449584,4.377740227577681,8.118024132049204
-0.00025,-9.375e-05,9.374999999999997e-05,-6.701883133583118,4.377907375362085,7.956203152698595
-0.00025,-9.375e-05,0.000125,-6.700620932465398,4.377995996585246,7.795165287820577
-0.00025,-9.375e-05,0.00015625000000000003,-6.699274982814673,4.378006138211936,7.634898254506
-0.00025,-9.375e-05,0.0001875,-6.6978452125772705,4.377937849900306,7.475389794818577
-0.00025,-9.375e-05,0.00021874999999999998,-6.69633155592289,4.37779118400185,7.31662767615035
-0.00025,-9.375e-05,0.00025,-6.6947339532395205,4.377566195561299,7.15859969157325
-0.00025,-6.25e-05,-0.00025,-6.7099832267208654,4.107437526813611,9.782929663431867
-0.00025,-6.25e-05,-0.00021875,-6.709635643833275,4.108217966553172,9.612521431265467
-0.00025,-6.25e-05,-0.0001875,-6.709205522052083,4.108926632685161,9.44302044755673
-0.00025,-6.25e-05,-0.00015625,-6.7086927206430085,4.109563532881438,9.274414202805115
-0.00025,-6.25e-05,-0.000125,-6.708097105124278,4.110128677479815,9.106690208699357
-0.00025,-6.25e-05,-9.375e-05,-6.707418547266062,4.110622079485836,8.9398359985157
-0.00025,-6.25e-05,-6.25e-05,-6.706656925089364,4.111043754574623,8.773839127511495
-0.00025,-6.25e-05,-3.125e-05,-6.705812122864665,4.111393721092298,8.608687173314284
-0.00025,-6.25e-05,0.0,-6.704884031109991,4.111672000057271,8.444367736306496
-0.00025,-6.25e-05,3.125000000000003e-05,-6.7038725465887135,4.111878615161286,8.280868440005658
-0.00025,-6.25e-05,6.25e-05,-6.702777572306841,4.1120135927702535,8.118176931440372
-0.00025,-6.25e-05,9.374999999999997e-05,-6.701599017509985,4.112076961924855,7.956280881521984
-0.00025,-6.25e-05,0.000125,-6.700336797679823,4.112068754340929,7.795167985412057
-0.00025,-6.25e-05,0.00015625000000000003,-6.6989908345302975,4.111989004409615,7.634825962885713
-0.00025,-6.25e-05,0.0001875,-6.697561056003236,4.111837749197373,7.475242558690916
-0.00025,-6.25e-05,0.00021874999999999998,-6.696047396263725,4.11161502844556,7.316405542903723
-0.00025,-6.25e-05,0.00025,-6.694449795694964,4.111320884570087,7.158302711279616
-0.00025,-3.125e-05,-0.00025,-6.709628554825807,3.8435602734471415,9.783657254776136
-0.00025,-3.125e-05,-0.00021875,-6.709280905028454,3.844166784179793,9.613180783875768
-0.00025,-3.125e-05,-0.0001875,-6.7088507223034215,3.844708589718668,9.443611561568718
-0.00025,-3.125e-05,-0.00015625,-6.708337865915518,3.845185685320284,9.274937081012311
-0.00025,-3.125e-05,-0.000125,-6.70774220138189,3.845598068892925,9.107144856555008
-0.00025,-3.125e-05,-9.375e-05,-6.707063600471374,3.8459457409981983,8.940222424134392
-0.00025,-3.125e-05,-6.25e-05,-6.706301941203457,3.846228704852334,8.774157341670513
-0.00025,-3.125e-05,-3.125e-05,-6.705457107846865,3.8464469663272647,8.608937189454846
-0.00025,-3.125e-05,0.0,-6.704528990917659,3.8466005339515443,8.444549570534699
-0.00025,-3.125e-05,3.125000000000003e-05,-6.703517487177028,3.8466894189109944,8.280982111093252
-0.00025,-3.125e-05,6.25e-05,-6.70242249962858,3.846713635049194,8.118222460825285
-0.00025,-3.125e-05,9.374999999999997e-05,-6.701243937515306,3.8466731988677063,7.956258293308643
-0.00025,-3.125e-05,0.000125,-6.699981716316062,3.846568129526154,7.7950773063715015
-0.00025,-3.125e-05,0.00015625000000000003,-6.698635757741715,3.8463984488420095,7.6346672224554695
-0.00025,-3.125e-05,0.0001875,-6.697205989730847,3.8461641812902396,7.475015788974682
-0.00025,-3.125e-05,0.00021874999999999998,-6.69569234644504,3.8458653540027203,7.3161107786708275
-0.00025,-3.125e-05,0.00025,-6.694094768263816,3.8455019967673905,7.157939989964238
-0.00025,0.0,-0.00025,-6.709202717976483,3.5800914350208686,9.784207400005315
-0.00025,0.0,-0.00021875,-6.708855010670237,3.5805240569090486,9.613669761932806
-0.00025,0.0,-0.0001875,-6.70842477711574,3.580899035928697,9.444039360179428
-0.00025,0.0,-0.00015625,-6.707911876578934,3.5812163549184532,9.275303690546643
-0.00025,0.0,-0.000125,-6.7073161745777625,3.581475999354952,9.107450270028473
-0.00025,0.0,-9.375e-05,-6.706637542881603,3.5816779573539304,8.940466637209248
-0.00025,0.0,-6.25e-05,-6.705875859510178,3.581822219671132,8.774340352656822
-0.00025,0.0,-3.125e-05,-6.705031008732165,3.581908779703012,8.609058999311234
-0.00025,0.0,0.0,-6.704102881063298,3.581937633487243,8.444610182868963
-0.00025,0.0,3.125000000000003e-05,-6.703091373264142,3.581908779703012,8.280981532162734
-0.00025,0.0,6.25e-05,-6.701996388337397,3.581822219671132,8.118160699537059
-0.00025,0.0,9.374999999999997e-05,-6.700817835524862,3.5816779573539304,7.95613536121949
-0.00025,0.0,0.000125,-6.699555630303904,3.581475999354952,7.794893217687668
-0.00025,0.0,0.00015625000000000003,-6.698209694383639,3.5812163549184532,7.634421994032248
-0.00025,0.0,0.0001875,-6.696779955700568,3.580899035928697,7.474709440315721
-0.00025,0.0,0.00021874999999999998,-6.695266348413953,3.5805240569090486,7.315743331927325
-0.00025,0.0,0.00025,-6.693668812900653,3.5800914350208686,7.157511469933862
-0.00025,3.125000000000003e-05,-0.00025,-6.70870566506143,3.317012836191357,9.784580144540513
-0.00025,3.125000000000003e-05,-0.00021875,-6.7083579096416805,3.3172716138969984,9.613988404839194
-0.00025,3.125000000000003e-05,-0.0001875,-6.707927635367461,3.317479805108554,9.44430387677069
-0.00025,3.125000000000003e-05,-0.00015625,-6.707414701507768,3.3176373802450323,9.275514058767156
-0.00025,3.125000000000003e-05,-0.000125,-6.706818973583293,3.3177443123499097,9.107606470454307
-0.00025,3.125000000000003e-05,-9.375e-05,-6.706140323365777,3.317800577091827,8.940568653048992
-0.00025,3.125000000000003e-05,-6.25e-05,-6.705378628876963,3.3178061527650877,8.774388169752138
-0.00025,3.125000000000003e-05,-3.125e-05,-6.704533774387187,3.317761020289983,8.609052606137304
-0.00025,3.125000000000003e-05,0.0,-6.703605650413479,3.317665163212898,8.444549570534699
-0.00025,3.125000000000003e-05,3.125000000000003e-05,-6.70259415371735,3.3175185677062533,8.280866694410793
-0.00025,3.125000000000003e-05,6.25e-05,-6.701499187302085,3.3173212225682276,8.11799163274366
-0.00025,3.125000000000003e-05,9.374999999999997e-05,-6.70032066040971,3.317073119222319,7.955912064394045
-0.00025,3.125000000000003e-05,0.000125,-6.699058488517465,3.316774251716681,7.794615692472203
-0.00025,3.125000000000003e-05,0.00015625000000000003,-6.697712593333965,3.3164246167233067,7.634090244700626
-0.00025,3.125000000000003e-05,0.0001875,-6.696282902794886,3.3160242135369824,7.474323473772712
-0.00025,3.125000000000003e-05,0.00021874999999999998,-6.694769351058267,3.315573044074071,7.315303157707401
-0.00025,3.125000000000003e-05,0.00025,-6.693171878499439,3.315071112871108,7.157017100199861
-0.00025,6.25e-05,-0.00025,-6.708137351918316,3.0543063128021806,9.784775538234417
-0.00025,6.25e-05,-0.00021875,-6.707789557775031,3.054391295487993,9.614136756566431
-0.00025,6.25e-05,-0.0001875,-6.707359252886013,3.054432742240979,9.444405149431283
-0.00025,6.25e-05,-0.00015625,-6.706846296525362,3.054430611059479,9.275568217878643
-0.00025,6.25e-05,-0.000125,-6.706250554218395,3.054384862552955,9.107613484152298
-0.00025,6.25e-05,-9.375e-05,-6.7055718977410885,3.05429545994242,8.940528492087566
-0.00025,6.25e-05,-6.25e-05,-6.704810205118958,3.0541623690604305,8.774300807504098
-0.00025,6.25e-05,-3.125e-05,-6.70396536062571,3.053985558351039,8.608918018594153
-0.00025,6.25e-05,0.0,-6.703037254781304,3.053764998869552,8.444367736306496
-0.00025,6.25e-05,3.125000000000003e-05,-6.702025784349758,3.0535006642820517,8.280637594725789
-0.00025,6.25e-05,6.25e-05,-6.700930852336436,3.0531925308648,8.117715251447772
-0.00025,6.25e-05,9.374999999999997e-05,-6.6997523679850115,3.0528405775034004,7.955588387950119
-0.00025,6.25e-05,0.000125,-6.6984902467739404,3.0524447856918413,7.794244709959116
-0.00025,6.25e-05,0.00015625000000000003,-6.697144410412651,3.0520051395313015,7.633671947812183
-0.00025,6.25e-05,0.0001875,-6.695714786837166,3.051521625728767,7.473857856816363
-0.00025,6.25e-05,0.00021874999999999998,-6.6942013102054805,3.0509942335956057,7.314790217602759
-0.00025,6.25e-05,0.00025,-6.692603920892414,3.0504229550457054,7.156456836477066
-0.00025,9.374999999999997e-05,-0.00025,-6.707497741332315,2.7919537124028686,9.784793635372386
-0.00025,9.374999999999997e-05,-0.00021875,-6.707149917849973,2.7918649537331683,9.614114865655898
-0.00025,9.374999999999997e-05,-0.0001875,-6.706719592446253,2.791739704016175,9.444343220957757
-0.00025,9.374999999999997e-05,-0.00015625,-6.706206624402288,2.791577908829174,9.275466204932194
-0.00025,9.374999999999997e-05,-0.000125,-6.7056108792499804,2.7913795163475443,9.107471342427734
-0.00025,9.374999999999997e-05,-9.375e-05,-6.704932228771341,2.7911444773447274,8.940346179884418
-0.00025,9.374999999999997e-05,-6.25e-05,-6.704170550997481,2.790872745191857,8.774078285726397
-0.00025,9.374999999999997e-05,-3.125e-05,-6.703325730207144,2.7905642758573426,8.608655250750097
-0.00025,9.374999999999997e-05,0.0,-6.702397656924872,2.7902190279061916,8.444064688507902
-0.00025,9.374999999999997e-05,3.125000000000003e-05,-6.7013862279187455,2.7898369624991934,8.280294235687368
-0.00025,9.374999999999997e-05,6.25e-05,-6.700291346197701,2.7894180433919393,8.117331552486235
-0.00025,9.374999999999997e-05,9.374999999999997e-05,-6.6991129210084726,2.788962236933651,7.955164322983102
-0.00025,9.374999999999997e-05,0.000125,-6.697850867832115,2.788469512065845,7.793780255503935
-0.00025,9.374999999999997e-05,0.00015625000000000003,-6.696505108380103,2.7879398403208544,7.633167082984394
-0.00025,9.374999999999997e-05,0.0001875,-6.695075570590061,2.787373195820103,7.473312563328169
-0.00025,9.374999999999997e-05,0.00021874999999999998,-6.693562188621046,2.78676955527232,7.314204479761237
-0.00025,9.374999999999997e-05,0.00025,-6.691964902848479,2.7861288979714307,7.155830641182209
-0.00025,0.000125,-0.00025,-6.706786803034182,2.5299368947658145,9.784634494673243
-0.00025,0.000125,-0.00021875,-6.706438959591798,2.5296744529069146,9.613922785219382
-0.00025,0.000125,-0.0001875,-6.706008623768463,2.5293825593478294,9.444118138854774
-0.00025,0.000125,-0.00015625,-6.7054956548543725,2.5290611472451037,9.275208061825499
-0.00025,0.000125,-0.000125,-6.704899918389884,2.528710152340584,9.107180081571617
-0.00025,0.000125,-9.375e-05,-6.704221286164942,2.5283295129609105,8.940021747124376
-0.00025,0.000125,-6.25e-05,-6.703459636217961,2.5279191700167942,8.77372062949848
-0.00025,0.000125,-3.125e-05,-6.702614852834482,2.5274790670021923,8.608264322080196
-0.00025,0.000125,0.0,-6.701686826545224,2.527009149993181,8.4436404410108
-0.00025,0.000125,3.125000000000003e-05,-6.700675454123914,2.5265093676469084,8.279836625565668
-0.00025,0.000125,6.25e-05,-6.699580638584535,2.5259796712000813,8.116840538529095
-0.00025,0.000125,9.374999999999997e-05,-6.698402289178338,2.5254200144676084,7.954639866564822
-0.00025,0.000125,0.000125,-6.6971403213902745,2.524830353840779,7.793222320582358
-0.00025,0.000125,0.00015625000000000003,-6.695794656935204,2.5242106482855196,7.632575636099155
-0.00025,0.000125,0.0001875,-6.694365223753523,2.523560859340359,7.472687573598781
-0.00025,0.000125,0.00021874999999999998,-6.692851956006522,2.5228809511142765,7.31354591888499
-0.00025,0.000125,0.00025,-6.691254794071268,2.5221708902843574,7.155138483431919
-0.00025,0.00015625000000000003,-0.00025,-6.706004513697709,2.2682377324014205,9.784298179289387
-0.00025,0.00015625000000000003,-0.00021875,-6.705656659668818,2.267801670021598,9.613560572939162
-0.00025,0.00015625000000000003,-0.0001875,-6.705226323515928,2.2673431898873617,9.443729955335066
-0.00025,0.00015625000000000003,-0.00015625,-6.704713364540234,2.2668622127355778,9.274793835302473
-0.00025,0.00015625000000000003,-0.000125,-6.704117648292533,2.2663586618757825,9.106739742860134
-0.00025,0.00015625000000000003,-9.375e-05,-6.703439046572465,2.2658324631892923,8.939555229617062
-0.00025,0.00015625000000000003,-6.25e-05,-6.702677437427595,2.2652835451279736,8.77322786916481
-0.00025,0.00015625000000000003,-3.125e-05,-6.701832705151907,2.2647118387131324,8.607745257465357
-0.00025,0.00015625000000000003,0.0,-6.700904740283982,2.2641172775339817,8.443095013234341
-0.00025,0.00015625000000000003,3.125000000000003e-05,-6.6998934396047085,2.2634997977461335,8.279264778320085
-0.00025,0.00015625000000000003,6.25e-05,-6.698798706134655,2.262859338069886,8.11624221807821
-0.00025,0.00015625000000000003,9.374999999999997e-05,-6.697620449130957,2.26219583978835,7.954015021741991
-0.00025,0.00015625000000000003,0.000125,-6.696358584083872,2.2615092467453692,7.7925709027885715
-0.00025,0.00015625000000000003,0.00015625000000000003,-6.695013032712863,2.2607995053434706,7.631897599300942
-0.00025,0.00015625000000000003,0.0001875,-6.693583722962372,2.260066564541389,7.471982874325958
-0.00025,0.00015625000000000003,0.00021874999999999998,-6.6920705889970105,2.2593103758517183,7.312814516228277
-0.00025,0.00015625000000000003,0.00025,-6.690473571196599,2.2585308933382264,7.154380339040397
-0.00025,0.0001875,-0.00025,-6.70515085693701,2.006838111071504,9.783784756806755
-0.00025,0.0001875,-0.00021875,-6.704803001689652,2.0062284953405114,9.613028291067673
-0.00025,0.0001875,-0.0001875,-6.704372675292078,2.0056034905364903,9.443178727318891
-0.00025,0.0001875,-0.00015625,-6.7038597370585045,2.004963004978408,9.27422357695275
-0.00025,0.0001875,-0.000125,-6.703264052551995,2.0043069495454255,9.106150372553873
-0.00025,0.0001875,-9.375e-05,-6.7025854935838165,2.0036352376755673,8.938946668295934
-0.00025,0.0001875,-6.25e-05,-6.701823938212408,2.0029477853641957,8.772600040333751
-0.00025,0.0001875,-3.125e-05,-6.700979270741933,2.0022445111623655,8.60709808719102
-0.00025,0.0001875,0.0,-6.700051381720428,2.0015253361750203,8.442428430143465
-0.00025,0.0001875,3.125000000000003e-05,-6.699040167937548,2.000790184059076,8.27857871359764
-0.00025,0.0001875,6.25e-05,-6.697945532421895,2.00003898102131,8.115536605465417
-0.00025,0.0001875,9.374999999999997e-05,-6.696767384437949,1.9992716558161672,7.953289797534236
-0.00025,0.0001875,0.000125,-6.695505639482593,1.998488139743374,7.7918260058331
-0.00025,0.0001875,0.00015625000000000003,-6.694160219281218,1.9976883666454432,7.631132970994466
-0.00025,0.0001875,0.0001875,-6.692731051783445,1.9968722729050157,7.471198458612095
-0.00025,0.0001875,0.00021874999999999998,-6.691218071158429,1.9960397974420934,7.312010259594852
-0.00025,0.0001875,0.00025,-6.689621217789773,1.9951908817110762,7.153556190516573
-0.00025,0.00021874999999999998,-0.00025,-6.704225823303153,1.7457199303010924,9.783094299244087
-0.00025,0.00021874999999999998,-0.00021875,-6.703877976199884,1.7449368328892012,9.612326006426706
-0.00025,0.00021874999999999998,-0.0001875,-6.703447669637225,1.744145369958107,9.442464516433116
-0.00025,0.00021874999999999998,-0.00015625,-6.702934762944433,1.743345437411318,9.273497343210433
-0.00025,0.00021874999999999998,-0.000125,-6.70233912169878,1.7425369337002394,9.105412021896566
-0.00025,0.00021874999999999998,-9.375e-05,-6.701660617724945,1.7417197598223857,8.938196109216811
-0.00025,0.00021874999999999998,-6.25e-05,-6.700899129094058,1.7408938193194863,8.771837183875881
-0.00025,0.00021874999999999998,-3.125e-05,-6.700054540122118,1.740059018275431,8.60632284694541
-0.00025,0.00021874999999999998,0.0,-6.699126741368303,1.739215265314101,8.441640722246989
-0.00025,0.00021874999999999998,3.125000000000003e-05,-6.69811562963254,1.7383624715970498,8.277778456730902
-0.00025,0.00021874999999999998,6.25e-05,-6.697021107953011,1.7375005508210708,8.114723720850368
-0.00025,0.00021874999999999998,9.374999999999997e-05,-6.695843085602914,1.7366294192156084,7.952464208931722
-0.00025,0.00021874999999999998,0.000125,-6.694581478087144,1.7357489955400585,7.790987639540262
-0.00025,0.00021874999999999998,0.00015625000000000003,-6.693236207138264,1.7348592010809194,7.630281755842007
-0.00025,0.00021874999999999998,0.0001875,-6.691807200712338,1.7339599596488307,7.470334325961384
-0.00025,0.00021874999999999998,0.00021874999999999998,-6.690294392984175,1.733051197575456,7.311133143334917
-0.00025,0.00021874999999999998,0.00025,-6.688697724342205,1.7321328437102648,7.1526660270609534
-0.00025,0.00025,-0.00025,-6.7032294102804695,1.4848651038886747,9.78222688305189
-0.00025,0.00025,-0.00021875,-6.702881580678332,1.4839086009653064,9.611453790406173
-0.00025,0.00025,-0.0001875,-6.702451304024874,1.482950751085659,9.441587389009802
-0.00025,0.00025,-0.00015625,-6.701938439666329,1.4819914377409271,9.272615195352623
-0.00025,0.00025,-0.000125,-6.701342853196111,1.481030546958039,9.10452474711336
-0.00025,0.00025,-9.375e-05,-6.700664416454171,1.4800679672974535,8.93730360355609
-0.00025,0.00025,-6.25e-05,-6.699903007526074,1.4791035898507838,8.770939345922118
-0.00025,0.00025,-3.125e-05,-6.699058510741404,1.4781373082384686,8.605419577817372
-0.00025,0.00025,0.0,-6.698130816672041,1.4771690186071176,8.440731925595319
-0.00025,0.00025,3.125000000000003e-05,-6.697119822129825,1.47619861962689,8.27686403873551
-0.00025,0.00025,6.25e-05,-6.6960254301639335,1.475226012488643,8.113803590217808
-0.00025,0.00025,9.374999999999997e-05,-6.694847550057762,1.4742511009010444,7.951538276892331
-0.00025,0.00025,0.000125,-6.693586097325532,1.473273791087462,7.79005581984522
-0.00025,0.00025,0.00015625000000000003,-6.692240993708282,1.4722939917828797,7.629343964760277
-0.00025,0.00025,0.0001875,-6.690812167169713,1.471311614230498,7.469390482276512
-0.00025,0.00025,0.00021874999999999998,-6.689299551891408,1.4703265721783831,7.310183168341707
-0.00025,0.00025,0.00025,-6.687703088267743,1.4693387818759482,7.151709844562024
-0.00021875,-0.00025,-0.00025,-6.474958984801475,5.700158258505724,9.775083369355775
-0.00021875,-0.00025,-0.00021875,-6.47472858156488,5.7019829796749395,9.60531564054763
-0.00021875,-0.00025,-0.0001875,-6.474416171417932,5.7036933804827274,9.436455035390342
-0.00021875,-0.00025,-0.00015625,-6.474021628339738,5.70528954301487,9.26848902204405
-0.00021875,-0.00025,-0.000125,-6.473544832227426,5.706771552114575,9.101405089838718
-0.00021875,-0.00025,-9.375e-05,-6.472985668895825,5.708139495386889,8.935190749674195
-0.00021875,-0.00025,-6.25e-05,-6.472344030076707,5.7093934632029475,8.769833534415767
-0.00021875,-0.00025,-3.125e-05,-6.4716198134176315,5.710533548703641,8.605320999285142
-0.00021875,-0.00025,0.0,-6.470812922480424,5.7115598478033895,8.441640722246989
-0.00021875,-0.00025,3.125000000000003e-05,-6.46992326673925,5.7124724591932186,8.27878030439117
-0.00021875,-0.00025,6.25e-05,-6.4689507615782915,5.713271484343994,8.116727370310482
-0.00021875,-0.00025,9.374999999999997e-05,-6.467895328289047,5.71395702750892,7.955469568474339
-0.00021875,-0.00025,0.000125,-6.466756894067246,5.714529195726211,7.794994571598112
-0.00021875,-0.00025,0.00015625000000000003,-6.465535392009339,5.714988098821039,7.6352900770083885
-0.00021875,-0.00025,0.0001875,-6.464230761108656,5.715333849407615,7.476343807004158
-0.00021875,-0.00025,0.00021874999999999998,-6.4628429462511345,5.715566562890649,7.318143509213993
-0.00021875,-0.00025,0.00025,-6.461371898210647,5.715686357466672,7.160676956949267
-0.00021875,-0.00021875,-0.00025,-6.475094232493556,5.433519401106801,9.776876455378199
-0.00021875,-0.00021875,-0.00021875,-6.474863729626723,5.4351700383677555,9.606997923316186
-0.00021875,-0.00021875,-0.0001875,-6.474551220225441,5.4367134623793065,9.438026589424371
-0.00021875,-0.00021875,-0.00015625,-6.474156578257275,5.438149742839602,9.269949924610067
-0.00021875,-0.00021875,-0.000125,-6.473679683608083,5.439478952188059,9.102755420954656
-0.00021875,-0.00021875,-9.375e-05,-6.473120422081635,5.440701165609358,8.936430592113553
-0.00021875,-0.00021875,-6.25e-05,-6.472478685398875,5.441816461037144,8.770962973711367
-0.00021875,-0.00021875,-3.125e-05,-6.4717543711967656,5.442824919157507,8.606340123732627
-0.00021875,-0.00021875,0.0,-6.470947383026771,5.44372662341216,8.442549622908142
-0.00021875,-0.00021875,3.125000000000003e-05,-6.470057630352915,5.4445216600013575,8.279579075096787
-0.00021875,-0.00021875,6.25e-05,-6.469085028549477,5.445210117886542,8.117416107663097
-0.00021875,-0.00021875,9.374999999999997e-05,-6.468029498898272,5.445792088792722,7.956048371850682
-0.00021875,-0.00021875,0.000125,-6.466890968585576,5.446267667210566,7.795463543151174
-0.00021875,-0.00021875,0.00015625000000000003,-6.465669370698628,5.446636950398249,7.635649321669316
-0.00021875,-0.00021875,0.0001875,-6.46436464422176,5.446900038382988,7.476593432483835
-0.00021875,-0.00021875,0.00021874999999999998,-6.462976734032127,5.44705703396235,7.318283626004324
-0.00021875,-0.00021875,0.00025,-6.46150559089509,5.447108042705267,7.160707678324217
-0.00021875,-0.0001875,-0.00025,-6.4751578409713995,5.167398308151828,9.778491907783637
-0.00021875,-0.0001875,-0.00021875,-6.474927245612624,5.168874874726912,9.60850968229829
-0.00021875,-0.0001875,-0.0001875,-6.474614644862828,5.170251328244273,9.439434717119365
-0.00021875,-0.0001875,-0.00015625,-6.474219912679857,5.171527726007767,9.271254485885475
-0.00021875,-0.0001875,-0.000125,-6.473742928939981,5.17270412804674,9.103956483413315
-0.00021875,-0.0001875,-9.375e-05,-6.47318357943757,5.17378059711957,8.937528226097218
-0.00021875,-0.0001875,-6.25e-05,-6.472541755884309,5.174757198717002,8.771957252304071
-0.00021875,-0.0001875,-3.125e-05,-6.471817355908055,5.1756340010652355,8.607231122763908
-0.00021875,-0.0001875,0.0,-6.471010283051375,5.176411075128686,8.44333742095579
-0.00021875,-0.0001875,3.125000000000003e-05,-6.4701204467694895,5.177088494612577,8.280263753489516
-0.00021875,-0.0001875,6.25e-05,-6.469147762428106,5.177666335965175,8.117997750482886
-0.00021875,-0.0001875,9.374999999999997e-05,-6.4680921513005645,5.178144678379858,7.956527065934762
-0.00021875,-0.0001875,0.000125,-6.466953540564874,5.178523603796831,7.7958393780939215
-0.00021875,-0.0001875,0.00015625000000000003,-6.4657318633001495,5.178803196904659,7.635922389823712
-0.00021875,-0.0001875,0.0001875,-6.464427058482747,5.178983545141485,7.47676382896276
-0.00021875,-0.0001875,0.00021874999999999998,-6.46303907098203,5.179064738695993,7.318351448681552
-0.00021875,-0.0001875,0.00025,-6.461567851555692,5.179046870508149,7.16067302783514
-0.00021875,-0.00015625,-0.00025,-6.475149726106792,4.901776741454005,9.779929745458574
-0.00021875,-0.00015625,-0.00021875,-6.474919045389285,4.903079255048096,9.60985092953291
-0.00021875,-0.00015625,-0.0001875,-6.474606361192939,4.904288748994786,9.440679423660185
-0.00021875,-0.00015625,-0.00015625,-6.474211547467638,4.905405268197662,9.272402704194974
-0.00021875,-0.00015625,-0.000125,-6.473734484081787,4.906428860270354,9.105008268673426
-0.00021875,-0.00015625,-9.375e-05,-6.473175056821976,4.90735957553973,8.938483636212585
-0.00021875,-0.00015625,-6.25e-05,-6.472533157392209,4.90819746704885,8.772816347905074
-0.00021875,-0.00015625,-3.125e-05,-6.4718086834127995,4.908942590559528,8.607993967209348
-0.00021875,-0.00015625,0.0,-6.471001538418761,4.909595004554928,8.444004080335413
-0.00021875,-0.00015625,3.125000000000003e-05,-6.470111631857976,4.910154770241546,8.280834296626228
-0.00021875,-0.00015625,6.25e-05,-6.4691388790887885,4.910621951551294,8.118472248934733
-0.00021875,-0.00015625,9.374999999999997e-05,-6.468083201377388,4.910996615143008,7.95690559399665
-0.00021875,-0.00015625,0.000125,-6.466944525894623,4.911278830404043,7.796122012799047
-0.00021875,-0.00015625,0.00015625000000000003,-6.465722785712585,4.911468669451271,7.636109210944809
-0.00021875,-0.00015625,0.0001875,-6.464417919800706,4.911566207132095,7.476854919013013
-0.00021875,-0.00015625,0.00021874999999999998,-6.4630298730215054,4.911571521025081,7.318346892915292
-0.00021875,-0.00015625,0.00025,-6.461558596125925,4.911484691440338,7.160572914248273
-0.00021875,-0.000125,-0.00025,-6.475069810299759,4.636636470852918,9.7811899917048
-0.00021875,-0.000125,-0.00021875,-6.474839051351723,4.6377649536573395,9.611021681612842
-0.00021875,-0.000125,-0.0001875,-6.474526291606865,4.638807503582102,9.441760718924801
-0.00021875,-0.000125,-0.00015625,-6.474131405008897,4.639764153125201,9.273394582696202
-0.00021875,-0.000125,-0.000125,-6.473654271420064,4.6406349374796445,9.105910773167249
-0.00021875,-0.000125,-9.375e-05,-6.473094776620812,4.6414198945362495,8.93929681216188
-0.00021875,-0.000125,-6.25e-05,-6.4724528123090765,4.642119064886154,8.773540243482193
-0.00021875,-0.000125,-3.125e-05,-6.471728276099041,4.64273249182309,8.608628633298476
-0.00021875,-0.000125,0.0,-6.470921071519728,4.643260221345445,8.444549570534699
-0.00021875,-0.000125,3.125000000000003e-05,-6.470031108012933,4.643702302158008,8.281290667249621
-0.00021875,-0.000125,6.25e-05,-6.469058300931059,4.644058785673593,8.118839559013605
-0.00021875,-0.000125,9.374999999999997e-05,-6.468002571534253,4.644329726014283,7.957183905281156
-0.00021875,-0.000125,0.000125,-6.466863846987463,4.644515180012559,7.7963113897592615
-0.00021875,-0.000125,0.00015625000000000003,-6.465642060356821,4.644615207212102,7.636209720771579
-0.00021875,-0.000125,0.0001875,-6.4643371506058624,4.64462986986839,7.4768666316186
-0.00021875,-0.000125,0.00021874999999999998,-6.462949062591236,4.644559232949047,7.318269880933752
-0.00021875,-0.000125,0.00025,-6.461477747058016,4.644403364133914,7.160407253035573
-0.00021875,-9.375e-05,-0.00025,-6.474918022479618,4.371959274747552,9.782272674243204
-0.00021875,-9.375e-05,-0.00021875,-6.474687192424293,4.3729137534435525,9.612021959688313
-0.00021875,-9.375e-05,-0.0001875,-6.474374365025014,4.373789379523659,9.442678617487617
-0.00021875,-9.375e-05,-0.00015625,-6.473979414221096,4.374586173075621,9.27423012938299
-0.00021875,-9.375e-05,-0.000125,-6.47350221987034,4.375304156867632,9.106663998303633
-0.00021875,-9.375e-05,-9.375e-05,-6.472942667748726,4.37594335635053,8.939967748764907
-0.00021875,-9.375e-05,-6.25e-05,-6.472300649549634,4.376503799660051,8.774128927262534
-0.00021875,-9.375e-05,-3.125e-05,-6.471576062882693,4.376985517618614,8.609135102662428
-0.00021875,-9.375e-05,0.0,-6.470768811272304,4.3773885437370375,8.444973866585851
-0.00021875,-9.375e-05,3.125000000000003e-05,-6.46987880415561,4.377712914215935,8.281632833790386
-0.00021875,-9.375e-05,6.25e-05,-6.4689059568803104,4.377958667946904,8.119099642546463
-0.00021875,-9.375e-05,9.374999999999997e-05,-6.467850190701814,4.378125846513493,7.95736195500967
-0.00021875,-9.375e-05,0.000125,-6.466711432780266,4.378214494191949,7.796407457588877
-0.00021875,-9.375e-05,0.00015625000000000003,-6.465489616176995,4.378224657951664,7.636223861310155
-0.00021875,-9.375e-05,0.0001875,-6.464184679850644,4.378156387455531,7.47679890217672
-0.00021875,-9.375e-05,0.00021874999999999998,-6.462796568652942,4.3780097350598455,7.318120341524792
-0.00021875,-9.375e-05,0.00025,-6.4613252333240005,4.377784755814244,7.160175966375553
-0.00021875,-6.25e-05,-0.00025,-6.474694298105624,4.107726940626743,9.783177825217233
-0.00021875,-6.25e-05,-0.00021875,-6.474463404061311,4.108507446388569,9.61285178947017
-0.00021875,-6.25e-05,-0.0001875,-6.4741505168977085,4.109216173432605,9.443433138622519
-0.00021875,-6.25e-05,-0.00015625,-6.473755510551493,4.109853129432578,9.274909357088193
-0.00021875,-6.25e-05,-0.000125,-6.4732782648777745,4.110418324728222,9.107267950470648
-0.00021875,-6.25e-05,-9.375e-05,-6.472718665649653,4.110911772327212,8.940496445961596
-0.00021875,-6.25e-05,-6.25e-05,-6.47207660455757,4.111333487906997,8.774582392734878
-0.00021875,-6.25e-05,-3.125e-05,-6.471351979208103,4.111683489816102,8.609513362336067
-0.00021875,-6.25e-05,0.0,-6.47054469312245,4.111961799075607,8.445276949067498
-0.00021875,-6.25e-05,3.125000000000003e-05,-6.469654655734504,4.112168439379987,8.28186077036891
-0.00021875,-6.25e-05,6.25e-05,-6.468681782388527,4.112303437098152,8.119252467193792
-0.00021875,-6.25e-05,9.374999999999997e-05,-6.467625994336452,4.112366821273841,7.957439704381475
-0.00021875,-6.25e-05,0.000125,-6.46648721873479,4.112358623626218,7.796410171024995
-0.00021875,-6.25e-05,0.00015625000000000003,-6.465265388641121,4.112278878549827,7.636151580834818
-0.00021875,-6.25e-05,0.0001875,-6.463960443010283,4.112127623114727,7.4766516724985514
-0.00021875,-6.25e-05,0.00021874999999999998,-6.462572326690008,4.1119048970660845,7.31789821003656
-0.00021875,-6.25e-05,0.00025,-6.4611009904163605,4.111610742823676,7.159878983153705
-0.00021875,-3.125e-05,-0.00025,-6.474398579167173,3.8439212655971695,9.783905481195653
-0.00021875,-3.125e-05,-0.00021875,-6.474167628247289,3.844527834094605,9.613511201232615
-0.00021875,-3.125e-05,-0.0001875,-6.47385468920541,3.845069691545049,9.444024306305401
-0.00021875,-3.125e-05,-0.00015625,-6.473459635977398,3.8455468332048857,9.275432283485992
-0.00021875,-3.125e-05,-0.000125,-6.472982348417291,3.8459592569825736,9.10772264103778
-0.00021875,-3.125e-05,-9.375e-05,-6.472422712297042,3.8463069634401026,8.94088290881398
-0.00021875,-3.125e-05,-6.25e-05,-6.471780619305705,3.8465899557943115,8.77490063865135
-0.00021875,-3.125e-05,-3.125e-05,-6.471055967048275,3.846808239917992,8.609763404759615
-0.00021875,-3.125e-05,0.0,-6.470248659044257,3.8469618243407764,8.44545880410617
-0.00021875,-3.125e-05,3.125000000000003e-05,-6.46935860472558,3.847050720249806,8.281974456796597
-0.00021875,-3.125e-05,6.25e-05,-6.46838571943446,3.8470749414902037,8.11929800645077
-0.00021875,-3.125e-05,9.374999999999997e-05,-6.467329924420512,3.8470345045653214,7.957417120574712
-0.00021875,-3.125e-05,0.000125,-6.466191146837816,3.8469294286367846,7.796319490928278
-0.00021875,-3.125e-05,0.00015625000000000003,-6.464969319741334,3.8467597355243233,7.6359928338886185
-0.00021875,-3.125e-05,0.0001875,-6.463664382083033,3.8465254497053887,7.476424890809706
-0.00021875,-3.125e-05,0.00021874999999999998,-6.4622762787077095,3.846226598314545,7.317603428377733
-0.00021875,-3.125e-05,0.00025,-6.460804960348227,3.8458632111427336,7.159516238962621
-0.00021875,0.0,-0.00025,-6.474030814183628,3.5805240569090486,9.7844556831752
-0.00021875,0.0,-0.00021875,-6.473799813496765,3.58095672830971,9.61400022981551
-0.00021875,0.0,-0.0001875,-6.473486830458607,3.5813317502447557,9.444452149216303
-0.00021875,0.0,-0.00015625,-6.473091739005932,3.5816491055508646,9.275798931093972
-0.00021875,0.0,-0.000125,-6.472614418993522,3.581908779703012,9.10802808635771
-0.00021875,0.0,-9.375e-05,-6.472054756193735,3.5821107608155724,8.941127147507785
-0.00021875,0.0,-6.25e-05,-6.471412642295831,3.5822550396432327,8.77508366902901
-0.00021875,0.0,-3.125e-05,-6.470687974904784,3.582341609581688,8.609885227779916
-0.00021875,0.0,0.0,-6.469880657539763,3.5823704666681593,8.445519423377363
-0.00021875,0.0,3.125000000000003e-05,-6.4689905996321935,3.582341609581688,8.281973878576741
-0.00021875,0.0,6.25e-05,-6.468017716523456,3.5822550396432327,8.119236239647922
-0.00021875,0.0,9.374999999999997e-05,-6.466961929462168,3.5821107608155724,7.957294176746911
-0.00021875,0.0,0.000125,-6.465823165601093,3.581908779703012,7.796135384283284
-0.00021875,0.0,0.00015625000000000003,-6.464601357993647,3.5816491055508646,7.635747581283502
-0.00021875,0.0,0.0001875,-6.463296445590061,3.5813317502447557,7.47611851175019
-0.00021875,0.0,0.00021874999999999998,-6.461908373233042,3.58095672830971,7.317235945017327
-0.00021875,0.0,0.00025,-6.460437091653205,3.5805240569090486,7.159087676101578
-0.00021875,3.125000000000003e-05,-0.00025,-6.473590958203745,3.3175171324796238,9.784828476582426
-0.00021875,3.125000000000003e-05,-0.00021875,-6.473359914853689,3.317775951450545,9.614318914626216
-0.00021875,3.125000000000003e-05,-0.0001875,-6.473046895697104,3.3179841765857643,9.444716700741093
-0.00021875,3.125000000000003e-05,-0.00015625,-6.472651774673517,3.3181417783004803,9.276009327274478
-0.00021875,3.125000000000003e-05,-0.000125,-6.472174431640072,3.318248729634674,9.108184307767619
-0.00021875,3.125000000000003e-05,-9.375e-05,-6.47161475237126,3.3183050062538855,8.941229177353602
-0.00021875,3.125000000000003e-05,-6.25e-05,-6.470972628558111,3.3183105864496905,8.775131493150663
-0.00021875,3.125000000000003e-05,-3.125e-05,-6.470247957807028,3.3182654511400114,8.609878834651223
-0.00021875,3.125000000000003e-05,0.0,-6.469440643638365,3.318169583869248,8.44545880410617
-0.00021875,3.125000000000003e-05,3.125000000000003e-05,-6.468550595484333,3.3180229708081974,8.281859026904991
-0.00021875,3.125000000000003e-05,6.25e-05,-6.467577728686866,3.3178256007537983,8.119067151951455
-0.00021875,3.125000000000003e-05,9.374999999999997e-05,-6.4665219644947305,3.3175774651286667,7.957070852035091
-0.00021875,3.125000000000003e-05,0.000125,-6.465383230060597,3.3172785579804636,7.795857824198438
-0.00021875,3.125000000000003e-05,0.00015625000000000003,-6.464161458437453,3.3169288759810427,7.635415790100132
-0.00021875,3.125000000000003e-05,0.0001875,-6.462856588574727,3.3165284184254245,7.475732496374015
-0.00021875,3.125000000000003e-05,0.00021874999999999998,-6.461468565314109,3.316077187230605,7.316795714984133
-0.00021875,3.125000000000003e-05,0.00025,-6.4599973393848,3.3155751869340597,7.158593243575847
-0.00021875,6.25e-05,-0.00025,-6.47307897280466,3.054882321414422,9.785023911275479
-0.00021875,6.25e-05,-0.00021875,-6.4728478938904574,3.0549673371233745,9.614467299641023
-0.00021875,6.25e-05,-0.0001875,-6.4725348464891725,3.055008808812829,9.444817998972693
-0.00021875,6.25e-05,-0.00015625,-6.472139704544809,3.0550066944753382,9.276063504235823
-0.00021875,6.25e-05,-0.000125,-6.471662347918688,3.054960954715115,9.108191331590126
-0.00021875,6.25e-05,-9.375e-05,-6.4711026623889865,3.05487155274832,8.941189018787595
-0.00021875,6.25e-05,-6.25e-05,-6.4704605396500945,3.0547384544030667,8.775044125565586
-0.00021875,6.25e-05,-3.125e-05,-6.469735877311414,3.0545616281194863,8.609744234035594
-0.00021875,6.25e-05,0.0,-6.468928578895836,3.05434104494932,8.445276949067498
-0.00021875,6.25e-05,3.125000000000003e-05,-6.468038553837815,3.0540766785556013,8.281629898669383
-0.00021875,6.25e-05,6.25e-05,-6.467065717481052,3.0537685052119117,8.118790734363085
-0.00021875,6.25e-05,9.374999999999997e-05,-6.466009991075786,3.0534165038016914,7.956747131555475
-0.00021875,6.25e-05,0.000125,-6.464871301775704,3.0530206558171193,7.795486789905517
-0.00021875,6.25e-05,0.00015625000000000003,-6.463649582634436,3.052580945358089,7.634997433687188
-0.00021875,6.25e-05,0.0001875,-6.462344772601747,3.0520973591307077,7.475266812148377
-0.00021875,6.25e-05,0.00021874999999999998,-6.460956816519155,3.05156988644586,7.316282699865708
-0.00021875,6.25e-05,0.00025,-6.4594856651153965,3.0509985192174893,7.1580328970954605
-0.00021875,9.374999999999997e-05,-0.00025,-6.472494826090505,2.792601464526619,9.785042041545047
-0.00021875,9.374999999999997e-05,-0.00021875,-6.4722637187064915,2.7925127306430215,9.614445433406114
-0.00021875,9.374999999999997e-05,-0.0001875,-6.471950650930009,2.792387496879826,9.444756086711905
-0.00021875,9.374999999999997e-05,-0.00015625,-6.471555496711374,2.7922257088066984,9.275961499032793
-0.00021875,9.374999999999997e-05,-0.000125,-6.471078135917697,2.7920273145918926,9.108049189133714
-0.00021875,9.374999999999997e-05,-9.375e-05,-6.470518454332576,2.791792265002272,8.941006697371828
-0.00021875,9.374999999999997e-05,-6.25e-05,-6.469876343655318,2.791520513402897,8.774821586089482
-0.00021875,9.374999999999997e-05,-3.125e-05,-6.469151701499782,2.79121201575659,8.609481440002842
-0.00021875,9.374999999999997e-05,0.0,-6.468344431392914,2.790866730623305,8.444973866585851
-0.00021875,9.374999999999997e-05,3.125000000000003e-05,-6.467454442772699,2.7904846191592694,8.281286496449969
-0.00021875,9.374999999999997e-05,6.25e-05,-6.466481650985994,2.7900656451160435,8.118406983719515
-0.00021875,9.374999999999997e-05,9.374999999999997e-05,-6.465425977285664,2.7896097748393096,7.956323006402749
-0.00021875,9.374999999999997e-05,0.000125,-6.464287348827623,2.7891169772675757,7.795022266758796
-0.00021875,9.374999999999997e-05,0.00015625000000000003,-6.463065698667273,2.788587223930655,7.634492491660354
-0.00021875,9.374999999999997e-05,0.0001875,-6.461760965755639,2.788020488947953,7.47472143295243
-0.00021875,9.374999999999997e-05,0.00021874999999999998,-6.46037309493514,2.7874167490267285,7.315696867806991
-0.00021875,9.374999999999997e-05,0.00025,-6.458902036934887,2.7867759834599255,7.15740659907371
-0.00021875,0.000125,-0.00025,-6.471838492690603,2.530656414854355,9.784882926115262
-0.00021875,0.000125,-0.00021875,-6.471607363926456,2.530393989549568,9.61425336903811
-0.00021875,0.000125,-0.0001875,-6.471294283640062,2.530102102966271,9.444531011467774
-0.00021875,0.000125,-0.00015625,-6.470899125789809,2.529780688251469,9.275703353566978
-0.00021875,0.000125,-0.000125,-6.470421770250355,2.5294296811381094,9.107757916692796
-0.00021875,0.000125,-9.375e-05,-6.469862102812305,2.5290490199444906,8.940682243794097
-0.00021875,0.000125,-6.25e-05,-6.4692200151815,2.5286386455735723,8.774463899804358
-0.00021875,0.000125,-3.125e-05,-6.468495404977763,2.5281985015121142,8.609090472030086
-0.00021875,0.000125,0.0,-6.467688175733507,2.527728533829622,8.444549570534699
-0.00021875,0.000125,3.125000000000003e-05,-6.4667982368916554,2.527228691177196,8.280828828518011
-0.00021875,0.000125,6.25e-05,-6.465825503803482,2.5266989247861336,8.11791590269144
-0.00021875,0.000125,9.374999999999997e-05,-6.464769897725747,2.526139188466457,7.955798473648939
-0.00021875,0.000125,0.000125,-6.463631345817754,2.525549438605195,7.794464246233714
-0.00021875,0.000125,0.00015625000000000003,-6.462409781137732,2.5249296341645673,7.633900949900802
-0.00021875,0.000125,0.0001875,-6.4611051426390596,2.5242797366799836,7.474096339075626
-0.00021875,0.000125,0.00021874999999999998,-6.459717375165969,2.5235997102578613,7.315038193508483
-0.00021875,0.000125,0.00025,-6.45824642944886,2.5228895215733593,7.156714318625111
-0.00021875,0.00015625000000000003,-0.00025,-6.471109953757256,2.2690290381763236,9.78454662814376
-0.00021875,0.00015625000000000003,-0.00021875,-6.4708788106980375,2.2685929841236847,9.613891164224158
-0.00021875,0.00015625000000000003,-0.0001875,-6.470565725762741,2.2681345019919066,9.444142825457497
-0.00021875,0.00015625000000000003,-0.00015625,-6.4701705729195895,2.267653512506481,9.275289114586435
-0.00021875,0.00015625000000000003,-0.000125,-6.46969323205251,2.267149938966223,9.107317555547297
-0.00021875,0.00015625000000000003,-9.375e-05,-6.469133588960792,2.2666237072423323,8.940215693867376
-0.00021875,0.00015625000000000003,-6.25e-05,-6.468491535358321,2.2660747457772747,8.773971097057615
-0.00021875,0.00015625000000000003,-3.125e-05,-6.467766968872466,2.2655029855835678,8.608571355000823
-0.00021875,0.00015625000000000003,0.0,-6.466959793042476,2.2649083602422717,8.444004080335413
-0.00021875,0.00015625000000000003,3.125000000000003e-05,-6.466069917317642,2.2642908059015507,8.280256908834751
-0.00021875,0.00015625000000000003,6.25e-05,-6.465097257054901,2.2636502612748313,8.117317499782194
-0.00021875,0.00015625000000000003,9.374999999999997e-05,-6.464041733516204,2.262986667639055,7.9551735363418565
-0.00021875,0.00015625000000000003,0.000125,-6.462903273865345,2.262299968832534,7.793812725925174
-0.00021875,0.00015625000000000003,0.00015625000000000003,-6.461681811164537,2.261590111252872,7.633222800553346
-0.00021875,0.00015625000000000003,0.0001875,-6.460377284370508,2.2608570438545974,7.4733915172157
-0.00021875,0.00015625000000000003,0.00021874999999999998,-6.458989638330258,2.2601007181466994,7.314306658224044
-0.00021875,0.00015625000000000003,0.00025,-6.457518823776389,2.2593210881899894,7.155956031563088
-0.00021875,0.0001875,-0.00025,-6.470309196963135,2.0077012135255665,9.784033215221653
-0.00021875,0.0001875,-0.00021875,-6.470078046689337,2.007091597899828,9.613358881221576
-0.00021875,0.0001875,-0.0001875,-6.469764964961817,2.006466582129726,9.443591585605946
-0.00021875,0.0001875,-0.00015625,-6.469369825760431,2.005826074520965,9.274718833685064
-0.00021875,0.0001875,-0.000125,-6.468892508980082,2.005169985940156,9.106728151961828
-0.00021875,0.0001875,-9.375e-05,-6.46833290043038,2.0044982298134997,8.93960708852887
-0.00021875,0.0001875,-6.25e-05,-6.467690891834871,2.0038107221252512,8.773343213461054
-0.00021875,0.0001875,-3.125e-05,-6.46696638082988,2.0031073814160743,8.607924119203648
-0.00021875,0.0001875,0.0,-6.466159270963057,2.00238812878125,8.44333742095579
-0.00021875,0.0001875,3.125000000000003e-05,-6.465269471691315,2.0016528878687323,8.279570757049777
-0.00021875,0.0001875,6.25e-05,-6.464296898378668,2.0009015848770777,8.116611789325903
-0.00021875,0.0001875,9.374999999999997e-05,-6.463241472293375,2.0001341485532103,7.95444820350311
-0.00021875,0.0001875,0.000125,-6.462103120604976,1.9993505101900642,7.793067709545408
-0.00021875,0.0001875,0.00015625000000000003,-6.460881776380724,1.9985506036240728,7.632458042024123
-0.00021875,0.0001875,0.0001875,-6.459577378581736,1.997734365232513,7.4726069604761785
-0.00021875,0.0001875,0.00021874999999999998,-6.458189872058743,1.9969017339307478,7.313502249758265
-0.00021875,0.0001875,0.00025,-6.456719207547428,1.9960526511692454,7.155131720397124
-0.00021875,0.00021874999999999998,-0.00025,-6.4694362164982735,1.74665483370167,9.783342759372808
-0.00021875,0.00021874999999999998,-0.00021875,-6.469205066085843,1.7458717281781242,9.612656586857064
-0.00021875,0.00021874999999999998,-0.0001875,-6.468891995418432,1.745080245317245,9.442877353544665
-0.00021875,0.00021874999999999998,-0.00015625,-6.468496878489289,1.744280281007424,9.273992567301486
-0.00021875,0.00021874999999999998,-0.000125,-6.4680195952060116,1.7434717336856882,9.10598975718441
-0.00021875,0.00021874999999999998,-9.375e-05,-6.467460031390161,1.74265450433599,8.93885647383847
-0.00021875,0.00021874999999999998,-6.25e-05,-6.466818078776512,1.7418284964872763,8.772580289889184
-0.00021875,0.00021874999999999998,-3.125e-05,-6.466093635011917,1.740993616211444,8.607148800330464
-0.00021875,0.00021874999999999998,0.0,-6.465286603653768,1.7401497721211705,8.442549622908142
-0.00021875,0.00021874999999999998,3.125000000000003e-05,-6.4643968941680665,1.7392968753675937,8.278770398498953
-0.00021875,0.00021874999999999998,6.25e-05,-6.463424421927114,1.7384348396378775,8.115798791485279
-0.00021875,0.00021874999999999998,9.374999999999997e-05,-6.462369108206797,1.737563581152626,7.953622490125764
-0.00021875,0.00021874999999999998,0.000125,-6.461230880183505,1.7366830186631814,7.792229206921419
-0.00021875,0.00021874999999999998,0.00015625000000000003,-6.460009670930643,1.7357930734487765,7.631606678977898
-0.00021875,0.00021874999999999998,0.0001875,-6.458705419414751,1.7348936693135626,7.471742668363541
-0.00021875,0.00021874999999999998,0.00021874999999999998,-6.457318070491247,1.7339847325835287,7.3126249624634445
-0.00021875,0.00021874999999999998,0.00025,-6.455847574899807,1.7330661921032038,7.154241374329608
-0.00021875,0.00025,-0.00025,-6.468491013066612,1.4858718057814537,9.782475337052762
-0.00021875,0.00025,-0.00021875,-6.468259869587038,1.4849152865345,9.611784352525472
-0.00021875,0.00025,-0.0001875,-6.467946817827647,1.4839574077662971,9.442000195610586
-0.00021875,0.00025,-0.00015625,-6.46755173179691,1.4829980529510134,9.2731103767175
-0.00021875,0.00025,-0.000125,-6.467074491416806,1.482037108099406,9.105102427444786
-0.00021875,0.00025,-9.375e-05,-6.466514982522499,1.4810744617566232,8.93796390097705
-0.00021875,0.00025,-6.25e-05,-6.465873096861576,1.480110004999825,8.771682372477233
-0.00021875,0.00025,-3.125e-05,-6.4651487320928975,1.4791436314358613,8.606245439474389
-0.00021875,0.00025,0.0,-6.46434179178507,1.478175237198576,8.441640722246989
-0.00021875,0.00025,3.125000000000003e-05,-6.463452185414516,1.4772047209462829,8.277855864201921
-0.00021875,0.00025,6.25e-05,-6.46247982836316,1.4762319838587787,8.114878532249016
-0.00021875,0.00025,9.374999999999997e-05,-6.461424641915721,1.4752569296345917,7.952696417171484
-0.00021875,0.00025,0.000125,-6.460286553256626,1.4742794644877704,7.791297233992043
-0.00021875,0.00025,0.00015625000000000003,-6.45906549546651,1.4732994971448437,7.63066872233494
-0.00021875,0.00025,0.0001875,-6.457761407518371,1.47231693884141,7.470798646783914
-0.00021875,0.00025,0.00021874999999999998,-6.456374234273293,1.4713317033187912,7.311674797236151
-0.00021875,0.00025,0.00025,-6.454903926475784,1.4703437068205074,7.15328498925228
-0.0001875,-0.00025,-0.00025,-6.239899405392633,5.69995474807794,9.775214607785674
-0.0001875,-0.00025,-0.00021875,-6.239785697549311,5.70177955996774,9.605528552446362
-0.0001875,-0.00025,-0.0001875,-6.2395905254898505,5.703490052184436,9.436749742320398
-0.0001875,-0.00025,-0.00015625,-6.239313777861415,5.705086306825478,9.268865639816894
-0.0001875,-0.00025,-0.000125,-6.238955348895259,5.706568408745525,9.101863728514807
-0.0001875,-0.00025,-9.375e-05,-6.238515138406652,5.707936445560842,8.935731513563432
-0.0001875,-0.00025,-6.25e-05,-6.237993051794401,5.7091905076534015,8.770456522078245
-0.0001875,-0.00025,-3.125e-05,-6.237389000040022,5.710330688174758,8.606026303532365
-0.0001875,-0.00025,0.0,-6.236702899706504,5.7113570830496245,8.442428430143465
-0.0001875,-0.00025,3.125000000000003e-05,-6.235934672936732,5.712269790979143,8.279650497256293
-0.0001875,-0.00025,6.25e-05,-6.235084247451516,5.713068913443915,8.117680123720925
-0.0001875,-0.00025,9.374999999999997e-05,-6.234151556547251,5.713754554706709,7.956504952266738
-0.0001875,-0.00025,0.000125,-6.233136539093208,5.714326821814927,7.796112649872166
-0.0001875,-0.00025,0.00015625000000000003,-6.2320391395284505,5.714785824602764,7.636490908130321
-0.0001875,-0.00025,0.0001875,-6.230859307858376,5.715131675693068,7.477627443610588
-0.0001875,-0.00025,0.00021874999999999998,-6.2295969996508935,5.715364490498963,7.319509998216161
-0.0001875,-0.00025,0.00025,-6.228252176032205,5.715484387225176,7.162126339537655
-0.0001875,-0.00021875,-0.00025,-6.24009914371775,5.433387955786611,9.777007781390884
-0.0001875,-0.00021875,-0.00021875,-6.239985360059336,5.435038677775772,9.607210923081936
-0.0001875,-0.00021875,-0.0001875,-6.239790111229142,5.436582186406519,9.438321384516698
-0.0001875,-0.00021875,-0.00015625,-6.239513285864062,5.438018551387068,9.27032663085116
-0.0001875,-0.00021875,-0.000125,-6.23915477818536,5.439347845166664,9.103214148415514
-0.0001875,-0.00021875,-9.375e-05,-6.238714487998565,5.440570142939631,8.936971445114349
-0.0001875,-0.00021875,-6.25e-05,-6.238192320693002,5.441685522649026,8.771586050822215
-0.0001875,-0.00021875,-3.125e-05,-6.2375881872409495,5.44269406499012,8.607045517774868
-0.0001875,-0.00021875,0.0,-6.236902004196429,5.443595853413675,8.44333742095579
-0.0001875,-0.00021875,3.125000000000003e-05,-6.236133693693608,5.444390974128686,8.280449358478556
-0.0001875,-0.00021875,6.25e-05,-6.235283183444828,5.445079516105229,8.11836895196474
-0.0001875,-0.00021875,9.374999999999997e-05,-6.234350406738276,5.445661571076636,7.957083846917631
-0.0001875,-0.00021875,0.000125,-6.233335302435268,5.446137233541771,7.796581713091722
-0.0001875,-0.00021875,0.00015625000000000003,-6.23223781496717,5.446506600766775,7.636850244858027
-0.0001875,-0.00021875,0.0001875,-6.231057894331929,5.4467697727866,7.477877161565427
-0.0001875,-0.00021875,0.00021874999999999998,-6.229795496090255,5.446926852406365,7.319650207897904
-0.0001875,-0.00021875,0.00025,-6.22845058136143,5.446977945202319,7.162157154227894
-0.0001875,-0.0001875,-0.00025,-6.240226305304833,5.1673390108823325,9.778623315787573
-0.0001875,-0.0001875,-0.00021875,-6.240112450672597,5.168815656198151,9.608722763542485
-0.0001875,-0.0001875,-0.0001875,-6.239917130741147,5.170192187548783,9.439729593186623
-0.0001875,-0.0001875,-0.00015625,-6.239640234138718,5.171468662246482,9.271631272607156
-0.0001875,-0.0001875,-0.000125,-6.239281655078083,5.172645140328809,9.104415290869335
-0.0001875,-0.0001875,-9.375e-05,-6.2388412933564705,5.173721684562226,8.938069158616493
-0.0001875,-0.0001875,-6.25e-05,-6.238319054355089,5.1746983604454195,8.772580408465359
-0.0001875,-0.0001875,-3.125e-05,-6.237714849038318,5.175575236212404,8.607936595396907
-0.0001875,-0.0001875,0.0,-6.237028593952434,5.176352382835244,8.444125297142797
-0.0001875,-0.0001875,3.125000000000003e-05,-6.236260211224055,5.177029874026667,8.281134114567308
-0.0001875,-0.0001875,6.25e-05,-6.23540962855818,5.177607786242328,8.118950672045088
-0.0001875,-0.0001875,9.374999999999997e-05,-6.234476779235845,5.178086198682852,7.9575626178345535
-0.0001875,-0.0001875,0.000125,-6.233461602111373,5.178465193295519,7.796957624447112
-0.0001875,-0.0001875,0.00015625000000000003,-6.232364041609347,5.178744854775853,7.637123389012251
-0.0001875,-0.0001875,0.0001875,-6.23118404772112,5.17892527056881,7.4780476336385595
-0.0001875,-0.0001875,0.00021874999999999998,-6.229921576000993,5.1790065308697555,7.319718105770734
-0.0001875,-0.0001875,0.00025,-6.228576587562002,5.178988728625163,7.162122578542647
-0.0001875,-0.00015625,-0.00025,-6.240280814712622,4.901789668861271,9.78006122986763
-0.0001875,-0.00015625,-0.00021875,-6.240166893943096,4.903092255213478,9.610064085871297
-0.0001875,-0.00015625,-0.0001875,-6.239971508576235,4.9043018202113045,9.44097437351829
-0.0001875,-0.00015625,-0.00015625,-6.239694547233175,4.905418408765009,9.272779563411618
-0.0001875,-0.00015625,-0.000125,-6.239335904119702,4.906442068494861,9.105467147335906
-0.0001875,-0.00015625,-9.375e-05,-6.2388954790261915,4.907372849734272,8.939024638657099
-0.0001875,-0.00015625,-6.25e-05,-6.238373177327129,4.908210805532719,8.7734395727175
-0.0001875,-0.00015625,-3.125e-05,-6.23776890998027,4.908955991658488,8.608699507226438
-0.0001875,-0.00015625,0.0,-6.237082593525412,4.909608466600997,8.444792022646393
-0.0001875,-0.00015625,3.125000000000003e-05,-6.23631415008282,4.9101682915730285,8.281704722574709
-0.0001875,-0.00015625,6.25e-05,-6.235463507351245,4.910635530512622,8.119425234121053
-0.0001875,-0.00015625,9.374999999999997e-05,-6.234530598605594,4.911010250084769,7.957941208280595
-0.0001875,-0.00015625,0.000125,-6.233515362694213,4.911292519682768,7.797240320302946
-0.0001875,-0.00015625,0.00015625000000000003,-6.232417744035802,4.9114824114294855,7.637310270056996
-0.0001875,-0.00015625,0.0001875,-6.23123769261596,4.9115800001782,7.478138782391686
-0.0001875,-0.00015625,0.00021874999999999998,-6.229975163983365,4.911585363513253,7.319713607492763
-0.0001875,-0.00015625,0.00025,-6.228630119245545,4.911498581750502,7.16202252123556
-0.0001875,-0.000125,-0.00025,-6.240262602607034,4.63672169324473,9.781321546938194
-0.0001875,-0.000125,-0.00021875,-6.2401486205321355,4.637850242829432,9.611234906665453
-0.0001875,-0.000125,-0.0001875,-6.239953175392067,4.638892857026973,9.442055735392888
-0.0001875,-0.000125,-0.00015625,-6.239676155802438,4.639849568340304,9.273771506424428
-0.0001875,-0.000125,-0.000125,-6.239317455963569,4.640720411967492,9.106369714248691
-0.0001875,-0.000125,-9.375e-05,-6.238876975660413,4.641505425804322,8.939837874938465
-0.0001875,-0.000125,-6.25e-05,-6.238354620262116,4.642204650446919,8.774163526545527
-0.0001875,-0.000125,-3.125e-05,-6.237750300721114,4.642818129194033,8.609334229490985
-0.0001875,-0.000125,0.0,-6.237063933571992,4.643345908048982,8.445337566951235
-0.0001875,-0.000125,3.125000000000003e-05,-6.2362954409298,4.643788035721576,8.282161145239387
-0.0001875,-0.000125,6.25e-05,-6.235444750488191,4.644144563629536,8.119792594182462
-0.0001875,-0.000125,9.374999999999997e-05,-6.234511795516973,4.644415545899949,7.958219567494416
-0.0001875,-0.000125,0.000125,-6.233496514859496,4.644601039370207,7.79742974314469
-0.0001875,-0.000125,0.00015625000000000003,-6.232398852929487,4.644701103588938,7.6374108237229565
-0.0001875,-0.000125,0.0001875,-6.231218759707653,4.6447158008165825,7.478150536799501
-0.0001875,-0.000125,0.00021874999999999998,-6.22995619073782,4.6446451960256425,7.3196366352818405
-0.0001875,-0.000125,0.00025,-6.22861110712272,4.64448935690094,7.1618568977671595
-0.0001875,-9.375e-05,-0.00025,-6.240171605762284,4.37211685611253,9.782404294725435
-0.0001875,-9.375e-05,-0.00021875,-6.240057567209405,4.373071395615702,9.612235247079488
-0.0001875,-9.375e-05,-0.0001875,-6.239862067954715,4.3739470791939805,9.442973693388163
-0.0001875,-9.375e-05,-0.00015625,-6.23958499660987,4.3747439269384705,9.27460710964176
-0.0001875,-9.375e-05,-0.000125,-6.2392262473712305,4.375461961620724,9.107122993017901
-0.0001875,-9.375e-05,-9.375e-05,-6.238785720019794,4.376101208695084,8.940508862280865
-0.0001875,-9.375e-05,-6.25e-05,-6.238263319920705,4.376661696300753,8.774752258176054
-0.0001875,-9.375e-05,-3.125e-05,-6.23765895802245,4.377143455263761,8.609840743820211
-0.0001875,-9.375e-05,0.0,-6.236972550855584,4.3775465190985425,8.445761905087068
-0.0001875,-9.375e-05,3.125000000000003e-05,-6.236204020531167,4.377870924009403,8.282503350988575
-0.0001875,-9.375e-05,6.25e-05,-6.235353294738818,4.378116708891697,8.12005271405188
-0.0001875,-9.375e-05,9.374999999999997e-05,-6.234420306744358,4.378283915332801,7.95839765069201
-0.0001875,-9.375e-05,0.000125,-6.233404995387062,4.378372587612807,7.79752584158035
-0.0001875,-9.375e-05,0.00015625000000000003,-6.232307305076636,4.378382772705087,7.637424992008965
-0.0001875,-9.375e-05,0.0001875,-6.231127185789721,4.378314520276477,7.478082832250941
-0.0001875,-9.375e-05,0.00021874999999999998,-6.229864593066076,4.378167882687367,7.31948711791658
-0.0001875,-9.375e-05,0.00025,-6.228519488004363,4.377942914991492,7.161625630305765
-0.0001875,-6.25e-05,-0.00025,-6.240007767061599,4.107956938633839,9.783309505377845
-0.0001875,-6.25e-05,-0.00021875,-6.239893676853703,4.108737499234344,9.613065132828448
-0.0001875,-6.25e-05,-0.0001875,-6.239698129139366,4.109446277005808,9.443728266781315
-0.0001875,-6.25e-05,-0.00015625,-6.239421012527887,4.11008327962355,9.275286385898898
-0.0001875,-6.25e-05,-0.000125,-6.239062221213173,4.110648517429098,9.107726990033209
-0.0001875,-6.25e-05,-9.375e-05,-6.238621654973677,4.111142003432069,8.9410376006249
-0.0001875,-6.25e-05,-6.25e-05,-6.238099219171992,4.111563753311905,8.775205761097622
-0.0001875,-6.25e-05,-3.125e-05,-6.237494824753873,4.111913785419345,8.610219037247882
-0.0001875,-6.25e-05,0.0,-6.236808388247153,4.1121921207777,8.446065017630563
-0.0001875,-6.25e-05,3.125000000000003e-05,-6.2360398317600705,4.112398783083946,8.282731313939875
-0.0001875,-6.25e-05,6.25e-05,-6.2351890829793355,4.112533798709457,8.12020556138609
-0.0001875,-6.25e-05,9.374999999999997e-05,-6.234256075167764,4.1125971967007064,7.958475419068106
-0.0001875,-6.25e-05,0.000125,-6.233240747161629,4.112589008779612,7.797528570341543
-0.0001875,-6.25e-05,0.00015625000000000003,-6.2321430433674605,4.112509269343692,7.637352723182979
-0.0001875,-6.25e-05,0.0001875,-6.230962913758705,4.112358015466029,7.477935610549967
-0.0001875,-6.25e-05,0.00021874999999999998,-6.229700313871851,4.112135286894961,7.319264990737043
-0.0001875,-6.25e-05,0.00025,-6.228355204802181,4.111841126053646,7.161328647727878
-0.0001875,-3.125e-05,-0.00025,-6.2397710354975455,3.844223731595612,9.784037215469269
-0.0001875,-3.125e-05,-0.00021875,-6.239656898453263,3.8448303489678635,9.613724594190762
-0.0001875,-3.125e-05,-0.0001875,-6.239461307930687,3.8453722503787415,9.444319479551694
-0.0001875,-3.125e-05,-0.00015625,-6.239184152538305,3.845849431084654,9.275809352872717
-0.0001875,-3.125e-05,-0.000125,-6.238825326469097,3.846261888994206,9.108181716665927
-0.0001875,-3.125e-05,-9.375e-05,-6.238384729500457,3.846609624669779,8.941424095033664
-0.0001875,-3.125e-05,-6.25e-05,-6.237862266993716,3.84689264132874,8.775524034062652
-0.0001875,-3.125e-05,-3.125e-05,-6.237257849893291,3.84711094484467,8.610469102213694
-0.0001875,-3.125e-05,0.0,-6.236571394725515,3.8472645437481248,8.446246890706904
-0.0001875,-3.125e-05,3.125000000000003e-05,-6.235802823596961,3.8473534492273918,8.282845013902497
-0.0001875,-3.125e-05,6.25e-05,-6.2349520641925675,3.8473776751289313,8.120251109677309
-0.0001875,-3.125e-05,9.374999999999997e-05,-6.234019049773208,3.847337237957654,7.95845283979706
-0.0001875,-3.125e-05,0.000125,-6.233003719173062,3.8472321568768786,7.797437890284368
-0.0001875,-3.125e-05,0.00015625000000000003,-6.2319060167964775,3.8470624537082925,7.637193971782666
-0.0001875,-3.125e-05,0.0001875,-6.230725892614526,3.846828152931435,7.477708819915998
-0.0001875,-3.125e-05,0.00021874999999999998,-6.229463302161179,3.846529281683211,7.318970195644932
-0.0001875,-3.125e-05,0.00025,-6.228118206529092,3.846165869757021,7.160965885618335
-0.0001875,0.0,-0.00025,-6.239461366171974,3.580899035928697,9.784587466001259
-0.0001875,0.0,-0.00021875,-6.239347187105699,3.5813317502447557,9.614213666010466
-0.0001875,0.0,-0.0001875,-6.239151559422714,3.581706809377117,9.444747360382774
-0.0001875,0.0,-0.00015625,-6.238874371732266,3.582024196160761,9.276176033083477
-0.0001875,0.0,-0.000125,-6.238515518227932,3.582283896069221,9.108487189270738
-0.0001875,0.0,-9.375e-05,-6.238074898687451,3.582485897215692,8.941668355694157
-0.0001875,0.0,-6.25e-05,-6.237552418472321,3.5826301903539406,8.775707081088731
-0.0001875,0.0,-3.125e-05,-6.236947988526918,3.582716768879015,8.610590936564343
-0.0001875,0.0,0.0,-6.236261525377297,3.5827456288277375,8.446307515990739
-0.0001875,0.0,3.125000000000003e-05,-6.235492951129576,3.582716768879015,8.282844436378207
-0.0001875,0.0,6.25e-05,-6.234642193468002,3.5826301903539406,8.120189338253802
-0.0001875,0.0,9.374999999999997e-05,-6.233709185652582,3.582485897215692,7.958329886033441
-0.0001875,0.0,0.000125,-6.232693866516388,3.582283896069221,7.797253768389712
-0.0001875,0.0,0.00015625000000000003,-6.231596180462457,3.582024196160761,7.636948698615563
-0.0001875,0.0,0.0001875,-6.230416077460368,3.581706809377117,7.477402414983947
-0.0001875,0.0,0.00021874999999999998,-6.229153513042351,3.5813317502447557,7.31860268110343
-0.0001875,0.0,0.00025,-6.227808448299151,3.580899035928697,7.160537286269852
-0.0001875,3.125000000000003e-05,-0.00025,-6.239078720295575,3.31796466323161,9.78496030240523
-0.0001875,3.125000000000003e-05,-0.00021875,-6.238964504017571,3.3182235191629497,9.614532387699068
-0.0001875,3.125000000000003e-05,-0.0001875,-6.238768844818435,3.3184317747362075,9.445011942663946
-0.0001875,3.125000000000003e-05,-0.00015625,-6.238491631309798,3.3185894003631673,9.276386453896473
-0.0001875,3.125000000000003e-05,-0.000125,-6.238132757687299,3.318696369080787,9.108643429187126
-0.0001875,3.125000000000003e-05,-9.375e-05,-6.237692123730508,3.3187526565518377,8.941770397918638
-0.0001875,3.125000000000003e-05,-6.25e-05,-6.237169634802449,3.318758241065554,8.77575491145974
-0.0001875,3.125000000000003e-05,-3.125e-05,-6.23656520184875,3.3187131035377435,8.61058454355445
-0.0001875,3.125000000000003e-05,0.0,-6.235878741396469,3.3186172275111083,8.446246890706904
-0.0001875,3.125000000000003e-05,3.125000000000003e-05,-6.235110175552419,3.3184705991550216,8.28272957256174
-0.0001875,3.125000000000003e-05,6.25e-05,-6.2342594320013,3.3182732072653627,8.120020232280218
-0.0001875,3.125000000000003e-05,9.374999999999997e-05,-6.233326444003258,3.3180250432639626,7.958106536912085
-0.0001875,3.125000000000003e-05,0.000125,-6.232311150391263,3.3177261011981143,7.796976177763169
-0.0001875,3.125000000000003e-05,0.00015625000000000003,-6.23121349556797,3.317376377739529,7.6366168707589095
-0.0001875,3.125000000000003e-05,0.0001875,-6.230033429502274,3.316975872183514,7.477016356803746
-0.0001875,3.125000000000003e-05,0.00021874999999999998,-6.228770907725487,3.3165245864476023,7.318162402136625
-0.0001875,3.125000000000003e-05,0.00025,-6.227425891327122,3.316022525070201,7.160042798682374
-0.0001875,6.25e-05,-0.00025,-6.2386230651870465,3.0554024362923005,9.785155774543915
-0.0001875,6.25e-05,-0.00021875,-6.238508816503529,3.0554874830110914,9.614680803236984
-0.0001875,6.25e-05,-0.0001875,-6.238313131428982,3.055528978383119,9.445113264491699
-0.0001875,6.25e-05,-0.00015625,-6.2380358985789925,3.055526880395928,9.276440647522977
-0.0001875,6.25e-05,-0.000125,-6.237677012152785,3.055481149649062,9.108650462740133
-0.0001875,6.25e-05,-9.375e-05,-6.23723637193317,3.055391749354377,8.941730242145155
-0.0001875,6.25e-05,-6.25e-05,-6.236713883286121,3.055258645336159,8.775667539726246
-0.0001875,6.25e-05,-3.125e-05,-6.236109457159818,3.0550818060310276,8.61044993184689
-0.0001875,6.25e-05,0.0,-6.235423010083541,3.05486120248769,8.446065017630563
-0.0001875,6.25e-05,3.125000000000003e-05,-6.234654464166016,3.054596808366427,8.282500419340867
-0.0001875,6.25e-05,6.25e-05,-6.233803747093464,3.0542885999386074,8.119743782757467
-0.0001875,6.25e-05,9.374999999999997e-05,-6.232870792127256,3.053936556085739,7.957782777547853
-0.0001875,6.25e-05,0.000125,-6.231855538101241,3.053540658298547,7.796605097634618
-0.0001875,6.25e-05,0.00015625000000000003,-6.230757929418566,3.0531008906757853,7.6361984615589
-0.0001875,6.25e-05,0.0001875,-6.229577916048322,3.0526172399228995,7.476550612839582
-0.0001875,6.25e-05,0.00021874999999999998,-6.228315453521677,3.052089695350474,7.317649320328506
-0.0001875,6.25e-05,0.00025,-6.226970502927628,3.051518248872495,7.1594823785618065
-0.0001875,9.374999999999997e-05,-0.00025,-6.238094374271878,2.793194189607877,9.785173936712646
-0.0001875,9.374999999999997e-05,-0.00021875,-6.237980097985116,2.793105480787782,9.614658961174491
-0.0001875,9.374999999999997e-05,-0.0001875,-6.237784392672387,2.7929802639556134,9.44505136867049
-0.0001875,9.374999999999997e-05,-0.00015625,-6.237507146954776,2.792818484674274,9.276338651021005
-0.0001875,9.374999999999997e-05,-0.000125,-6.237148255036625,2.792620091105784,9.108508321240972
-0.0001875,9.374999999999997e-05,-9.375e-05,-6.236707616705462,2.7923850340111356,8.941547913938031
-0.0001875,9.374999999999997e-05,-6.25e-05,-6.2361851373315105,2.792113266750088,8.775444985705786
-0.0001875,9.374999999999997e-05,-3.125e-05,-6.235580727866886,2.7918047452805523,8.610187115512804
-0.0001875,9.374999999999997e-05,0.0,-6.234894304844321,2.791459428158067,8.445761905087068
-0.0001875,9.374999999999997e-05,3.125000000000003e-05,-6.234125790375603,2.7910772765349106,8.282156979295982
-0.0001875,9.374999999999997e-05,6.25e-05,-6.233275112149624,2.7906582541591445,8.119359986522149
-0.0001875,9.374999999999997e-05,9.374999999999997e-05,-6.232342203430026,2.7902023273734176,7.957358599034844
-0.0001875,9.374999999999997e-05,0.000125,-6.231327003052456,2.7897094651136998,7.79614051335728
-0.0001875,9.374999999999997e-05,0.00015625000000000003,-6.230229455421543,2.7891796389076573,7.63569345062972
-0.0001875,9.374999999999997e-05,0.0001875,-6.229049510507393,2.7886128228731164,7.476005156968613
-0.0001875,9.374999999999997e-05,0.00021874999999999998,-6.227787123841788,2.788008993716118,7.317063403821576
-0.0001875,9.374999999999997e-05,0.00025,-6.226442256513956,2.7873681307289164,7.158855988318555
-0.0001875,0.000125,-0.00025,-6.237492627080742,2.531321769902315,9.785014847639918
-0.0001875,0.000125,-0.00021875,-6.237378327989162,2.5310593637189394,9.614466914632256
-0.0001875,0.000125,-0.0001875,-6.237182608071955,2.5307674873189456,9.444826302713
-0.0001875,0.000125,-0.00015625,-6.2369053559573056,2.5304460738409764,9.27608050629537
-0.0001875,0.000125,-0.000125,-6.236546465856178,2.5300950590100415,9.108217040986952
-0.0001875,0.000125,-9.375e-05,-6.236105837562233,2.5297143811371137,8.941223443987555
-0.0001875,0.000125,-6.25e-05,-6.235583376451389,2.5293039811183284,8.775087274482436
-0.0001875,0.000125,-3.125e-05,-6.234978993480925,2.528863802434104,8.609796114031017
-0.0001875,0.000125,0.0,-6.234292605188327,2.528393791148246,8.445337566951235
-0.0001875,0.000125,3.125000000000003e-05,-6.2335241336896114,2.5278938959065624,8.281699260699355
-0.0001875,0.000125,6.25e-05,-6.232673506677465,2.5273640679357112,8.118868846245553
-0.0001875,0.000125,9.374999999999997e-05,-6.231740657418793,2.526804261041487,7.956833998445326
-0.0001875,0.000125,0.000125,-6.230725524752105,2.5262144316073263,7.795582416406429
-0.0001875,0.000125,0.00015625000000000003,-6.229628053084355,2.5255945385923426,7.635101823852013
-0.0001875,0.000125,0.0001875,-6.228448192387542,2.5249445435293363,7.4753799694793885
-0.0001875,0.000125,0.00021874999999999998,-6.227185898194846,2.5242644105227288,7.316404627315038
-0.0001875,0.000125,0.00025,-6.225841131596428,2.523554106246106,7.158163597065436
-0.0001875,0.00015625000000000003,-0.00025,-6.236817809247512,2.2697670366424085,9.784678570487777
-0.0001875,0.00015625000000000003,-0.00021875,-6.236703492145783,2.269330995773215,9.614104721301494
-0.0001875,0.00015625000000000003,-0.0001875,-6.236507763254323,2.2688725170809545,9.444438118840203
-0.0001875,0.00015625000000000003,-0.00015625,-6.23623051120999,2.268391521281009,9.275666260097605
-0.0001875,0.00015625000000000003,-0.000125,-6.235871630231872,2.2678879316627008,9.107776663261127
-0.0001875,0.00015625000000000003,-9.375e-05,-6.235431020121236,2.2673616740883036,8.940756868109576
-0.0001875,0.00015625000000000003,-6.25e-05,-6.234908586261033,2.2668126769920307,8.774594436406199
-0.0001875,0.00015625000000000003,-3.125e-05,-6.234304239615071,2.266240871378634,8.609276952287306
-0.0001875,0.00015625000000000003,0.0,-6.233617896726774,2.265646190822113,8.444792022646393
-0.0001875,0.00015625000000000003,3.125000000000003e-05,-6.232849479717621,2.2650285714640934,8.281127277513843
-0.0001875,0.00015625000000000003,6.25e-05,-6.231998916285149,2.2643879520121275,8.118270370432356
-0.0001875,0.00015625000000000003,9.374999999999997e-05,-6.231066139700639,2.263724273737806,7.956208978828117
-0.0001875,0.00015625000000000003,0.000125,-6.230051088806383,2.2630374804747926,7.794930804377727
-0.0001875,0.00015625000000000003,0.00015625000000000003,-6.228953708012616,2.262327518616531,7.6344235733710075
-0.0001875,0.00015625000000000003,0.0001875,-6.2277739472940485,2.261594337114059,7.474675037069774
-0.0001875,0.00015625000000000003,0.00021874999999999998,-6.226511762186052,2.2608378874734396,7.315672972062565
-0.0001875,0.00015625000000000003,0.00025,-6.225167113780435,2.260058123753177,7.157405180615412
-0.0001875,0.0001875,-0.00025,-6.236069912506877,2.0085118625520093,9.784165172851514
-0.0001875,0.0001875,-0.00021875,-6.2359555821860155,2.0079022541758467,9.613572443443497
-0.0001875,0.0001875,-0.0001875,-6.235759849947054,2.0072772351053616,9.443886873980716
-0.0001875,0.0001875,-0.00015625,-6.235482604437095,2.0066367136344594,9.275095964025175
-0.0001875,0.0001875,-0.000125,-6.235123739884883,2.0059806006186545,9.10718723433147
-0.0001875,0.0001875,-9.375e-05,-6.234683156100711,2.0053088094736906,8.940148227244372
-0.0001875,0.0001875,-6.25e-05,-6.234160758475957,2.0046212561740604,8.773966507091735
-0.0001875,0.0001875,-3.125e-05,-6.2335564579822575,2.0039178592512745,8.608629660572918
-0.0001875,0.0001875,0.0,-6.232870171170247,2.0031985397922036,8.444125297142797
-0.0001875,0.0001875,3.125000000000003e-05,-6.232101820167994,2.002463221437012,8.2804410493913
-0.0001875,0.0001875,6.25e-05,-6.231251332679048,2.001711830377152,8.117564573418711
-0.0001875,0.0001875,9.374999999999997e-05,-6.230318641980086,2.0009442953530656,7.955483549206674
-0.0001875,0.0001875,0.000125,-6.229303686918173,2.000160547651945,7.794185680984978
-0.0001875,0.0001875,0.00015625000000000003,-6.228206411907724,1.9993605211050889,7.633658697594231
-0.0001875,0.0001875,0.0001875,-6.227026766927027,1.9985441520853358,7.473890352844466
-0.0001875,0.0001875,0.00021874999999999998,-6.225764707514411,1.9977113795042438,7.314868425869722
-0.0001875,0.0001875,0.00025,-6.224420194764046,1.9968621448091795,7.156580721478706
-0.0001875,0.00021874999999999998,-0.00025,-6.235248934691592,1.7475381341246183,9.783474726759094
-0.0001875,0.00021874999999999998,-0.00021875,-6.235134595939042,1.746755029920779,9.612870147888946
-0.0001875,0.00021874999999999998,-0.0001875,-6.234938865975876,1.7459635370235285,9.443172629769963
-0.0001875,0.00021874999999999998,-0.00015625,-6.234661633461007,1.7451635513077701,9.274369674520372
-0.0001875,0.00021874999999999998,-0.000125,-6.2343027926343355,1.7443549711978321,9.10644880544953
-0.0001875,0.00021874999999999998,-9.375e-05,-6.233862243316637,1.7435376976656345,8.939397567455313
-0.0001875,0.00021874999999999998,-6.25e-05,-6.233339890909098,1.7427116342289037,8.77320352741685
-0.0001875,0.00021874999999999998,-3.125e-05,-6.23273564639247,1.7418766869490083,8.607854274582948
-0.0001875,0.00021874999999999998,0.0,-6.23204942632586,1.7410327644288137,8.44333742095579
-0.0001875,0.00021874999999999998,3.125000000000003e-05,-6.231281152845129,1.7401797778104429,8.279640601670476
-0.0001875,0.00021874999999999998,6.25e-05,-6.230430753660924,1.7393176407727013,8.116751475370107
-0.0001875,0.00021874999999999998,9.374999999999997e-05,-6.229498162056348,1.7384462695286305,7.954657724576667
-0.0001875,0.00021874999999999998,0.000125,-6.228483316884244,1.7375655828227252,7.793347056057707
-0.0001875,0.00021874999999999998,0.00015625000000000003,-6.227386162564115,1.7366755019280624,7.6328072011888155
-0.0001875,0.00021874999999999998,0.0001875,-6.226206649078664,1.7357759506434471,7.473025916312162
-0.0001875,0.00021874999999999998,0.00021874999999999998,-6.224944731969961,1.7348668552901854,7.313990983090895
-0.0001875,0.00021874999999999998,0.00025,-6.223600372335271,1.733948144708911,7.155690208859683
-0.0001875,0.00025,-0.00025,-6.234354879729303,1.4868277521344393,9.782607308670112
-0.0001875,0.00025,-0.00021875,-6.234240537329067,1.4858712282812854,9.611997906036649
-0.0001875,0.00025,-0.0001875,-6.234044815261535,1.4849133327446156,9.442295452548715
-0.0001875,0.00025,-0.00015625,-6.233767602199046,1.4839539489835094,9.273487452868869
-0.0001875,0.00025,-0.000125,-6.233408792394155,1.4829929629943785,9.105561432848878
-0.0001875,0.00025,-9.375e-05,-6.232968285679562,1.4820302633088043,8.938504939926977
-0.0001875,0.00025,-6.25e-05,-6.232445987467637,1.4810657409912484,8.772305543520499
-0.0001875,0.00025,-3.125e-05,-6.231841808749578,1.4800992896365979,8.606950835414107
-0.0001875,0.00025,0.0,-6.231155666094187,1.4791308053676044,8.442428430143465
-0.0001875,0.00025,3.125000000000003e-05,-6.2303874816462885,1.4781601868322125,8.278725965374552
-0.0001875,0.00025,6.25e-05,-6.2295371831247515,1.4771873352007343,8.115831102278669
-0.0001875,0.00025,9.374999999999997e-05,-6.228604703820161,1.4762121541629372,7.953731525903194
-0.0001875,0.00025,0.000125,-6.227589982592104,1.4752345499249768,7.792414945538096
-0.0001875,0.00025,0.00015625000000000003,-6.226492963866081,1.4742544312062231,7.631869095078347
-0.0001875,0.00025,0.0001875,-6.22531359763006,1.473271709235983,7.472081733382273
-0.0001875,0.00025,0.00021874999999999998,-6.22405183943065,1.4722862977500615,7.313040644625876
-0.0001875,0.00025,0.00025,-6.222707650368876,1.4712981129872023,7.154733638653217
-0.00015625,-0.00025,-0.00025,-6.005431583330393,5.699686225807167,9.775229360481692
-0.00015625,-0.00025,-0.00021875,-6.005434678065593,5.701511103445665,9.605624448317009
-0.00015625,-0.00025,-0.0001875,-6.005356841419253,5.70322166346208,9.43692688809256
-0.00015625,-0.00025,-0.00015625,-6.005197976707654,5.704817987964206,9.269124136800317
-0.00015625,-0.00025,-0.000125,-6.0049579924976015,5.706300161816804,9.102203672601874
-0.00015625,-0.00025,-9.375e-05,-6.004636802606553,5.707668272645844,8.9361529952293
-0.00015625,-0.00025,-6.25e-05,-6.004234326102554,5.708922410842771,8.770959626381357
-0.00015625,-0.00025,-3.125e-05,-6.003750487303542,5.710062669568289,8.606611110115356
-0.00015625,-0.00025,0.0,-6.003185215776593,5.711089144755966,8.443095013234341
-0.00015625,-0.00025,3.125000000000003e-05,-6.002538446336542,5.712001935115487,8.280398925670088
-0.00015625,-0.00025,6.25e-05,-6.0018101190444675,5.712801142135711,8.11851046086166
-0.00015625,-0.00025,9.374999999999997e-05,-6.001000179205612,5.713486870087352,7.9574172561297525
-0.00015625,-0.00025,0.000125,-6.000108577367189,5.714059226025465,7.79710697304683
-0.00015625,-0.00025,0.00015625000000000003,-5.9991352693155475,5.714518319791577,7.637567297803098
-0.00015625,-0.00025,0.0001875,-5.99808021607328,5.714864264015636,7.478785941568463
-0.00015625,-0.00025,0.00021874999999999998,-5.996943383895714,5.7150971741174725,7.32075064085043
-0.00015625,-0.00025,0.00025,-5.995724744267198,5.7152171683082775,7.163449157848092
-0.00015625,-0.00021875,-0.00025,-6.0056959051280865,5.433192445794274,9.777022597180299
-0.00015625,-0.00021875,-0.00021875,-6.005698947878482,5.434843229837814,9.607306883663133
-0.00015625,-0.00021875,-0.0001875,-6.005621056958637,5.43638680171585,9.438498596626319
-0.00015625,-0.00021875,-0.00015625,-6.005462135675838,5.437823231145485,9.270585195808444
-0.00015625,-0.00021875,-0.000125,-6.00522209258817,5.439152590584617,9.103554162122057
-0.00015625,-0.00021875,-9.375e-05,-6.004900841504702,5.440374955235961,8.937392998054252
-0.00015625,-0.00021875,-6.25e-05,-6.0044983014853015,5.44149040305075,8.77208922806263
-0.00015625,-0.00021875,-3.125e-05,-6.004014396840054,5.442499014732251,8.607630398966803
-0.00015625,-0.00021875,0.0,-6.0034490571284564,5.443400873738843,8.444004080335413
-0.00015625,-0.00021875,3.125000000000003e-05,-6.002802217158036,5.444196066287074,8.281197864868773
-0.00015625,-0.00021875,6.25e-05,-6.002073816982858,5.4448846813541705,8.11919936877718
-0.00015625,-0.00021875,9.374999999999997e-05,-6.001263801901424,5.445466810680549,7.957996232154982
-0.00015625,-0.00021875,0.000125,-6.000372122454481,5.445942548771781,7.797576119350415
-0.00015625,-0.00021875,0.00015625000000000003,-5.99939873442223,5.4463119929005375,7.637926719331338
-0.00015625,-0.00021875,0.0001875,-5.998343598821328,5.446575243108083,7.479035746046878
-0.00015625,-0.00021875,0.00021874999999999998,-5.997206681901497,5.446732402205594,7.32089093878507
-0.00015625,-0.00021875,0.00025,-5.995987955141754,5.446783575775141,7.163480062526549
-0.00015625,-0.0001875,-0.00025,-6.005886702397574,5.167216587214378,9.778638191407193
-0.00015625,-0.0001875,-0.00021875,-6.005889695705631,5.1686932908948675,9.608818784713161
-0.00015625,-0.0001875,-0.0001875,-6.0058117539438225,5.170069880943926,9.43990686665325
-0.00015625,-0.0001875,-0.00015625,-6.00565278041181,5.1713464146812145,9.271889899697
-0.00015625,-0.0001875,-0.000125,-6.005412683660299,5.1725229521515255,9.104755367491848
-0.00015625,-0.0001875,-9.375e-05,-6.00509137749116,5.173599556128399,8.938490775263434
-0.00015625,-0.0001875,-6.25e-05,-6.00468878095728,5.174576292117423,8.773083650211284
-0.00015625,-0.0001875,-3.125e-05,-6.00420481836204,5.175453228359322,8.608521541900075
-0.00015625,-0.0001875,0.0,-6.003639419258365,5.176230435832734,8.444792022646393
-0.00015625,-0.0001875,3.125000000000003e-05,-6.0029925184475,5.1769079882567715,8.281882687901074
-0.00015625,-0.0001875,6.25e-05,-6.002264055977377,5.177485962093307,8.11978115662727
-0.00015625,-0.0001875,9.374999999999997e-05,-6.001453977140663,5.177964436548996,7.958475071674259
-0.00015625,-0.0001875,0.000125,-6.000562232472391,5.178343493577015,7.797952100147006
-0.00015625,-0.0001875,0.00015625000000000003,-5.999588777747333,5.178623217878588,7.638199933771613
-0.00015625,-0.0001875,0.0001875,-5.9985335739769265,5.1788036969042,7.479206289256727
-0.00015625,-0.0001875,0.00021874999999999998,-5.997396587405856,5.178885020854598,7.320958908650899
-0.00015625,-0.0001875,0.00025,-5.9961777895083435,5.1788672826814555,7.1634455596959965
-0.00015625,-0.00015625,-0.00025,-6.006003908383967,4.901740399667547,9.780076162059313
-0.00015625,-0.00015625,-0.00021875,-6.0060068547877625,4.903043040699209,9.61016016351443
-0.00015625,-0.00015625,-0.0001875,-6.005928865612093,4.9042526598501075,9.441151703364493
-0.00015625,-0.00015625,-0.00015625,-6.005769844150391,4.9053693020364495,9.27303824679478
-0.00015625,-0.00015625,-0.000125,-6.005529698947252,4.906393014884327,9.10580728017193
-0.00015625,-0.00015625,-9.375e-05,-6.005208343798607,4.907323848732865,8.939446311444065
-0.00015625,-0.00015625,-6.25e-05,-6.004805697751584,4.908161856637202,8.77394287053615
-0.00015625,-0.00015625,-3.125e-05,-6.004321685103903,4.9089070943711,8.609284509741105
-0.00015625,-0.00015625,0.0,-6.003756235403012,4.909559620429384,8.44545880410617
-0.00015625,-0.00015625,3.125000000000003e-05,-6.003109283444835,4.910119496030169,8.282453351815109
-0.00015625,-0.00015625,6.25e-05,-6.002380769272123,4.910586785116663,8.120255774565969
-0.00015625,-0.00015625,9.374999999999997e-05,-6.001570638172514,4.910961554358958,7.958853717944627
-0.00015625,-0.00015625,0.000125,-6.0006788406762,4.911243873155379,7.798234851794127
-0.00015625,-0.00015625,0.00015625000000000003,-5.9997053325532015,4.911433813633639,7.638386870579832
-0.00015625,-0.00015625,0.0001875,-5.998650074810396,4.911531450651805,7.479297493750613
-0.00015625,-0.00015625,0.00021874999999999998,-5.9975130336880635,4.911536861798908,7.32095446609592
-0.00015625,-0.00015625,0.00025,-5.9962941806561485,4.911450127395366,7.1633455580989605
-0.00015625,-0.000125,-0.00025,-6.006047462018833,4.636745640777651,9.781336532448725
-0.00015625,-0.000125,-0.00021875,-6.006050364052207,4.637874241360953,9.61133103666798
-0.00015625,-0.000125,-0.0001875,-6.005972330887446,4.638916905169684,9.442233116644282
-0.00015625,-0.000125,-0.00015625,-6.005813265813079,4.639873664711289,9.274030240263738
-0.00015625,-0.000125,-0.000125,-6.005573077368924,4.640744555188234,9.10670989659691
-0.00015625,-0.000125,-9.375e-05,-6.00525167934623,4.641529614500665,8.940259596298691
-0.00015625,-0.000125,-6.25e-05,-6.004848990787494,4.642228883249113,8.774666872003456
-0.00015625,-0.000125,-3.125e-05,-6.00436493598594,4.642842404736548,8.609919278715804
-0.00015625,-0.000125,0.0,-6.003799444484584,4.643370224970626,8.44600439419684
-0.00015625,-0.000125,3.125000000000003e-05,-6.003152451075,4.643812392665302,8.28290981934601
-0.00015625,-0.000125,6.25e-05,-6.002423895795691,4.644168959242555,8.120623178578668
-0.00015625,-0.000125,9.374999999999997e-05,-6.001613723930139,4.644439978833538,7.959132120199377
-0.00015625,-0.000125,0.000125,-6.000721886004431,4.644625508279828,7.798424316770959
-0.00015625,-0.000125,0.00015625000000000003,-5.999748337784628,4.64472560713405,7.63848746547947
-0.00015625,-0.000125,0.0001875,-5.998693040273688,4.64474033766069,7.47930928849507
-0.00015625,-0.000125,0.00021874999999999998,-5.997555959708074,4.644669764836259,7.3208775333288845
-0.00015625,-0.000125,0.00025,-5.996337067554031,4.644513956349493,7.163179973185933
-0.00015625,-9.375e-05,-0.00025,-6.006017307921336,4.3722140767261335,9.782419330306272
-0.00015625,-9.375e-05,-0.00021875,-6.006020168114088,4.3731686635512785,9.612331425332203
-0.00015625,-9.375e-05,-0.0001875,-6.005942094381704,4.374044392202318,9.443151121073363
-0.00015625,-9.375e-05,-0.00015625,-6.00578299000921,4.374841282773327,9.274865888102195
-0.00015625,-9.375e-05,-0.000125,-6.005542763532977,4.375559358038856,9.107463218178308
-0.00015625,-9.375e-05,-9.375e-05,-6.005221328740779,4.3761986434563065,8.940930624648031
-0.00015625,-9.375e-05,-6.25e-05,-6.004818604671697,4.37675916716793,8.775255642839376
-0.00015625,-9.375e-05,-3.125e-05,-6.004334515615551,4.377240960002856,8.61042583045256
-0.00015625,-9.375e-05,0.0,-6.003768991111978,4.377644055478609,8.446428767946033
-0.00015625,-9.375e-05,3.125000000000003e-05,-6.003121965949202,4.377968489802667,8.283252058918073
-0.00015625,-9.375e-05,6.25e-05,-6.002393380162391,4.3782143018735145,8.120883330484123
-0.00015625,-9.375e-05,9.374999999999997e-05,-6.001583179031719,4.378381533281742,7.959310233649852
-0.00015625,-9.375e-05,0.000125,-6.000691313079995,4.378470228310645,7.7985204436799815
-0.00015625,-9.375e-05,0.00015625000000000003,-5.999717738070009,4.378480433936849,7.638501660462991
-0.00015625,-9.375e-05,0.0001875,-5.9986624150015055,4.378412199830437,7.479241608871794
-0.00015625,-9.375e-05,0.00021874999999999998,-5.997525310107707,4.378265578355108,7.32072803912034
-0.00015625,-9.375e-05,0.00025,-5.996306394851674,4.37804062456793,7.162948727116293
-0.00015625,-6.25e-05,-0.00025,-6.00591339639916,4.108127482783195,9.78332458778505
-0.00015625,-6.25e-05,-0.00021875,-6.0059162172771225,4.108908087033197,9.613161355225962
-0.00015625,-6.25e-05,-0.0001875,-6.00583810639536,4.109616905342354,9.443905735931985
-0.00015625,-6.25e-05,-0.00015625,-6.005678967036816,4.110253945387503,9.27554520314775
-0.00015625,-6.25e-05,-0.000125,-6.005438707735649,4.110819217511772,9.108067251307299
-0.00015625,-6.25e-05,-9.375e-05,-6.005117242277454,4.11131273472648,8.941459396433414
-0.00015625,-6.25e-05,-6.25e-05,-6.004714489699065,4.11173451271284,8.77570917653241
-0.00015625,-6.25e-05,-3.125e-05,-6.004230374288004,4.112084569823473,8.610804151984329
-0.00015625,-6.25e-05,0.0,-6.003664825581591,4.112362927083658,8.44673190592882
-0.00015625,-6.25e-05,3.125000000000003e-05,-6.003017778365672,4.1125696081924055,8.283480044646476
-0.00015625,-6.25e-05,6.25e-05,-6.002289172673022,4.112704639523258,8.121036197935954
-0.00015625,-6.25e-05,9.374999999999997e-05,-6.00147895378135,4.112768050124921,7.959388019486822
-0.00015625,-6.25e-05,0.000125,-6.0005870722109895,4.112759871721636,7.79852318724809
-0.00015625,-6.25e-05,0.00015625000000000003,-5.999613483722201,4.1126801387133485,7.638429403792841
-0.00015625,-6.25e-05,0.0001875,-5.998558149312133,4.112528888175643,7.479094396678477
-0.00015625,-6.25e-05,0.00021874999999999998,-5.997421035211444,4.112306159859469,7.32050591880328
-0.00015625,-6.25e-05,0.00025,-5.996202112880497,4.1120119961906605,7.162651748758725
-0.00015625,-3.125e-05,-0.00025,-6.005735683448776,3.844467643836686,9.78405234146328
-0.00015625,-3.125e-05,-0.00021875,-6.005738467534013,3.845074301189921,9.613820856631392
-0.00015625,-3.125e-05,-0.0001875,-6.005660322918025,3.845616238606765,9.444496985202473
-0.00015625,-3.125e-05,-0.00015625,-6.005501152882989,3.84609345134366,9.276068203079532
-0.00015625,-3.125e-05,-0.000125,-6.005260865962207,3.846505937309412,9.108522007356768
-0.00015625,-3.125e-05,-9.375e-05,-6.004939375940325,3.846853697066725,8.941845916718826
-0.00015625,-3.125e-05,-6.25e-05,-6.0045366018531015,3.8471367338334925,8.776027471835178
-0.00015625,-3.125e-05,-3.125e-05,-6.004052467986897,3.8473550534839505,8.611054235750297
-0.00015625,-3.125e-05,0.0,-6.003486903877747,3.8475086645494545,8.446913794269193
-0.00015625,-3.125e-05,3.125000000000003e-05,-6.002839844310129,3.8475975782193044,8.283593756338586
-0.00015625,-3.125e-05,6.25e-05,-6.002111229315322,3.847621808341049,8.121081754423797
-0.00015625,-3.125e-05,9.374999999999997e-05,-6.001301004169453,3.8475813714209,7.959365444881366
-0.00015625,-3.125e-05,0.000125,-6.000409119391152,3.8474762866236225,7.798432508327437
-0.00015625,-3.125e-05,0.00015625000000000003,-5.99943553073889,3.8473065757724796,7.638270650002012
-0.00015625,-3.125e-05,0.0001875,-5.998380199207897,3.847072263348791,7.478867600129197
-0.00015625,-3.125e-05,0.00021874999999999998,-5.9972430910268235,3.846773376491359,7.3202111142733415
-0.00015625,-3.125e-05,0.00025,-5.996024177653929,3.846409944995656,7.162288973691299
-0.00015625,0.0,-0.00025,-6.005484130755679,3.5812163549184532,9.784602632346777
-0.00015625,0.0,-0.00021875,-6.005486880566623,3.5816491055508646,9.614309964396131
-0.00015625,0.0,-0.0001875,-6.0054087056284535,3.582024196160761,9.444924897571338
-0.00015625,0.0,-0.00015625,-6.005249509223991,3.5823416095816842,9.276434910420218
-0.00015625,0.0,-0.000125,-6.005009199886986,3.582601331285943,9.108827502683235
-0.00015625,0.0,-9.375e-05,-6.004687691402362,3.5828033493857365,8.942090195692447
-0.00015625,0.0,-6.25e-05,-6.004284902806,3.5829476546340544,8.776210532765834
-0.00015625,0.0,-3.125e-05,-6.003800758384196,3.583034240425391,8.611176079597097
-0.00015625,0.0,0.0,-6.003235187672777,3.5830631027962383,8.446974424641112
-0.00015625,0.0,3.125000000000003e-05,-6.0025881254558096,3.583034240425391,8.28359317949484
-0.00015625,0.0,6.25e-05,-6.001859511764025,3.5829476546340544,8.121019979273989
-0.00015625,0.0,9.374999999999997e-05,-6.0010492918728096,3.5828033493857365,7.959242482985529
-0.00015625,0.0,0.000125,-6.000157416299902,3.582601331285943,7.798248373895707
-0.00015625,0.0,0.00015625000000000003,-5.999183840802691,3.5823416095816842,7.6380253598943035
-0.00015625,0.0,0.0001875,-5.998128526375178,3.582024196160761,7.478561173854439
-0.00015625,0.0,0.00021874999999999998,-5.9969914392446055,3.5816491055508646,7.319843573988718
-0.00015625,0.0,0.00025,-5.995772550867639,3.5812163549184532,7.161860344201111
-0.00015625,3.125000000000003e-05,-0.00025,-6.005158705693933,3.31835542172863,9.78497550587103
-0.00015625,3.125000000000003e-05,-0.00021875,-6.005161423745528,3.318614310315447,9.614628717935272
-0.00015625,3.125000000000003e-05,-0.0001875,-6.005083221894269,3.318822592841056,9.445189506430982
-0.00015625,3.125000000000003e-05,-0.00015625,-6.0049240034249545,3.318980239714338,9.276645352537567
-0.00015625,3.125000000000003e-05,-0.000125,-6.004683676873105,3.319087223969599,9.108983758628051
-0.00015625,3.125000000000003e-05,-9.375e-05,-6.004362156025176,3.319143521267311,8.942192248667915
-0.00015625,3.125000000000003e-05,-6.25e-05,-6.0039593599183405,3.3191491098946084,8.776258368609081
-0.00015625,3.125000000000003e-05,-3.125e-05,-6.003475212839966,3.3191039707655494,8.611169686779682
-0.00015625,3.125000000000003e-05,0.0,-6.002909644326692,3.3190080874213614,8.446913794269193
-0.00015625,3.125000000000003e-05,3.125000000000003e-05,-6.002262589163198,3.3188614460301955,8.283478305309199
-0.00015625,3.125000000000003e-05,6.25e-05,-6.001533987380561,3.318664035387052,8.120850857649891
-0.00015625,3.125000000000003e-05,9.374999999999997e-05,-6.000723784254304,3.318415846913136,7.959019112932277
-0.00015625,3.125000000000003e-05,0.000125,-5.999831930302051,3.3181168746553884,7.797970757056155
-0.00015625,3.125000000000003e-05,0.00015625000000000003,-5.998858381280856,3.3177671152855184,7.637693500543978
-0.00015625,3.125000000000003e-05,0.0001875,-5.997803098184141,3.3173665680990303,7.478175078900691
-0.00015625,3.125000000000003e-05,0.00021874999999999998,-5.996666047238338,3.3169152350140085,7.319403252969461
-0.00015625,3.125000000000003e-05,0.00025,-5.995447199899086,3.3164131205696603,7.161365809283549
-0.00015625,6.25e-05,-0.00025,-6.0047593813256315,3.055866661157721,9.785171011902696
-0.00015625,6.25e-05,-0.00021875,-6.004762070129492,3.0559517368747184,9.614777161232645
-0.00015625,6.25e-05,-0.0001875,-6.004683844771281,3.0559932546771242,9.445290849880879
-0.00015625,6.25e-05,-0.00015625,-6.004524608539181,3.055991172548082,9.276699561645383
-0.00015625,6.25e-05,-0.000125,-6.004284269971784,3.0559454510830872,9.108990801518388
-0.00015625,6.25e-05,-9.375e-05,-6.0039627428583175,3.0558560534903174,8.942152096084897
-0.00015625,6.25e-05,-6.25e-05,-6.003559946238429,3.0557229455907136,8.776170993916665
-0.00015625,6.25e-05,-3.125e-05,-6.003075804401663,3.055546095817921,8.611035065961598
-0.00015625,6.25e-05,0.0,-6.002510246886547,3.055325475217996,8.44673190592882
-0.00015625,6.25e-05,3.125000000000003e-05,-6.001863208479332,3.0550610574489876,8.283249130669208
-0.00015625,6.25e-05,6.25e-05,-6.001134629212386,3.054752818780296,8.120574380551698
-0.00015625,6.25e-05,9.374999999999997e-05,-6.000324454362214,3.0544007380918754,7.958695319835339
-0.00015625,6.25e-05,0.000125,-5.999432634447125,3.054004796873224,7.797599637036999
-0.00015625,6.25e-05,0.00015625000000000003,-5.998459125224566,3.0535649792222364,7.6372750452952065
-0.00015625,6.25e-05,0.0001875,-5.997403887688055,3.0530812718438334,7.477709282729582
-0.00015625,6.25e-05,0.00021874999999999998,-5.996266888063813,3.052553664048447,7.318890112796597
-0.00015625,6.25e-05,0.00025,-5.9950480978069685,3.051982147750256,7.160805324641078
-0.00015625,9.374999999999997e-05,-0.00025,-6.004286136399731,2.7937319018066584,9.785189204740842
-0.00015625,9.374999999999997e-05,-0.00021875,-6.004288798464287,2.793643218331039,9.614755342841924
-0.00015625,9.374999999999997e-05,-0.0001875,-6.004210553002459,2.7935180194104263,9.445228970728456
-0.00015625,9.374999999999997e-05,-0.00015625,-6.004051303307132,2.7933562506018754,9.276597574804272
-0.00015625,9.374999999999997e-05,-0.000125,-6.003810957921327,2.7931578600619513,9.10884866266763
-0.00015625,9.374999999999997e-05,-9.375e-05,-6.003489430638262,2.792922798546613,8.941969763509542
-0.00015625,9.374999999999997e-05,-6.25e-05,-6.003086640501249,2.7926510194110024,8.775948428507554
-0.00015625,9.374999999999997e-05,-3.125e-05,-6.002602511803136,2.792342478608825,8.610772231215043
-0.00015625,9.374999999999997e-05,0.0,-6.002036974085372,2.791997134691869,8.446428767946033
-0.00015625,9.374999999999997e-05,3.125000000000003e-05,-6.001389962136787,2.7916149488090145,8.28290565815559
-0.00015625,9.374999999999997e-05,6.25e-05,-6.000661415991943,2.791195884705419,8.120190544815944
-0.00015625,9.374999999999997e-05,9.374999999999997e-05,-5.999851280929202,2.7907399087211773,7.9582710947883415
-0.00015625,9.374999999999997e-05,0.000125,-5.998959507468345,2.790246989790163,7.797134999190661
-0.00015625,9.374999999999997e-05,0.00015625000000000003,-5.997986051367931,2.789717099438355,7.636769973760913
-0.00015625,9.374999999999997e-05,0.0001875,-5.996930873622261,2.7891502117823066,7.477163759216701
-0.00015625,9.374999999999997e-05,0.00021874999999999998,-5.995793940457906,2.7885463035272102,7.318304121610618
-0.00015625,9.374999999999997e-05,0.00025,-5.994575223330068,2.7879053539648604,7.160178852681723
-0.00015625,0.000125,-0.00025,-6.003738955350795,2.5319329845049956,9.785030143117584
-0.00015625,0.000125,-0.00021875,-6.00374159318143,2.531670600015717,9.61456331588707
-0.00015625,0.000125,-0.0001875,-6.0036633310165035,2.5313787370115985,9.445003916489414
-0.00015625,0.000125,-0.00015625,-6.003504072155024,2.531057328623908,9.276339433921795
-0.00015625,0.000125,-0.000125,-6.003263725145679,2.530706310570824,9.108557378375508
-0.00015625,0.000125,-9.375e-05,-6.002942203786977,2.530325621156931,8.941645281634244
-0.00015625,0.000125,-6.25e-05,-6.00253942712706,2.529915201272439,8.77559069746763
-0.00015625,0.000125,-3.125e-05,-6.0020553194631825,2.5294749943924266,8.610381202020355
-0.00015625,0.000125,0.0,-6.001489810340785,2.52900494657569,8.44600439419684
-0.00015625,0.000125,3.125000000000003e-05,-6.000842834552242,2.5285050064636736,8.282447896041457
-0.00015625,0.000125,6.25e-05,-6.000114332135257,2.527975125278997,8.119699353114495
-0.00015625,0.000125,9.374999999999997e-05,-5.999304248370885,2.527415256824058,7.957746434863825
-0.00015625,0.000125,0.000125,-5.998412533781186,2.5268253574792294,7.796576834992363
-0.00015625,0.000125,0.00015625000000000003,-5.997439144126573,2.526205386201147,7.6361782718214135
-0.00015625,0.000125,0.0001875,-5.996384040402745,2.5255553045205916,7.476538488649938
-0.00015625,0.000125,0.00021874999999999998,-5.995247188837297,2.5248750765404107,7.317645254109796
-0.00015625,0.000125,0.00025,-5.994028560885994,2.5241646689331545,7.1594863625170735
-0.00015625,0.00015625000000000003,-0.00025,-6.003117828297058,2.2704517628271383,9.784693890198367
-0.00015625,0.00015625000000000003,-0.00021875,-6.0031204443963,2.270015740004934,9.614201138062477
-0.00015625,0.00015625000000000003,-0.0001875,-6.003042168926105,2.2695572701959104,9.44461573938768
-0.00015625,0.00015625000000000003,-0.00015625,-6.00288290519301,2.2690762741066375,9.27592518575216
-0.00015625,0.00015625000000000003,-0.000125,-6.002642561752698,2.2685726750181554,9.108116989927574
-0.00015625,0.00015625000000000003,-9.375e-05,-6.002321052410174,2.268046398785032,8.941178686277125
-0.00015625,0.00015625000000000003,-6.25e-05,-6.001918296219625,2.267497373834273,8.775097831148933
-0.00015625,0.00015625000000000003,-3.125e-05,-6.001434217483812,2.2669255311640213,8.609862003265121
-0.00015625,0.00015625000000000003,0.0,-6.000868745753207,2.2663308043422297,8.44545880410617
-0.00015625,0.00015625000000000003,3.125000000000003e-05,-6.000221815824744,2.2657131295049537,8.281875858291091
-0.00015625,0.00015625000000000003,6.25e-05,-5.999493367740164,2.265072445354812,8.119100813953185
-0.00015625,0.00015625000000000003,9.374999999999997e-05,-5.998683346784081,2.264408693158939,7.9571213431115675
-0.00015625,0.00015625000000000003,0.000125,-5.997791703481647,2.2637218167471023,7.795925142038484
-0.00015625,0.00015625000000000003,0.00015625000000000003,-5.99681839359582,2.263011762509448,7.6354999316224506
-0.00015625,0.00015625000000000003,0.0001875,-5.9957633781244075,2.2622784793942126,7.475833457727427
-0.00015625,0.00015625000000000003,0.00021874999999999998,-5.994626623296601,2.261521918905235,7.316913491547872
-0.00015625,0.00015625000000000003,0.00025,-5.99340810056924,2.2607420350993195,7.158727829959907
-0.00015625,0.0001875,-0.00025,-6.002422751038443,2.00927010360701,9.784180513581804
-0.00015625,0.0001875,-0.00021875,-6.0024253479060405,2.008660509633864,9.613668871632585
-0.00015625,0.0001875,-0.0001875,-6.0023470625258035,2.0080354949370154,9.444064496354873
-0.00015625,0.0001875,-0.00015625,-6.002187798213114,2.0073949678000855,9.275354881895694
-0.00015625,0.0001875,-0.000125,-6.001947463531988,2.0067388390689023,9.107527543594497
-0.00015625,0.0001875,-9.375e-05,-6.001625972295186,2.00606702215014,8.940570018381017
-0.00015625,0.0001875,-6.25e-05,-6.001223243564068,2.0053794330098222,8.77446986516857
-0.00015625,0.0001875,-3.125e-05,-6.000739201648064,2.004675990171658,8.609214665242868
-0.00015625,0.0001875,0.0,-6.00017377610373,2.003956614715265,8.444792022646393
-0.00015625,0.0001875,3.125000000000003e-05,-5.999526901733524,2.0032212302742094,8.281189564558279
-0.00015625,0.0001875,6.25e-05,-5.998798518584165,2.002469763033938,8.118394941669987
-0.00015625,0.0001875,9.374999999999997e-05,-5.997988571944689,2.001702141729543,7.956395828556676
-0.00015625,0.0001875,0.000125,-5.9970970123440805,2.000918297643413,7.795179924044357
-0.00015625,0.0001875,0.00015625000000000003,-5.9961237955486375,2.000118164602712,7.634734951572917
-0.00015625,0.0001875,0.0001875,-5.995068882558908,1.9993016789767404,7.475048659555103
-0.00015625,0.0001875,0.00021874999999999998,-5.9939322396062655,1.9984687796741338,7.316108821731474
-0.00015625,0.0001875,0.00025,-5.992713838149212,1.997619408139932,7.157903237521386
-0.00015625,0.00021874999999999998,-0.00025,-6.001653725053937,1.74836988745099,9.783490085298938
-0.00015625,0.00021874999999999998,-0.00021875,-6.001656305187064,1.7475867940092096,9.612966583431119
-0.00015625,0.00021874999999999998,-0.0001875,-6.001578013289425,1.7467953009789874,9.443350249029374
-0.00015625,0.00021874999999999998,-0.00015625,-6.001418752686661,1.745995304223461,9.274628578797623
-0.00015625,0.00021874999999999998,-0.000125,-6.0011784319523835,1.7451867021558465,9.106789090630688
-0.00015625,0.00021874999999999998,-9.375e-05,-6.0008569649083725,1.7443693957376898,8.93981932401205
-0.00015625,0.00021874999999999998,-6.25e-05,-6.00045427062438,1.7435432884769606,8.773706840406998
-0.00015625,0.00021874999999999998,-3.125e-05,-5.999970273417553,1.7427082864259518,8.608439223651303
-0.00015625,0.00021874999999999998,0.0,-5.999404902851625,1.741864298179224,8.444004080335413
-0.00015625,0.00021874999999999998,3.125000000000003e-05,-5.998758093735535,1.7410112348711282,8.280389040184271
-0.00015625,0.00021874999999999998,6.25e-05,-5.998029786121936,1.7401490101735397,8.117581756432811
-0.00015625,0.00021874999999999998,9.374999999999997e-05,-5.997219925305095,1.7392775402931013,7.955569906197184
-0.00015625,0.00021874999999999998,0.000125,-5.9963284618186945,1.7383967439686818,7.794341190841786
-0.00015625,0.00021874999999999998,0.00015625000000000003,-5.995355351433052,1.7375065424684086,7.63388333634216
-0.00015625,0.00021874999999999998,0.0001875,-5.994300555152116,1.7366068595867548,7.474184093643824
-0.00015625,0.00021874999999999998,0.00021874999999999998,-5.993164039210079,1.7356976216414302,7.315231239017084
-0.00015625,0.00021874999999999998,0.00025,-5.991945775067604,1.7347787574701228,7.15701257440791
-0.00015625,0.00025,-0.00025,-6.000810757498755,1.4877330092493801,9.782622681812313
-0.00015625,0.00025,-0.00021875,-6.000813323392145,1.486776492520218,9.612094344859837
-0.00015625,0.00025,-0.0001875,-6.000735028367279,1.4858185923469063,9.442473063754928
-0.00015625,0.00025,-0.00015625,-6.000575775761416,1.4848591921752883,9.273746337746555
-0.00015625,0.00025,-0.000125,-6.000335474159116,1.4838981779892364,9.105901687272663
-0.00015625,0.00025,-9.375e-05,-6.000014037392361,1.48293543830861,8.938926654357815
-0.00015625,0.00025,-6.25e-05,-5.999611384540501,1.4819708641868523,8.772808803006178
-0.00015625,0.00025,-3.125e-05,-5.999127439929541,1.481004349208585,8.607535719590155
-0.00015625,0.00025,0.0,-5.998562133131406,1.4800357894870355,8.443095013234341
-0.00015625,0.00025,3.125000000000003e-05,-5.997915398962542,1.479065083661387,8.279474316195287
-0.00015625,0.00025,6.25e-05,-5.997187177482414,1.4780921328939127,8.11666128423684
-0.00015625,0.00025,9.374999999999997e-05,-5.99637741399142,1.4771168408671023,7.954643597001238
-0.00015625,0.00025,0.000125,-5.995486059028703,1.4761391137805755,7.793408958376041
-0.00015625,0.00025,0.00015625000000000003,-5.99451306836931,1.4751588603479169,7.63294509685686
-0.00015625,0.00025,0.0001875,-5.993458403021306,1.47417599179335,7.473239765906094
-0.00015625,0.00025,0.00021874999999999998,-5.992322029222266,1.473190421848411,7.314280744307602
-0.00015625,0.00025,0.00025,-5.99110391843556,1.472202066748269,7.156055836517471
-0.000125,-0.00025,-0.00025,-5.771545322184284,5.699352596486504,9.775127519271733
-0.000125,-0.00025,-0.00021875,-5.771665318944205,5.701177514886496,9.605603229699966
-0.000125,-0.00025,-0.0001875,-5.771704907592285,5.702888119079686,9.436986383959148
-0.000125,-0.00025,-0.00015625,-5.771664006114383,5.704484491182905,9.269264433957638
-0.000125,-0.00025,-0.000125,-5.7715425374136755,5.705966716069517,9.102424852772888
-0.000125,-0.00025,-9.375e-05,-5.771340429311083,5.707334881373894,8.936455135052782
-0.000125,-0.00025,-6.25e-05,-5.7710576145453905,5.708589077495446,8.771342797412053
-0.000125,-0.00025,-3.125e-05,-5.770694030772956,5.709729397602605,8.607075378824542
-0.000125,-0.00025,0.0,-5.7702496205672285,5.710755937636263,8.4436404410108
-0.000125,-0.00025,3.125000000000003e-05,-5.769724331417673,5.711668796313173,8.281025568821324
-0.000125,-0.00025,6.25e-05,-5.769118115728677,5.712468075128872,8.119218370615522
-0.000125,-0.00025,9.374999999999997e-05,-5.768430930817781,5.713153878360498,7.958206478636416
-0.000125,-0.00025,0.000125,-5.767662738913869,5.7137263130691265,7.797977549381086
-0.000125,-0.00025,0.00015625000000000003,-5.766813507154799,5.714185489102073,7.638519263967016
-0.000125,-0.00025,0.0001875,-5.765883207584815,5.714531519094627,7.479819328494408
-0.000125,-0.00025,0.00021874999999999998,-5.764871817151567,5.714764518471772,7.321865474404405
-0.000125,-0.00025,0.00025,-5.763779317702826,5.714884605449418,7.16464545883343
-0.000125,-0.00021875,-0.00025,-5.7718743149443235,5.432932786007525,9.776920794559148
-0.000125,-0.00021875,-0.00021875,-5.77199428356351,5.434583609418025,9.607285706586449
-0.000125,-0.00021875,-0.0001875,-5.77203384044767,5.436127223159206,9.43855813699332
-0.000125,-0.00021875,-0.00015625,-5.771992903574962,5.437563696955914,9.270725540434427
-0.000125,-0.00021875,-0.000125,-5.771871395841128,5.438893103273496,9.103775392737925
-0.000125,-0.00021875,-9.375e-05,-5.771669245059984,5.440115517321839,8.93769519130639
-0.000125,-0.00021875,-6.25e-05,-5.771386383963506,5.441231017059168,8.772472455513098
-0.000125,-0.00021875,-3.125e-05,-5.771022750201574,5.442239683195337,8.608094727093924
-0.000125,-0.00021875,0.0,-5.770578286341417,5.443141599195229,8.444549570534699
-0.000125,-0.00021875,3.125000000000003e-05,-5.770052939866656,5.443936851281444,8.281824573454173
-0.000125,-0.00021875,6.25e-05,-5.769446663176067,5.444625528437185,8.1199073469827
-0.000125,-0.00021875,9.374999999999997e-05,-5.76875941358195,5.445207722408398,7.958785526136648
-0.000125,-0.00021875,0.000125,-5.7679911533082135,5.445683527706096,7.798446770188586
-0.000125,-0.00021875,0.00015625000000000003,-5.767141849488062,5.446053041607991,7.638878763033355
-0.000125,-0.00021875,0.0001875,-5.766211474161382,5.446316364160208,7.48006921355008
-0.000125,-0.00021875,0.00021874999999999998,-5.765200004271803,5.446473598178512,7.322005855960146
-0.000125,-0.00021875,0.00025,-5.7641074216633275,5.446524849249268,7.164676450181226
-0.000125,-0.0001875,-0.00025,-5.772128825482074,5.167030962111275,9.778536426441807
-0.000125,-0.0001875,-0.00021875,-5.772248766202538,5.1685077037684835,9.608797647324879
-0.000125,-0.0001875,-0.0001875,-5.772288292514919,5.169884333370427,9.43996644874849
-0.000125,-0.0001875,-0.00015625,-5.772247322390768,5.171160908243207,9.272030288098035
-0.000125,-0.0001875,-0.000125,-5.7721257787195634,5.172337488437889,9.104976643936315
-0.000125,-0.0001875,-9.375e-05,-5.771923589309022,5.173414136734042,8.938793016404206
-0.000125,-0.0001875,-6.25e-05,-5.771640686885303,5.174390918643128,8.773466927616722
-0.000125,-0.0001875,-3.125e-05,-5.771277009092729,5.175267902411502,8.608985922054547
-0.000125,-0.0001875,0.0,-5.770832498493169,5.176045159023283,8.445337566951235
-0.000125,-0.0001875,3.125000000000003e-05,-5.770307102565186,5.176722762202815,8.282509452675823
-0.000125,-0.0001875,6.25e-05,-5.769700773702686,5.177300788417052,8.120489193111268
-0.000125,-0.0001875,9.374999999999997e-05,-5.769013469213395,5.177779316877483,7.959264426028675
-0.000125,-0.0001875,0.000125,-5.768245151316848,5.178158429541962,7.7988228134570665
-0.000125,-0.0001875,0.00015625000000000003,-5.767395787142134,5.178438211116158,7.639152042049348
-0.000125,-0.0001875,0.0001875,-5.766465348725309,5.1786187490548405,7.480239823443901
-0.000125,-0.0001875,0.00021874999999999998,-5.765453813006328,5.178700133562799,7.322073894622415
-0.000125,-0.0001875,0.00025,-5.764361161825864,5.178682457595588,7.164642018263546
-0.000125,-0.00015625,-0.00025,-5.772308795728102,4.901628868922291,9.779974433821357
-0.000125,-0.00015625,-0.00021875,-5.772428708787843,4.90293154654454,9.61013906396639
-0.000125,-0.00015625,-0.0001875,-5.7724682057173275,4.904141202941321,9.441211324418699
-0.000125,-0.00015625,-0.00015625,-5.7724272044827565,4.905257883034005,9.27317867527924
-0.000125,-0.00015625,-0.000125,-5.77230562796837,4.9062816344537215,9.106028597829846
-0.000125,-0.00015625,-9.375e-05,-5.772103403976864,4.9072125075445205,8.939748594933704
-0.000125,-0.00015625,-6.25e-05,-5.771820465229592,4.908050555366296,8.774326191431113
-0.000125,-0.00015625,-3.125e-05,-5.7714567493661635,4.908795833697459,8.609748934530808
-0.000125,-0.00015625,0.0,-5.771012198944032,4.9094484010373405,8.44600439419684
-0.000125,-0.00015625,3.125000000000003e-05,-5.77048676143741,4.9100083186084,8.283080163531006
-0.000125,-0.00015625,6.25e-05,-5.76988038923615,4.910475650358099,8.120963859151011
-0.000125,-0.00015625,9.374999999999997e-05,-5.769193039643991,4.910850462960612,7.959643121564364
-0.000125,-0.00015625,0.000125,-5.768424674876776,4.911132825818214,7.799105615538024
-0.000125,-0.00015625,0.00015625000000000003,-5.767575262059996,4.911322811062456,7.639339030463965
-0.000125,-0.00015625,0.0001875,-5.7666447732263215,4.911420493555079,7.480331080720651
-0.000125,-0.00015625,0.00021874999999999998,-5.765633185312537,4.911425950888673,7.322069506030475
-0.000125,-0.00015625,0.00025,-5.76454048015626,4.9113392633870925,7.164542071813301
-0.000125,-0.000125,-0.00025,-5.7724141728790626,4.636708258587492,9.781234840014223
-0.000125,-0.000125,-0.00021875,-5.77253405851223,4.637836894379218,9.611309973115624
-0.000125,-0.000125,-0.0001875,-5.772573527244678,4.638879593130001,9.44229277389097
-0.000125,-0.000125,-0.00015625,-5.772532497038359,4.6398363873511785,9.274170705141954
-0.000125,-0.000125,-0.000125,-5.77241089077342,4.640707312249034,9.106931250854265
-0.000125,-0.000125,-9.375e-05,-5.7722086362486165,4.641492405727548,8.940561916597744
-0.000125,-0.000125,-6.25e-05,-5.771925666181386,4.642191708390857,8.775050229921968
-0.000125,-0.000125,-3.125e-05,-5.771561918207664,4.64280526354563,8.610383740747295
-0.000125,-0.000125,0.0,-5.771117334881225,4.643333117202995,8.446550021751488
-0.000125,-0.000125,3.125000000000003e-05,-5.770591863672839,4.643775318080455,8.283536668751953
-0.000125,-0.000125,6.25e-05,-5.769985456968923,4.644131917603319,8.12133130108359
-0.000125,-0.000125,9.374999999999997e-05,-5.769298072070022,4.644402969906142,7.9599215619724735
-0.000125,-0.000125,0.000125,-5.768529671188777,4.644588531833677,7.799295118905262
-0.000125,-0.000125,0.00015625000000000003,-5.767680221447713,4.6446886629418245,7.6394396639945015
-0.000125,-0.000125,0.0001875,-5.766749694876567,4.644703425498112,7.480342914339842
-0.000125,-0.000125,0.00021874999999999998,-5.765738068409337,4.644632884482111,7.321992612385265
-0.000125,-0.000125,0.00025,-5.764645323881008,4.644477107585547,7.16437652627234
-0.000125,-9.375e-05,-0.00025,-5.772444909398935,4.372250891810432,9.78231767275554
-0.000125,-9.375e-05,-0.00021875,-5.772564767836051,4.373205512465602,9.612310395934443
-0.000125,-9.375e-05,-0.0001875,-5.772604209554337,4.374081273757889,9.443210811748783
-0.000125,-9.375e-05,-0.00015625,-5.7725631525126895,4.374878195784047,9.275006385686552
-0.000125,-9.375e-05,-0.000125,-5.772441519588294,4.375596301321264,9.107684604422401
-0.000125,-9.375e-05,-9.375e-05,-5.772239238576935,4.3762356158295175,8.941232976217584
-0.000125,-9.375e-05,-6.25e-05,-5.771956242193193,4.376796167453708,8.775639031315292
-0.000125,-9.375e-05,-3.125e-05,-5.771592468070184,4.377277987025532,8.610890322331436
-0.000125,-9.375e-05,0.0,-5.771147858758925,4.377681108065147,8.446974424641112
-0.000125,-9.375e-05,3.125000000000003e-05,-5.770622361727474,4.378005566782565,8.283878936760502
-0.000125,-9.375e-05,6.25e-05,-5.770015929359612,4.378251402078894,8.121591480724533
-0.000125,-9.375e-05,9.374999999999997e-05,-5.769328518953293,4.378418655547248,7.960099702460391
-0.000125,-9.375e-05,0.000125,-5.7685600927186265,4.378507371473515,7.799391272156542
-0.000125,-9.375e-05,0.00015625000000000003,-5.76771061777565,4.378517596836827,7.63945388462797
-0.000125,-9.375e-05,0.0001875,-5.766780066151717,4.378449381309853,7.480275259676994
-0.000125,-9.375e-05,0.00021874999999999998,-5.765768414778439,4.378302777258813,7.321843142450407
-0.000125,-9.375e-05,0.00025,-5.764675645488503,4.378077839743256,7.164145303792348
-0.000125,-6.25e-05,-0.00025,-5.772400963019927,4.108238538382698,9.783222964202391
-0.000125,-6.25e-05,-0.00021875,-5.772520794488077,4.109019175087899,9.6131403581451
-0.000125,-6.25e-05,-0.0001875,-5.772560210372266,4.109728023740495,9.443965457275096
-0.000125,-6.25e-05,-0.00015625,-5.772519128629538,4.110365092018718,9.275685729752597
-0.000125,-6.25e-05,-0.000125,-5.77239747213514,4.110930390267097,9.108288664926725
-0.000125,-6.25e-05,-9.375e-05,-5.772195168683015,4.1114239314984395,8.941761773735223
-0.000125,-6.25e-05,-6.25e-05,-5.771912150985845,4.111845731395467,8.776092589099562
-0.000125,-6.25e-05,-3.125e-05,-5.7715483566748285,4.112195808312409,8.611268666315548
-0.000125,-6.25e-05,0.0,-5.771103728299098,4.112474183276152,8.447277583439455
-0.000125,-6.25e-05,3.125000000000003e-05,-5.770578213324793,4.112680879987427,8.284106941669815
-0.000125,-6.25e-05,6.25e-05,-5.769971764133793,4.1128159248214935,8.121744365724826
-0.000125,-6.25e-05,9.374999999999997e-05,-5.769284338022114,4.1128793468288904,7.960177504215532
-0.000125,-6.25e-05,0.000125,-5.768515897197964,4.112871177735684,7.799394030014799
-0.000125,-6.25e-05,0.00015625000000000003,-5.7676664087794585,4.1127914519437585,7.639381640622135
-0.000125,-6.25e-05,0.0001875,-5.7667358447919685,4.112640206530644,7.4801280585244605
-0.000125,-6.25e-05,0.00021874999999999998,-5.765724182165224,4.112417481249325,7.321621031552857
-0.000125,-6.25e-05,0.00025,-5.764631402729946,4.112123318527689,7.163848333235361
-0.000125,-3.125e-05,-0.00025,-5.772282296742969,3.844652977713193,9.78395075093681
-0.000125,-3.125e-05,-0.00021875,-5.772402101466025,3.8452596661502314,9.613799890032883
-0.000125,-3.125e-05,-0.0001875,-5.772441492693515,3.8458016316155703,9.444556734454821
-0.000125,-3.125e-05,-0.00015625,-5.772400388381757,3.8462788693657726,9.276208755021262
-0.000125,-3.125e-05,-0.000125,-5.77227871140527,3.846691377309834,9.108743443741597
-0.000125,-3.125e-05,-9.375e-05,-5.772076389557114,3.8470391560107724,8.942148314215466
-0.000125,-3.125e-05,-6.25e-05,-5.771793355549067,3.8473222086869807,8.77641090202765
-0.000125,-3.125e-05,-3.125e-05,-5.771429547011368,3.847540541213185,8.611518765138413
-0.000125,-3.125e-05,0.0,-5.770984906492082,3.8476941621215093,8.44745948426953
-0.000125,-3.125e-05,3.125000000000003e-05,-5.770459381456259,3.847783082601962,8.284220663285726
-0.000125,-3.125e-05,6.25e-05,-5.769852924284575,3.8478073165031033,8.121789929571918
-0.000125,-3.125e-05,9.374999999999997e-05,-5.769165492271823,3.847766880332095,7.960154934406276
-0.000125,-3.125e-05,0.000125,-5.768397047624877,3.847661793254932,7.799303353328795
-0.000125,-3.125e-05,0.00015625000000000003,-5.767547557460463,3.8474920770960965,7.639222886506087
-0.000125,-3.125e-05,0.0001875,-5.766616993802544,3.8472577563383132,7.479901259091778
-0.000125,-3.125e-05,0.00021874999999999998,-5.765605333579281,3.846958858121918,7.321326221583167
-0.000125,-3.125e-05,0.00025,-5.764512558619829,3.846595412243978,7.163485550173693
-0.000125,0.0,-0.00025,-5.772088878838003,3.581475999354952,9.784501073968196
-0.000125,0.0,-0.00021875,-5.772208657036777,3.581908779703012,9.614289026448573
-0.000125,0.0,-0.0001875,-5.772248024782381,3.582283896069221,9.44498467197705
-0.000125,0.0,-0.00015625,-5.7722069000316125,3.582601331285943,9.276575484017261
-0.000125,0.0,-0.000125,-5.772085205659279,3.582861070824487,9.109048957225003
-0.000125,0.0,-9.375e-05,-5.771882869458678,3.5830631027962383,8.942392607847513
-0.000125,0.0,-6.25e-05,-5.771599824141653,3.583207417953556,8.776593974118171
-0.000125,0.0,-3.125e-05,-5.771236007338376,3.5832940096904693,8.611640616646678
-0.000125,0.0,0.0,-5.7707913615967446,3.5833228740432084,8.447520118804768
-0.000125,0.0,3.125000000000003e-05,-5.770265834381463,3.5832940096904693,8.284220087107565
-0.000125,0.0,6.25e-05,-5.76965937807279,3.583207417953556,8.121728151590585
-0.000125,0.0,9.374999999999997e-05,-5.76897194996492,3.5830631027962383,7.96003196618249
-0.000125,0.0,0.000125,-5.768203512264028,3.582861070824487,7.799119209073621
-0.000125,0.0,0.00015625000000000003,-5.767354032086015,3.582601331285943,7.638977583080418
-0.000125,0.0,0.0001875,-5.76642348145384,3.582283896069221,7.479594816005756
-0.000125,0.0,0.00021874999999999998,-5.765411837294612,3.581908779703012,7.320958660995273
-0.000125,0.0,0.00025,-5.76431908143624,3.581475999354952,7.163056896889749
-0.000125,3.125000000000003e-05,-0.00025,-5.771820682843672,3.3186894035296417,9.784873978735405
-0.000125,3.125000000000003e-05,-0.00021875,-5.771940434736186,3.3189483204670163,9.614607806810103
-0.000125,3.125000000000003e-05,-0.0001875,-5.771979780172316,3.3191566264594226,9.44524930323662
-0.000125,3.125000000000003e-05,-0.00015625,-5.771938637110475,3.31931429191324,9.276785944110365
-0.000125,3.125000000000003e-05,-0.000125,-5.771816928426956,3.319421289860615,9.109205226719912
-0.000125,3.125000000000003e-05,-9.375e-05,-5.77161458191627,3.3194775959600435,8.9424946699461
-0.000125,3.125000000000003e-05,-6.25e-05,-5.771331530291323,3.3194831884969123,8.776641814656521
-0.000125,3.125000000000003e-05,-3.125e-05,-5.770967711183162,3.3194380483838763,8.611634224095466
-0.000125,3.125000000000003e-05,0.0,-5.770523067140335,3.3193421591608545,8.44745948426953
-0.000125,3.125000000000003e-05,3.125000000000003e-05,-5.769997545628053,3.3191955069950994,8.284105204328675
-0.000125,3.125000000000003e-05,6.25e-05,-5.769391099026831,3.3189980806807897,8.121559016943047
-0.000125,3.125000000000003e-05,9.374999999999997e-05,-5.76870368463098,3.318749871638721,7.959808578675643
-0.000125,3.125000000000003e-05,0.000125,-5.767935264646563,3.3184508739155167,7.798841570350481
-0.000125,3.125000000000003e-05,0.00015625000000000003,-5.767085806189181,3.318101084182916,7.638645697416985
-0.000125,3.125000000000003e-05,0.0001875,-5.766155281281345,3.3177005017366796,7.47920869030998
-0.000125,3.125000000000003e-05,0.00021874999999999998,-5.765143666849442,3.31724912849533,7.320518304805949
-0.000125,3.125000000000003e-05,0.00025,-5.764050944720532,3.316746968998857,7.162562322375097
-0.000125,6.25e-05,-0.00025,-5.771477687566986,3.0562750016500737,9.785069515108272
-0.000125,6.25e-05,-0.00021875,-5.7715974133686,3.056360104355439,9.614756275104186
-0.000125,6.25e-05,-0.0001875,-5.77163673766534,3.056401643337662,9.445350666335484
-0.000125,6.25e-05,-0.00015625,-5.771595578418446,3.056399576576142,9.276840167516461
-0.000125,6.25e-05,-0.000125,-5.771473858506711,3.056353864662981,9.109212278555152
-0.000125,6.25e-05,-9.375e-05,-5.77127150572698,3.0562644708032134,8.94245452095225
-0.000125,6.25e-05,-6.25e-05,-5.770988452794192,3.0561313608150322,8.77655443819539
-0.000125,6.25e-05,-3.125e-05,-5.77062463734116,3.0559545031295356,8.611499596148965
-0.000125,6.25e-05,0.0,-5.770180001917983,3.0557338687906572,8.447277583439455
-0.000125,6.25e-05,3.125000000000003e-05,-5.7696544939911245,3.055469431454518,8.2838760118364
-0.000125,6.25e-05,6.25e-05,-5.76904806594214,3.0551611673890062,8.121282516629
-0.000125,6.25e-05,9.374999999999997e-05,-5.768360675066079,3.054809055472763,7.959484756998506
-0.000125,6.25e-05,0.000125,-5.7675922835695355,3.054413077194393,7.798470416386371
-0.000125,6.25e-05,0.00015625000000000003,-5.766742858568366,3.053973216651102,7.638227202858271
-0.000125,6.25e-05,0.0001875,-5.765812372085043,3.0534894605475134,7.478742849464073
-0.000125,6.25e-05,0.00021874999999999998,-5.764800801045746,3.0529617981940125,7.32000511459377
-0.000125,6.25e-05,0.00025,-5.763708127277005,3.052390221505083,7.162001782329478
-0.000125,9.374999999999997e-05,-0.00025,-5.771059877082293,2.794214616840658,9.785087737388823
-0.000125,9.374999999999997e-05,-0.00021875,-5.771179577005969,2.7941259589939227,9.614734479887085
-0.000125,9.374999999999997e-05,-0.0001875,-5.771218881331267,2.7940007789686194,9.445288804083388
-0.000125,9.374999999999997e-05,-0.00015625,-5.771177708023369,2.79383902231676,9.276738191298202
-0.000125,9.374999999999997e-05,-0.000125,-5.7710559799647845,2.7936406371902973,9.10907014404591
-0.000125,9.374999999999997e-05,-9.375e-05,-5.770853624955651,2.7934055743409614,8.942272186433549
-0.000125,9.374999999999997e-05,-6.25e-05,-5.770570575713935,2.79313378711998,8.776331864554919
-0.000125,9.374999999999997e-05,-3.125e-05,-5.770206769875174,2.7928252314775883,8.611236746880188
-0.000125,9.374999999999997e-05,0.0,-5.769762149991837,2.7924798659623913,8.446974424641112
-0.000125,9.374999999999997e-05,3.125000000000003e-05,-5.769236663532465,2.792097651720556,8.28353251221175
-0.000125,9.374999999999997e-05,6.25e-05,-5.768630262880355,2.7916785524947954,8.120898647484903
-0.000125,9.374999999999997e-05,9.374999999999997e-05,-5.767942905332008,2.79122253462323,7.9590604922444275
-0.000125,9.374999999999997e-05,0.000125,-5.767174553095117,2.790729567038047,7.798005732533031
-0.000125,9.374999999999997e-05,0.00015625000000000003,-5.766325173286329,2.7901996212639806,7.637722079016319
-0.000125,9.374999999999997e-05,0.0001875,-5.765394737928647,2.7896326714166544,7.47819726734239
-0.000125,9.374999999999997e-05,0.00021874999999999998,-5.764383223948357,2.7890286942007125,7.319419058497765
-0.000125,9.374999999999997e-05,0.00025,-5.763290613171861,2.788387668907834,7.161375239159065
-0.000125,0.000125,-0.00025,-5.7705672407302195,2.532490084455857,9.784928704311907
-0.000125,0.000125,-0.00021875,-5.7706869149866815,2.5322277242385365,9.614542474285333
-0.000125,0.000125,-0.0001875,-5.770726200506417,2.5319358778475323,9.44506376399836
-0.000125,0.000125,-0.00015625,-5.7706850152597635,2.531614478407877,9.276480057365198
-0.000125,0.000125,-0.000125,-5.770563282133962,2.53126346163191,9.108778859493722
-0.000125,0.000125,-9.375e-05,-5.770360928933577,2.530882765818767,8.941947697084025
-0.000125,0.000125,-6.25e-05,-5.770077888380561,2.5304723318537747,8.77597411882238
-0.000125,0.000125,-3.125e-05,-5.769714098114078,2.5300321032074007,8.610845695770692
-0.000125,0.000125,0.0,-5.769269500689837,2.529562025934428,8.446550021751488
-0.000125,0.000125,3.125000000000003e-05,-5.768744043579253,2.529062048672576,8.283074713728556
-0.000125,0.000125,6.25e-05,-5.768137679168098,2.5285321226413124,8.120407412183177
-0.000125,0.000125,9.374999999999997e-05,-5.767450364754984,2.527972201640173,7.958535781486194
-0.000125,0.000125,0.000125,-5.766682062549318,2.5273822420472665,7.797447510265805
-0.000125,0.000125,0.00015625000000000003,-5.765832739669118,2.526762202817231,7.637130311771256
-0.000125,0.000125,0.0001875,-5.764902368138306,2.5261120454794215,7.477571924232452
-0.000125,0.000125,0.00021874999999999998,-5.763890924883788,2.525431734135643,7.318760111215557
-0.000125,0.000125,0.00025,-5.762798391732165,2.524721235457803,7.160682661974655
-0.000125,0.00015625000000000003,-0.00025,-5.769999773116018,2.2710832525968354,9.784592479045525
-0.000125,0.00015625000000000003,-0.00021875,-5.770119421913971,2.270647252692035,9.614180315995666
-0.000125,0.00015625000000000003,-0.0001875,-5.770158689792108,2.2701887972162393,9.44467559830653
-0.000125,0.00015625000000000003,-0.00015625,-5.770117494727114,2.269707806868479,9.276065812473794
-0.000125,0.00015625000000000003,-0.000125,-5.7699957596121,2.2692042049227528,9.108338466186117
-0.000125,0.00015625000000000003,-9.375e-05,-5.7697934122570205,2.268677917227093,8.941481088723588
-0.000125,0.00015625000000000003,-6.25e-05,-5.769510385388876,2.268128872202452,8.77548123135147
-0.000125,0.00015625000000000003,-3.125e-05,-5.7691466166513115,2.2675570008414465,8.61032646770952
-0.000125,0.00015625000000000003,0.0,-5.768702048604198,2.2669622367069473,8.44600439419684
-0.000125,0.00015625000000000003,3.125000000000003e-05,-5.768176628722558,2.266344515930505,8.282502630352292
-0.000125,0.00015625000000000003,6.25e-05,-5.767570309395434,2.2657037772106494,8.119808819230654
-0.000125,0.00015625000000000003,9.374999999999997e-05,-5.766883047924147,2.2650399618110013,7.957910627774481
-0.000125,0.00015625000000000003,0.000125,-5.766114806520506,2.26435301355826,7.796795747181753
-0.000125,0.00015625000000000003,0.00015625000000000003,-5.765265552304354,2.263642878840028,7.636451893269412
-0.000125,0.00015625000000000003,0.0001875,-5.764335257301102,2.2629095066024814,7.476866806832822
-0.000125,0.00015625000000000003,0.00021874999999999998,-5.7633238984386645,2.2621528483479016,7.318028254001199
-0.000125,0.00015625000000000003,0.00025,-5.762231457544176,2.261372858132033,7.159924026589133
-0.000125,0.0001875,-0.00025,-5.7693574741077045,2.009975982626534,9.784079129190548
-0.000125,0.0001875,-0.00021875,-5.7694770976540255,2.0093664102184117,9.613648067284778
-0.000125,0.0001875,-0.0001875,-5.769516349052785,2.008741407577039,9.44412436394169
-0.000125,0.0001875,-0.00015625,-5.769475146288118,2.0081008829772204,9.275495508226346
-0.000125,0.0001875,-0.000125,-5.769353412260153,2.0074447472565313,9.107749010395725
-0.000125,0.0001875,-9.375e-05,-5.769151074785315,2.0067729138139576,8.940872402296986
-0.000125,0.0001875,-6.25e-05,-5.768868066596543,2.0060852986084057,8.774853237761102
-0.000125,0.0001875,-3.125e-05,-5.768504325343001,2.0053818201570195,8.60967909299198
-0.000125,0.0001875,0.0,-5.768059793589461,2.0046623995334083,8.445337566951235
-0.000125,0.0001875,3.125000000000003e-05,-5.767534418815458,2.003926960365706,8.28181628173839
-0.000125,0.0001875,6.25e-05,-5.766928153413926,2.0031754288344805,8.119102882966887
-0.000125,0.0001875,9.374999999999997e-05,-5.766240954689688,2.002407733670517,7.957185040135895
-0.000125,0.0001875,0.000125,-5.765472784857438,2.001623806152458,7.796050446997656
-0.000125,0.0001875,0.00015625000000000003,-5.764623611039484,2.00082358010427,7.635686821921038
-0.000125,0.0001875,0.0001875,-5.763693405263176,2.000006991892625,7.4760819082507
-0.000125,0.0001875,0.00021874999999999998,-5.762682144457815,1.9991739804240958,7.317223474662517
-0.000125,0.0001875,0.00025,-5.761589810451494,1.9983244871422197,7.159099315514807
-0.000125,0.00021874999999999998,-0.00025,-5.768640348833798,1.7491501496828312,9.7833887267802
-0.000125,0.00021874999999999998,-0.00021875,-5.768759947333756,1.748367076455724,9.61294579498852
-0.000125,0.00021874999999999998,-0.0001875,-5.7687991834136545,1.7475755932052908,9.443410122544345
-0.000125,0.00021874999999999998,-0.00015625,-5.768757975066333,1.7467755957845488,9.274769201070214
-0.000125,0.00021874999999999998,-0.000125,-5.76863624519996,1.7459669825972925,9.107010543379092
-0.000125,0.00021874999999999998,-9.375e-05,-5.768433921638518,1.7451496545962277,8.940121683872487
-0.000125,0.00021874999999999998,-6.25e-05,-5.7681509371218915,1.744323515281083,8.774090178933905
-0.000125,0.00021874999999999998,-3.125e-05,-5.767787229305611,1.7434884706966405,8.608903607317915
-0.000125,0.00021874999999999998,0.0,-5.767342740760294,1.7426444294304193,8.444549570534699
-0.000125,0.00021874999999999998,3.125000000000003e-05,-5.766817418970693,1.7417913026105336,8.281015693230183
-0.000125,0.00021874999999999998,6.25e-05,-5.766211216334453,1.7409290039030652,8.118289623561893
-0.000125,0.00021874999999999998,9.374999999999997e-05,-5.7655240901604845,1.7400574495096688,7.956359033570548
-0.000125,0.00021874999999999998,0.000125,-5.7647560026670455,1.7391765581646919,7.795211619547418
-0.000125,0.00021874999999999998,0.00015625000000000003,-5.763906920979433,1.7382862511324721,7.6348351023975685
-0.000125,0.00021874999999999998,0.0001875,-5.762976817127367,1.737386452204288,7.475217227999056
-0.000125,0.00021874999999999998,0.00021874999999999998,-5.761965668042048,1.7364770876952367,7.316345767558076
-0.000125,0.00021874999999999998,0.00025,-5.760873455552802,1.7355580864410884,7.1582085179601735
-0.000125,0.00025,-0.00025,-5.767848407680715,1.4885876431904848,9.782521348278872
-0.000125,0.00025,-0.00021875,-5.767967981338137,1.4876311453274846,9.612073570510585
-0.000125,0.00025,-0.0001875,-5.768007203258215,1.4866732526602175,9.442532940460252
-0.000125,0.00025,-0.00015625,-5.767965991443594,1.4857138486231343,9.273886952296124
-0.000125,0.00025,-0.000125,-5.767844268811652,1.4847528191894903,9.106123121374912
-0.000125,0.00025,-9.375e-05,-5.767641963194934,1.4837900528691073,8.939228984639893
-0.000125,0.00025,-6.25e-05,-5.767359007341265,1.4828254407061967,8.773192101014116
-0.000125,0.00025,-3.125e-05,-5.7669953389134605,1.481858876276729,8.608000051789416
-0.000125,0.00025,0.0,-5.766550900488846,1.4808902556860846,8.4436404410108
-0.000125,0.00025,3.125000000000003e-05,-5.766025639558177,1.4799194775661617,8.28010089585645
-0.000125,0.00025,6.25e-05,-5.765419508524552,1.4789464430727708,8.11736906701346
-0.000125,0.00025,9.374999999999997e-05,-5.764732464701631,1.477971055882503,7.955432629049303
-0.000125,0.00025,0.000125,-5.763964470311846,1.4769932221898794,7.794279280779063
-0.000125,0.00025,0.00015625000000000003,-5.76311549248401,1.4760128507039671,7.633896745628529
-0.000125,0.00025,0.0001875,-5.762185503250745,1.4750298526452768,7.474272771993303
-0.000125,0.00025,0.00021874999999999998,-5.761174479545499,1.4740441417422092,7.3153951335937855
-0.000125,0.00025,0.00025,-5.760082403199257,1.4730556342275698,7.157251629826291
-9.375e-05,-0.00025,-0.00025,-5.538230439813361,5.698953770440072,9.774908983870683
-9.375e-05,-0.00025,-0.00021875,-5.538467430304296,5.700778704600479,9.60546480572775
-9.375e-05,-0.00025,-0.0001875,-5.538624526682712,5.702489329335113,9.436928148470283
-9.375e-05,-0.00025,-0.00015625,-5.538701661603943,5.704085726768402,9.269286459256163
-9.375e-05,-0.00025,-0.000125,-5.538698772307813,5.705567981781012,9.102527206411686
-9.375e-05,-0.00025,-9.375e-05,-5.538615800619309,5.7069361820142115,8.936637879833082
-9.375e-05,-0.00025,-6.25e-05,-5.538452692948983,5.708190417874022,8.771605991383426
-9.375e-05,-0.00025,-3.125e-05,-5.538209400292997,5.709330782535061,8.607419075285126
-9.375e-05,-0.00025,0.0,-5.5378858782328635,5.710357371944122,8.444064688507902
-9.375e-05,-0.00025,3.125000000000003e-05,-5.537482086934848,5.71127028482346,8.28153041115234
-9.375e-05,-0.00025,6.25e-05,-5.5369979911490645,5.712069622673802,8.119803846829203
-9.375e-05,-0.00025,9.374999999999997e-05,-5.536433560208233,5.71275548977708,7.9588726230344395
-9.375e-05,-0.00025,0.000125,-5.535788768026113,5.713327993198877,7.798724391519983
-9.375e-05,-0.00025,0.00015625000000000003,-5.535063593095624,5.713787242790587,7.639346828660424
-9.375e-05,-0.00025,0.0001875,-5.534258018486639,5.714133351191305,7.480727635815644
-9.375e-05,-0.00025,0.00021874999999999998,-5.533372031843447,5.714366433829406,7.322854539689384
-9.375e-05,-0.00025,0.00025,-5.532405625381923,5.714486608923908,7.165715292683911
-9.375e-05,-0.00021875,-0.00025,-5.5386241856758005,5.4326088964726456,9.776702273228542
-9.375e-05,-0.00021875,-0.00021875,-5.538861171882472,5.434259736550374,9.607147300971985
-9.375e-05,-0.00021875,-0.0001875,-5.539018259017667,5.435803370759548,9.43849992415676
-9.375e-05,-0.00021875,-0.00015625,-5.5390953797302505,5.437239868831563,9.270747592686764
-9.375e-05,-0.00021875,-0.000125,-5.539092471253944,5.438569303238032,9.103877777638628
-9.375e-05,-0.00021875,-9.375e-05,-5.539009475407916,5.439791749194874,8.937877971662996
-9.375e-05,-0.00021875,-6.25e-05,-5.538846338597262,5.440907284665935,8.772735689381134
-9.375e-05,-0.00021875,-3.125e-05,-5.5386030118130165,5.441915990366514,8.608438467777201
-9.375e-05,-0.00021875,0.0,-5.538279450631889,5.44281794976659,8.444973866585851
-9.375e-05,-0.00021875,3.125000000000003e-05,-5.537875615215696,5.4436132490935965,8.282329468675611
-9.375e-05,-0.00021875,6.25e-05,-5.537391470310409,5.444301977335259,8.120492880427863
-9.375e-05,-0.00021875,9.374999999999997e-05,-5.536826985244953,5.444884226241786,7.959451732111582
-9.375e-05,-0.00021875,0.000125,-5.536182133929627,5.445360090328106,7.799193678253882
-9.375e-05,-0.00021875,0.00015625000000000003,-5.5354568948542076,5.445729666875664,7.639706398006383
-9.375e-05,-0.00021875,0.0001875,-5.534651251085795,5.4459930559339185,7.480977595507577
-9.375e-05,-0.00021875,0.00021874999999999998,-5.533765190266179,5.446150360321726,7.32299500024112
-9.375e-05,-0.00021875,0.00025,-5.5327987046091085,5.446201685628263,7.165746367390215
-9.375e-05,-0.0001875,-0.00025,-5.538942482080252,5.166782065342644,9.778317920580445
-9.375e-05,-0.0001875,-0.00021875,-5.539179461942754,5.16825882457787,9.60865926048685
-9.375e-05,-0.0001875,-0.0001875,-5.539336538786071,5.1696354745775315,9.439908258001715
-9.375e-05,-0.0001875,-0.00015625,-5.539413645253604,5.17091207267323,9.272052365759409
-9.375e-05,-0.0001875,-0.000125,-5.539410718573802,5.172088678921285,9.10507905757093
-9.375e-05,-0.0001875,-9.375e-05,-5.539327700560926,5.173165356106319,8.938975828825004
-9.375e-05,-0.0001875,-6.25e-05,-5.5391645376153695,5.1741421697445675,8.773730196884346
-9.375e-05,-0.0001875,-3.125e-05,-5.538921180723772,5.175019188087023,8.609329701477659
-9.375e-05,-0.0001875,0.0,-5.538597585458709,5.175796482122104,8.445761905087068
-9.375e-05,-0.0001875,3.125000000000003e-05,-5.53819371197813,5.176474125578307,8.283014393331127
-9.375e-05,-0.0001875,6.25e-05,-5.537709525024426,5.177052194926454,8.121074775343587
-9.375e-05,-0.0001875,9.374999999999997e-05,-5.537144993923208,5.177530769381755,7.9599306841478725
-9.375e-05,-0.0001875,0.000125,-5.536500092581719,5.177909930905454,7.799569777027321
-9.375e-05,-0.0001875,0.00015625000000000003,-5.535774799486988,5.178189764206463,7.639979735891314
-9.375e-05,-0.0001875,0.0001875,-5.534969097703575,5.178370356742525,7.48114826763739
-9.375e-05,-0.0001875,0.00021874999999999998,-5.534082974871089,5.178451798721198,7.3230631045092185
-9.375e-05,-0.0001875,0.00025,-5.53311642320129,5.178434183100565,7.165712004450754
-9.375e-05,-0.00015625,-0.00025,-5.539185279641532,4.901455016119296,9.779755944832246
-9.375e-05,-0.00015625,-0.00021875,-5.53942225109626,4.9027577122341155,9.610000696326924
-9.375e-05,-0.00015625,-0.0001875,-5.539579316596092,4.903967388961377,9.44115315520187
-9.375e-05,-0.00015625,-0.00015625,-5.539656408779866,4.905084091226849,9.273200776806782
-9.375e-05,-0.00015625,-0.000125,-5.539653464871728,4.9061078666659625,9.106131037671542
-9.375e-05,-0.00015625,-9.375e-05,-5.539570426681833,4.907038765626845,8.939931435906946
-9.375e-05,-0.00015625,-6.25e-05,-5.539407240606676,4.907876841173302,8.774589491600816
-9.375e-05,-0.00015625,-3.125e-05,-5.539163857629222,4.908622149087512,8.610092747209697
-9.375e-05,-0.00015625,0.0,-5.538840233318563,4.909274747872412,8.446428767946033
-9.375e-05,-0.00015625,3.125000000000003e-05,-5.5384363278294115,4.909834698753862,8.283585142160936
-9.375e-05,-0.00015625,6.25e-05,-5.537952105901091,4.9103020656826075,8.121549481722681
-9.375e-05,-0.00015625,9.374999999999997e-05,-5.537387536856397,4.9106769153359044,7.960309422390938
-9.375e-05,-0.00015625,0.000125,-5.536742594599939,4.9109593171189445,7.799852624186748
-9.375e-05,-0.00015625,0.00015625000000000003,-5.5360172576163444,4.911149343166049,7.6401667717584045
-9.375e-05,-0.00015625,0.0001875,-5.535211508967974,4.911247068341575,7.481239574743285
-9.375e-05,-0.00015625,0.00021874999999999998,-5.534325336292431,4.911252570240497,7.323058768125617
-9.375e-05,-0.00015625,0.00025,-5.533358731799735,4.911165929188958,7.165612112590318
-9.375e-05,-0.000125,-0.00025,-5.539352533820553,4.636609495892824,9.781016369304389
-9.375e-05,-0.000125,-0.00021875,-5.539589494800484,4.637738151095178,9.611171625100164
-9.375e-05,-0.000125,-0.0001875,-5.5397465479023795,4.638780870112036,9.442234625646844
-9.375e-05,-0.000125,-0.00015625,-5.53982362576155,4.6397376854580745,9.274192828994739
-9.375e-05,-0.000125,-0.000125,-5.539820665598719,4.6406086323428815,9.107033714377412
-9.375e-05,-0.000125,-9.375e-05,-5.539737609220765,4.641393748673525,8.940744782612187
-9.375e-05,-0.000125,-6.25e-05,-5.539574403021094,4.6420930750572085,8.775313556496052
-9.375e-05,-0.000125,-3.125e-05,-5.539330997979693,4.642706654803545,8.61072758119701
-9.375e-05,-0.000125,0.0,-5.539007349662871,4.643234533926484,8.446974424641112
-9.375e-05,-0.000125,3.125000000000003e-05,-5.53860341822266,4.643676761146255,8.284041677894928
-9.375e-05,-0.000125,6.25e-05,-5.538119168395909,4.644033387890789,8.121916955543771
-9.375e-05,-0.000125,9.374999999999997e-05,-5.537554569503034,4.644304468297167,7.960587896065787
-9.375e-05,-0.000125,0.000125,-5.536909595446468,4.644490059212549,7.80004216220153
-9.375e-05,-0.000125,0.00015625000000000003,-5.53618422470877,4.644590220195114,7.640267441319782
-9.375e-05,-0.000125,0.0001875,-5.535378440350415,4.644605013514656,7.481251445778934
-9.375e-05,-0.000125,0.00021874999999999998,-5.534492230007273,4.64453450415279,7.3229819132846865
-9.375e-05,-0.000125,0.00025,-5.5335255858877295,4.6443787598032555,7.1654466072434975
-9.375e-05,-9.375e-05,-0.00025,-5.53944420492558,4.372227260308892,9.782099221735733
-9.375e-05,-9.375e-05,-0.00021875,-5.539681153360481,4.3731819012960536,9.61217206797155
-9.375e-05,-9.375e-05,-0.0001875,-5.539838193007421,4.374057682792729,9.443152683922609
-9.375e-05,-9.375e-05,-0.00015625,-5.53991525649911,4.374854624897944,9.275028530325457
-9.375e-05,-9.375e-05,-0.000125,-5.539912281053757,4.375572750391129,9.107787089102542
-9.375e-05,-9.375e-05,-9.375e-05,-5.539829208475841,4.376212084734492,8.941415863762558
-9.375e-05,-9.375e-05,-6.25e-05,-5.539665985156425,4.376772656075057,8.775902379795983
-9.375e-05,-9.375e-05,-3.125e-05,-5.539422562073279,4.377254495246663,8.611234185066348
-9.375e-05,-9.375e-05,0.0,-5.5390988947905635,4.37765763577152,8.447398850196914
-9.375e-05,-9.375e-05,3.125000000000003e-05,-5.538694943458258,4.377982113861684,8.284383968952962
-9.375e-05,-9.375e-05,6.25e-05,-5.538210672811251,4.378227968420232,8.122177158619817
-9.375e-05,-9.375e-05,9.374999999999997e-05,-5.537646052168097,4.378395241042236,7.960766060376573
-9.375e-05,-9.375e-05,0.000125,-5.537001055429436,4.37848397601545,7.800138339665605
-9.375e-05,-9.375e-05,0.00015625000000000003,-5.536275661076154,4.3784942203209,7.6402816865579695
-9.375e-05,-9.375e-05,0.0001875,-5.535469852167116,4.3784260236330335,7.481183816114738
-9.375e-05,-9.375e-05,0.00021874999999999998,-5.534583616336692,4.378279438319842,7.322832468744272
-9.375e-05,-9.375e-05,0.00025,-5.533616945791854,4.378054519442618,7.16521541055561
-9.375e-05,-6.25e-05,-0.00025,-5.539460258113235,4.10829007410051,9.783004534286812
-9.375e-05,-6.25e-05,-0.00021875,-5.539697191929946,4.10907073206212,9.61300205066618
-9.375e-05,-6.25e-05,-0.0001875,-5.539854217062464,4.109779600859955,9.443907349314404
-9.375e-05,-6.25e-05,-0.00015625,-5.53993126614187,4.110416688173427,9.275707893640256
-9.375e-05,-6.25e-05,-0.000125,-5.5399282763847815,4.110982004348319,9.10839116824063
-9.375e-05,-6.25e-05,-9.375e-05,-5.539845189594086,4.111475562398684,8.941944679300672
-9.375e-05,-6.25e-05,-6.25e-05,-5.53968195215933,4.1118973780085355,8.77635595498917
-9.375e-05,-6.25e-05,-3.125e-05,-5.539438515056757,4.11224746953337,8.611612545849484
-9.375e-05,-6.25e-05,0.0,-5.539114833849067,4.112525858001418,8.4477020251861
-9.375e-05,-6.25e-05,3.125000000000003e-05,-5.538710868684759,4.112732567114701,8.284611989446624
-9.375e-05,-6.25e-05,6.25e-05,-5.538226584297337,4.112867623249865,8.12233005859958
-9.375e-05,-6.25e-05,9.374999999999997e-05,-5.53766195000395,4.112931055458775,7.960843876507994
-9.375e-05,-6.25e-05,0.000125,-5.537016939703897,4.112922895468908,7.8001411112985535
-9.375e-05,-6.25e-05,0.00015625000000000003,-5.536291531876719,4.112843177683528,7.6402094557268825
-9.375e-05,-6.25e-05,0.0001875,-5.535485709580001,4.112691939181597,7.481036627538597
-9.375e-05,-6.25e-05,0.00021874999999999998,-5.534599460446843,4.112469219717523,7.322610369826369
-9.375e-05,-6.25e-05,0.00025,-5.533632776682973,4.112175061720683,7.164918451383082
-9.375e-05,-3.125e-05,-0.00025,-5.539400663389123,3.844779711617547,9.783732343542875
-9.375e-05,-3.125e-05,-0.00021875,-5.539637580511808,3.845386422238281,9.613661603472107
-9.375e-05,-3.125e-05,-0.0001875,-5.539794590068207,3.845928407792084,9.444498645809428
-9.375e-05,-3.125e-05,-0.00015625,-5.539871624688745,3.8464056635356423,9.27623093662207
-9.375e-05,-3.125e-05,-0.000125,-5.53986862158933,3.8468181873782,9.108845963167273
-9.375e-05,-3.125e-05,-9.375e-05,-5.5397855225721395,3.8471659798831217,8.942331234292118
-9.375e-05,-3.125e-05,-6.25e-05,-5.5396222740259615,3.8474490442691147,8.776674280828736
-9.375e-05,-3.125e-05,-3.125e-05,-5.539378826926256,3.8476673864114583,8.611862655985039
-9.375e-05,-3.125e-05,0.0,-5.53905513683489,3.8478210148427525,8.447883935731001
-9.375e-05,-3.125e-05,3.125000000000003e-05,-5.538651163899562,3.847909940753689,8.28472571918049
-9.375e-05,-3.125e-05,6.25e-05,-5.538166872852861,3.8479341779934817,8.12237562896885
-9.375e-05,-3.125e-05,9.374999999999997e-05,-5.537602233011043,3.8478937430701534,7.9608213116261926
-9.375e-05,-3.125e-05,0.000125,-5.536957218272475,3.847788655150485,7.800050437946464
-9.375e-05,-3.125e-05,0.00015625000000000003,-5.536231807115735,3.847618936059979,7.640050703352398
-9.375e-05,-3.125e-05,0.0001875,-5.5354259825974,3.8473846102823535,7.480809828256367
-9.375e-05,-3.125e-05,0.00021874999999999998,-5.534539732349557,3.847085704959032,7.32231555841732
-9.375e-05,-3.125e-05,0.00025,-5.53357304857687,3.846722249888298,7.164555665293612
-9.375e-05,0.0,-0.00025,-5.539265395608155,3.5816779573539304,9.784282690516244
-9.375e-05,0.0,-0.00021875,-5.539502293958544,3.5821107608155724,9.614150761242573
-9.375e-05,0.0,-0.0001875,-5.539659286875077,3.582485897215692,9.444926602098802
-9.375e-05,0.0,-0.00015625,-5.539736306988468,3.5828033493857365,9.276597681797252
-9.375e-05,0.0,-0.000125,-5.539733291514852,3.5830631027962383,9.109151490241679
-9.375e-05,0.0,-9.375e-05,-5.53965018225652,3.5832651455579487,8.94257553892687
-9.375e-05,0.0,-6.25e-05,-5.539486925602296,3.5834094684227296,8.77685736133369
-9.375e-05,0.0,-3.125e-05,-5.539243472527553,3.583496064784267,8.611984513319557
-9.375e-05,0.0,0.0,-5.538919778594057,3.5835249306785677,8.447944573504543
-9.375e-05,0.0,3.125000000000003e-05,-5.5385158039492115,3.583496064784267,8.284725143653038
-9.375e-05,0.0,6.25e-05,-5.538031513325323,3.5834094684227296,8.12231384905104
-9.375e-05,0.0,9.374999999999997e-05,-5.537466876038183,3.5832651455579487,7.960698338879338
-9.375e-05,0.0,0.000125,-5.53682186598567,3.5830631027962383,7.799866286582262
-9.375e-05,0.0,0.00015625000000000003,-5.536096461645748,3.5828033493857365,7.639805390232529
-9.375e-05,0.0,0.0001875,-5.535290646074312,3.582485897215692,7.480503372891863
-9.375e-05,0.0,0.00021874999999999998,-5.534404406902649,3.5821107608155724,7.321947982967663
-9.375e-05,0.0,0.00025,-5.53343773633456,3.5816779573539304,7.164126994565701
-9.375e-05,3.125000000000003e-05,-0.00025,-5.539054434474524,3.318966606472478,9.784655620648472
-9.375e-05,3.125000000000003e-05,-0.00021875,-5.539291311972188,3.319225547455707,9.61446956339789
-9.375e-05,3.125000000000003e-05,-0.0001875,-5.539448287183232,3.3194338734295346,9.445191251579377
-9.375e-05,3.125000000000003e-05,-0.00015625,-5.539525292739656,3.319591554798394,9.276808156537218
-9.375e-05,3.125000000000003e-05,-0.000125,-5.539522265858697,3.319698564592618,9.109307770808117
-9.375e-05,3.125000000000003e-05,-9.375e-05,-5.539439148343621,3.3197548784690953,8.942677608520636
-9.375e-05,3.125000000000003e-05,-6.25e-05,-5.539275886584062,3.3197604747119103,8.776905205790001
-9.375e-05,3.125000000000003e-05,-3.125e-05,-5.539032431556087,3.319715334232456,8.611978121108429
-9.375e-05,3.125000000000003e-05,0.0,-5.538708738821923,3.3196194405697543,8.447883935731001
-9.375e-05,3.125000000000003e-05,3.125000000000003e-05,-5.538304768529393,3.319472779890225,8.2846102540571
-9.375e-05,3.125000000000003e-05,6.25e-05,-5.537820485410961,3.3192753409875433,8.122144704007583
-9.375e-05,3.125000000000003e-05,9.374999999999997e-05,-5.537255858782524,3.3190271152820636,7.960474937397674
-9.375e-05,3.125000000000003e-05,0.000125,-5.536610862541842,3.3187280968203328,7.799588630305619
-9.375e-05,3.125000000000003e-05,0.00015625000000000003,-5.535885475166647,3.318378282274057,7.63947348343725
-9.375e-05,3.125000000000003e-05,0.0001875,-5.535079679712425,3.317977670939265,7.4801172224864185
-9.375e-05,3.125000000000003e-05,0.00021874999999999998,-5.534193463809936,3.317526264734956,7.3215075984915385
-9.375e-05,3.125000000000003e-05,0.00025,-5.533226819662271,3.3170240682017273,7.163632388188016
-9.375e-05,6.25e-05,-0.00025,-5.53876776454137,3.0566274653277463,9.784851183811785
-9.375e-05,6.25e-05,-0.00021875,-5.539004619103946,3.056712593013411,9.614618053926847
-9.375e-05,6.25e-05,-0.0001875,-5.53916157554221,3.0567541519264907,9.445292632354912
-9.375e-05,6.25e-05,-0.00015625,-5.539238566490387,3.0567521000433695,9.276862393059394
-9.375e-05,6.25e-05,-0.000125,-5.5392355291677555,3.056706397953335,9.109314831196663
-9.375e-05,6.25e-05,-9.375e-05,-5.539152405379379,3.056617008858924,8.942637463515378
-9.375e-05,6.25e-05,-6.25e-05,-5.538989141516498,3.056483898576031,8.776817828751057
-9.375e-05,6.25e-05,-3.125e-05,-5.538745688556567,3.056307035533797,8.611843488016214
-9.375e-05,6.25e-05,0.0,-5.53842200206301,3.0560863907743734,8.4477020251861
-9.375e-05,6.25e-05,3.125000000000003e-05,-5.538018042184569,3.055821937952465,8.284381047279894
-9.375e-05,6.25e-05,6.25e-05,-5.537533773654505,3.0555136533347023,8.121868184837691
-9.375e-05,6.25e-05,9.374999999999997e-05,-5.536969165789243,3.0551615157988334,7.960151092293286
-9.375e-05,6.25e-05,0.000125,-5.536324192486871,3.0547655068327457,7.799217448342519
-9.375e-05,6.25e-05,0.00015625000000000003,-5.5355988322252365,3.054325610533269,7.639054956307744
-9.375e-05,6.25e-05,0.0001875,-5.534793068059748,3.053841813604849,7.479651344498089
-9.375e-05,6.25e-05,0.00021874999999999998,-5.5339068876208435,3.053314105358009,7.320994366565702
-9.375e-05,6.25e-05,0.00025,-5.532940283111108,3.0527424777075725,7.163071801858108
-9.375e-05,9.374999999999997e-05,-0.00025,-5.538405375210089,2.794642351986842,9.784869434310378
-9.375e-05,9.374999999999997e-05,-0.00021875,-5.53864220475356,2.7945537200567494,9.614596281387698
-9.375e-05,9.374999999999997e-05,-0.0001875,-5.538799141350255,2.7944285599134933,9.445230787236941
-9.375e-05,9.374999999999997e-05,-0.00015625,-5.538876117637599,2.794266817104974,9.276760428427975
-9.375e-05,9.374999999999997e-05,-0.000125,-5.538873070837794,2.7940684397793496,9.109172702723829
-9.375e-05,9.374999999999997e-05,-9.375e-05,-5.538789942758583,2.793833378684848,8.942455129479816
-9.375e-05,9.374999999999997e-05,-6.25e-05,-5.53862667979357,2.7935615871695885,8.776595250037886
-9.375e-05,9.374999999999997e-05,-3.125e-05,-5.538383232922339,2.7932530211809543,8.611580628116661
-9.375e-05,9.374999999999997e-05,0.0,-5.538059557710142,2.7929076392650733,8.447398850196914
-9.375e-05,9.374999999999997e-05,3.125000000000003e-05,-5.537655614307318,2.7925254025659334,8.284037525902649
-9.375e-05,9.374999999999997e-05,6.25e-05,-5.537171367448395,2.7921062748244148,8.121484288377912
-9.375e-05,9.374999999999997e-05,9.374999999999997e-05,-5.536606786450839,2.7916502223771045,7.959726794659313
-9.375e-05,9.374999999999997e-05,0.000125,-5.535961845213473,2.791157214155029,7.798752726044321
-9.375e-05,9.374999999999997e-05,0.00015625000000000003,-5.535236522214643,2.7906272216820187,7.638549788455451
-9.375e-05,9.374999999999997e-05,0.0001875,-5.53443080050995,2.7900602190731876,7.479105712800406
-9.375e-05,9.374999999999997e-05,0.00021874999999999998,-5.533544667729772,2.789456183032961,7.320408255328122
-9.375e-05,9.374999999999997e-05,0.00025,-5.532578116076363,2.7888150928531155,7.162445197980964
-9.375e-05,0.000125,-0.00025,-5.5379672607293315,2.532993096748168,9.78471043088098
-9.375e-05,0.000125,-0.00021875,-5.5382040631682665,2.5327307633855622,9.61440429890867
-9.375e-05,0.000125,-0.0001875,-5.538360978853289,2.532438936829399,9.445005763745023
-9.375e-05,0.000125,-0.00015625,-5.5384379404259985,2.5321175501995232,9.276502304553993
-9.375e-05,0.000125,-0.000125,-5.53843488511244,2.531766539203434,9.108881421692452
-9.375e-05,0.000125,-9.375e-05,-5.5383517547238466,2.5313858421359106,8.942130637109106
-9.375e-05,0.000125,-6.25e-05,-5.538188495657014,2.530975399878205,8.776237494738771
-9.375e-05,0.000125,-3.125e-05,-5.537945058894348,2.5305351558971503,8.611189560892125
-9.375e-05,0.000125,0.0,-5.5376214000036095,2.5300650562442795,8.446974424641112
-9.375e-05,0.000125,3.125000000000003e-05,-5.537217479137315,2.529565049554441,8.283579698199812
-9.375e-05,0.000125,6.25e-05,-5.536733261031828,2.529035087044625,8.120993017301052
-9.375e-05,0.000125,9.374999999999997e-05,-5.536168715006116,2.5284751225122686,7.959202041568869
-9.375e-05,0.000125,0.000125,-5.535523814960189,2.5278851123337667,7.798194454886491
-9.375e-05,0.000125,0.00015625000000000003,-5.534798539373218,2.5272650154624836,7.637957965760529
-9.375e-05,0.000125,0.0001875,-5.533992871301325,2.526614793426779,7.478480307680754
-9.375e-05,0.000125,0.00021874999999999998,-5.533106798375056,2.525934410327949,7.319749239476181
-9.375e-05,0.000125,0.00025,-5.532140312796508,2.525223832837736,7.161752545666909
-9.375e-05,0.00015625000000000003,-0.00025,-5.537453420193665,2.271661542658499,9.784374236693223
-9.375e-05,0.00015625000000000003,-0.00021875,-5.537690193441467,2.2712255705479474,9.614042164188108
-9.375e-05,0.00015625000000000003,-0.0001875,-5.537847087143614,2.270767134861199,9.444617614106827
-9.375e-05,0.00015625000000000003,-0.00015625,-5.5379240339468065,2.2702861562910486,9.276088068195213
-9.375e-05,0.00015625000000000003,-0.000125,-5.537920971081845,2.2697825581056508,9.108441029391386
-9.375e-05,0.00015625000000000003,-9.375e-05,-5.53783784036433,2.2692562661476745,8.94166402222445
-9.375e-05,0.00015625000000000003,-6.25e-05,-5.537674588194988,2.268707208833187,8.775744593208607
-9.375e-05,0.00015625000000000003,-3.125e-05,-5.537431165559814,2.2681353171503065,8.610670311232832
-9.375e-05,0.00015625000000000003,0.0,-5.537107528029714,2.267540524657901,8.446428767946033
-9.375e-05,0.00015625000000000003,3.125000000000003e-05,-5.536703635760003,2.266922767483956,8.2830075781378
-9.375e-05,0.00015625000000000003,6.25e-05,-5.536219453489403,2.266281984323881,8.120394380114892
-9.375e-05,0.00015625000000000003,9.374999999999997e-05,-5.535654950538894,2.2656181164386147,7.9585768360734335
-9.375e-05,0.00015625000000000003,0.000125,-5.535010100810056,2.26493110765267,7.797542632466904
-9.375e-05,0.00015625000000000003,0.00015625000000000003,-5.534284882783285,2.2642209043518475,7.637279480369973
-9.375e-05,0.00015625000000000003,0.0001875,-5.533479279515496,2.2634874554809996,7.47777511583833
-9.375e-05,0.00015625000000000003,0.00021874999999999998,-5.532593278637638,2.2627307125415657,7.319017300264434
-9.375e-05,0.00015625000000000003,0.00025,-5.531626872351868,2.261950629588836,7.16099382072934
-9.375e-05,0.0001875,-0.00025,-5.5368638575419125,2.0106295460282673,9.783860919349351
-9.375e-05,0.0001875,-0.00021875,-5.537100599511102,2.010020002355197,9.613509939494037
-9.375e-05,0.0001875,-0.0001875,-5.537257470158193,2.0093950194583834,9.444066395257472
-9.375e-05,0.0001875,-0.00015625,-5.53733440213602,2.008754505605309,9.275517770955382
-9.375e-05,0.0001875,-0.000125,-5.537331332681022,2.008098371626713,9.107851572094637
-9.375e-05,0.0001875,-9.375e-05,-5.537248203613993,2.0074265309152928,8.941055325771938
-9.375e-05,0.0001875,-6.25e-05,-5.53708496134041,2.006738899424153,8.775116581067651
-9.375e-05,0.0001875,-3.125e-05,-5.536841556850544,2.0060353956651187,8.610022909435402
-9.375e-05,0.0001875,0.0,-5.53651794571915,2.0053159407070664,8.445761905087068
-9.375e-05,0.0001875,3.125000000000003e-05,-5.5361140881049025,2.004580458173835,8.282321185373384
-9.375e-05,0.0001875,6.25e-05,-5.535629948749467,2.0038288742422656,8.119688391160281
-9.375e-05,0.0001875,9.374999999999997e-05,-5.535065496976276,2.0030611176398563,7.957851187200939
-9.375e-05,0.0001875,0.000125,-5.534420706688939,2.0022771196425446,7.796797262503613
-9.375e-05,0.0001875,0.00015625000000000003,-5.533695556369404,2.0014768140720767,7.636514330695341
-9.375e-05,0.0001875,0.0001875,-5.532890029075697,2.0006601372933903,7.4769901303816315
-9.375e-05,0.0001875,0.00021874999999999998,-5.532004112439437,1.9998270282118684,7.31821242550203
-9.375e-05,0.0001875,0.00025,-5.53103779866295,1.998977428270345,7.160169005681848
-9.375e-05,0.00021874999999999998,-0.00025,-5.536198581555129,1.7498789769452134,9.783170550883666
-9.375e-05,0.00021874999999999998,-0.00021875,-5.536435290157554,1.7490959333949747,9.612807691663459
-9.375e-05,0.00021874999999999998,-0.0001875,-5.536592136676703,1.7483044698457184,9.443352168838688
-9.375e-05,0.00021874999999999998,-0.00015625,-5.536669053772453,1.7475044821420893,9.274791469283093
-9.375e-05,0.00021874999999999998,-0.000125,-5.536665978687846,1.746695868680034,9.107113101060094
-9.375e-05,0.00021874999999999998,-9.375e-05,-5.536582853249672,1.7458785304049826,8.940304593821239
-9.375e-05,0.00021874999999999998,-6.25e-05,-5.536419623868963,1.7450523708100343,8.7743534992
-9.375e-05,0.00021874999999999998,-3.125e-05,-5.53617624154099,1.7442172959338214,8.609247391201212
-9.375e-05,0.00021874999999999998,0.0,-5.535852661845005,1.7433732143583414,8.444973866585851
-9.375e-05,0.00021874999999999998,3.125000000000003e-05,-5.535448844943669,1.7425200372067398,8.281520545251603
-9.375e-05,0.00021874999999999998,6.25e-05,-5.53496475558211,1.7416576781407096,8.118875070608997
-9.375e-05,0.00021874999999999998,9.374999999999997e-05,-5.534400363086709,1.7407860533580701,7.957025109953337
-9.375e-05,0.00021874999999999998,0.000125,-5.533755641363528,1.7399050815899604,7.7959583548324165
-9.375e-05,0.00021874999999999998,0.00015625000000000003,-5.53303056889641,1.739014684097988,7.635662521410054
-9.375e-05,0.00021874999999999998,0.0001875,-5.53222512874483,1.7381147846713485,7.476125350825648
-9.375e-05,0.00021874999999999998,0.00021874999999999998,-5.531339308541261,1.737205309623624,7.317334609549644
-9.375e-05,0.00021874999999999998,0.00025,-5.530373100488437,1.7362861877895963,7.159278089735091
-9.375e-05,0.00025,-0.00025,-5.5354576058543286,1.489391719786546,9.782303207761437
-9.375e-05,0.00025,-0.00021875,-5.535694279001441,1.4884352525430344,9.611935492101079
-9.375e-05,0.00025,-0.0001875,-5.535851100319167,1.487477379534533,9.442475001197373
-9.375e-05,0.00025,-0.00015625,-5.535928002475427,1.4865179841860516,9.273909224470355
-9.375e-05,0.00025,-0.000125,-5.535924922720701,1.485556952461989,9.106225672527836
-9.375e-05,0.00025,-9.375e-05,-5.53584180288869,1.4845941728640084,8.9394118775637
-9.375e-05,0.00025,-6.25e-05,-5.535678589396732,1.4836295364287015,8.773455393751593
-9.375e-05,0.00025,-3.125e-05,-5.5354352332458285,1.4826629367251616,8.60834379763418
-9.375e-05,0.00025,0.0,-5.535111690020399,1.4816942698524185,8.444064688507902
-9.375e-05,0.00025,3.125000000000003e-05,-5.534707919887679,1.4807234344367628,8.280605688803284
-9.375e-05,0.00025,6.25e-05,-5.534223887596814,1.4797503316289207,8.117954444461036
-9.375e-05,0.00025,9.374999999999997e-05,-5.533659562477615,1.4787748651011392,7.956098625303821
-9.375e-05,0.00025,0.000125,-5.533014918439001,1.4777969410441236,7.795025925403833
-9.375e-05,0.00025,0.00015625000000000003,-5.5322899339671086,1.4768164681638667,7.634724063446232
-9.375e-05,0.00025,0.0001875,-5.531484592123094,1.475833357678341,7.475180783088554
-9.375e-05,0.00025,0.00021874999999999998,-5.530598880540593,1.4748475233141065,7.316383853316058
-9.375e-05,0.00025,0.00025,-5.52963279142289,1.473858881302711,7.158321068793159
-6.25e-05,-0.00025,-0.00025,-5.305476768557636,5.698489663522865,9.774573661881053
-6.25e-05,-0.00025,-0.00021875,-5.305830836745608,5.700314588430166,9.605209093125696
-6.25e-05,-0.00025,-0.0001875,-5.306105515844354,5.702025210059756,9.43675210747473
-6.25e-05,-0.00025,-0.00015625,-5.306300753178011,5.7036216105423545,9.269190147668356
-6.25e-05,-0.00025,-0.000125,-5.306416500322765,5.705103874764483,9.102510677614177
-6.25e-05,-0.00025,-9.375e-05,-5.306452713107695,5.706472090372959,8.936701182789067
-6.25e-05,-0.00025,-6.25e-05,-5.3064093516155655,5.707726347778891,8.771749170636397
-6.25e-05,-0.00025,-3.125e-05,-5.306286380183108,5.708866740161692,8.607642170958803
-6.25e-05,-0.00025,0.0,-5.306083767401108,5.709893363472521,8.444367736306496
-6.25e-05,-0.00025,3.125000000000003e-05,-5.30580148611412,5.710806316437644,8.28191344236114
-6.25e-05,-0.00025,6.25e-05,-5.305439513419935,5.711605700561414,8.12026688831547
-6.25e-05,-0.00025,9.374999999999997e-05,-5.304997830668675,5.712291620129036,7.95941569724862
-6.25e-05,-0.00025,0.000125,-5.304476423461651,5.712864182208938,7.799347516497236
-6.25e-05,-0.00025,0.00015625000000000003,-5.303875281649834,5.7133234966550654,7.640050018022472
-6.25e-05,-0.00025,0.0001875,-5.303194399332142,5.713669676108603,7.4815108987729175
-6.25e-05,-0.00025,0.00021874999999999998,-5.30243377485322,5.713902835999716,7.3237178810434935
-6.25e-05,-0.00025,0.00025,-5.301593410801161,5.714023094548766,7.166658712830431
-6.25e-05,-0.00021875,-0.00025,-5.305935344313184,5.432220702404315,9.776366940778628
-6.25e-05,-0.00021875,-0.00021875,-5.3062894320844185,5.433871536438518,9.60689158353398
-6.25e-05,-0.00021875,-0.0001875,-5.30656412447045,5.435415169710699,9.438323883955587
-6.25e-05,-0.00021875,-0.00015625,-5.306759368790262,5.436851671957615,9.270651287529326
-6.25e-05,-0.00021875,-0.000125,-5.306875116615157,5.438181115656029,9.103861260912776
-6.25e-05,-0.00021875,-9.375e-05,-5.306911323769751,5.439403576026553,8.937941292336909
-6.25e-05,-0.00021875,-6.25e-05,-5.3068679503327045,5.440519131037521,8.772878892002932
-6.25e-05,-0.00021875,-3.125e-05,-5.306744960636955,5.441527861408371,8.608661592474851
-6.25e-05,-0.00021875,0.0,-5.306542323269915,5.442429850612858,8.445276949067498
-6.25e-05,-0.00021875,3.125000000000003e-05,-5.3062600110730695,5.44322518488197,8.282712540230126
-6.25e-05,-0.00021875,6.25e-05,-5.305898001141549,5.443913953206564,8.120955967925738
-6.25e-05,-0.00021875,9.374999999999997e-05,-5.305456274823122,5.444496247339754,7.95999485800616
-6.25e-05,-0.00021875,0.000125,-5.304934817717162,5.444972161799013,7.799816860582867
-6.25e-05,-0.00021875,0.00015625000000000003,-5.304333619673012,5.445341793867987,7.640409650393686
-6.25e-05,-0.00021875,0.0001875,-5.303652674788328,5.445605243598124,7.481760927165484
-6.25e-05,-0.00021875,0.00021874999999999998,-5.302891981406903,5.445762613809821,7.323858415972751
-6.25e-05,-0.00021875,0.00025,-5.302051542116251,5.445814010093579,7.166689867592311
-6.25e-05,-0.0001875,-0.00025,-5.30631749419556,5.166469831484423,9.777982581402313
-6.25e-05,-0.0001875,-0.00021875,-5.306671597186855,5.167946587889367,9.608403540903522
-6.25e-05,-0.0001875,-0.0001875,-5.306946299569588,5.169323239123028,9.4397322202432
-6.25e-05,-0.0001875,-0.00015625,-5.307141548658256,5.170599842521558,9.271956067637433
-6.25e-05,-0.0001875,-0.000125,-5.307257296020042,5.17177645814554,9.105062552477909
-6.25e-05,-0.0001875,-9.375e-05,-5.307293497475745,5.172853148783594,8.93903916573334
-6.25e-05,-0.0001875,-6.25e-05,-5.307250113100459,5.173829979955789,8.773873420346117
-6.25e-05,-0.0001875,-3.125e-05,-5.307127107223925,5.174707019916544,8.609552851624525
-6.25e-05,-0.0001875,0.0,-5.30692444843058,5.175484339657565,8.446065017630563
-6.25e-05,-0.0001875,3.125000000000003e-05,-5.306642109559324,5.176162012910346,8.283397499563232
-6.25e-05,-0.0001875,6.25e-05,-5.3062800677029065,5.176740116148445,8.121537902137595
-6.25e-05,-0.0001875,9.374999999999997e-05,-5.305838304207107,5.177218728589508,7.960473853959669
-6.25e-05,-0.0001875,0.000125,-5.305316804669528,5.1775979321970835,7.8001930078968424
-6.25e-05,-0.0001875,0.00015625000000000003,-5.304715558938113,5.177877811681984,7.640683041444444
-6.25e-05,-0.0001875,0.0001875,-5.304034561109367,5.178058454503689,7.481931657088079
-6.25e-05,-0.0001875,0.00021874999999999998,-5.303273809526238,5.178139950871219,7.3239265826619695
-6.25e-05,-0.0001875,0.00025,-5.302433306775753,5.178122393743841,7.16665557170341
-6.25e-05,-0.00015625,-0.00025,-5.306623177502348,4.9012187851969875,9.779420602661855
-6.25e-05,-0.00015625,-0.00021875,-5.306977291347196,4.9025214816981615,9.60974497729211
-6.25e-05,-0.00015625,-0.0001875,-5.307252000433235,4.903731161833173,9.440977121536877
-6.25e-05,-0.00015625,-0.00015625,-5.307447252071311,4.904847870531533,9.273104486327314
-6.25e-05,-0.00015625,-0.000125,-5.3075629978251735,4.905871655432085,9.106114543773767
-6.25e-05,-0.00015625,-9.375e-05,-5.307599193512427,4.906802566886254,8.939994787566803
-6.25e-05,-0.00015625,-6.25e-05,-5.3075557992052245,4.907640657960929,8.774732733373696
-6.25e-05,-0.00015625,-3.125e-05,-5.307432779230595,4.908385984441159,8.610315919230338
-6.25e-05,-0.00015625,0.0,-5.307230102170518,4.909038604832559,8.44673190592882
-6.25e-05,-0.00015625,3.125000000000003e-05,-5.306947740861663,4.9095985803634905,8.283968277400465
-6.25e-05,-0.00015625,6.25e-05,-5.306585672394807,4.910065974986972,8.122012641094667
-6.25e-05,-0.00015625,9.374999999999997e-05,-5.3061438781139865,4.910440855382358,7.960852628353433
-6.25e-05,-0.00015625,0.000125,-5.30562234361531,4.910723290956744,7.80047589478162
-6.25e-05,-0.00015625,0.00015625000000000003,-5.305021058745465,4.910913353846148,7.640870120613277
-6.25e-05,-0.00015625,0.0001875,-5.304340017599945,4.9110111189164,7.482023011073585
-6.25e-05,-0.00015625,0.00021874999999999998,-5.303579218520924,4.91101666376384,7.323922296737132
-6.25e-05,-0.00015625,0.00025,-5.302738664094883,4.9109300687156505,7.16655573388192
-6.25e-05,-0.000125,-0.00025,-5.306852357957591,4.636449305995286,9.7806810278812
-6.25e-05,-0.000125,-0.00021875,-5.3072064782863855,4.637577964803712,9.610915909310659
-6.25e-05,-0.000125,-0.0001875,-5.307481190779838,4.638620689404656,9.442058597728566
-6.25e-05,-0.000125,-0.00015625,-5.307676442745885,4.639577512315637,9.27409654676654
-6.25e-05,-0.000125,-0.000125,-5.3077921857455355,4.640448468748831,9.107017231238453
-6.25e-05,-0.000125,-9.375e-05,-5.307828375593871,4.641233596613897,8.940808147541247
-6.25e-05,-0.000125,-6.25e-05,-5.307784972360659,4.641932936520431,8.775456814051147
-6.25e-05,-0.000125,-3.125e-05,-5.3076619403707745,4.6425465317802574,8.61095077151539
-6.25e-05,-0.000125,0.0,-5.307459248204184,4.643074428409486,8.447277583439455
-6.25e-05,-0.000125,3.125000000000003e-05,-5.307176868695756,4.643516675130293,8.284424836469976
-6.25e-05,-0.000125,6.25e-05,-5.3068147789346325,4.643873323372483,8.122380140773242
-6.25e-05,-0.000125,9.374999999999997e-05,-5.30637296026342,4.644144427274798,7.961131130409509
-6.25e-05,-0.000125,0.000125,-5.305851398276948,4.644330043686007,7.800665463703071
-6.25e-05,-0.000125,0.00015625000000000003,-5.305250082820844,4.644430232165717,7.640970823608192
-6.25e-05,-0.000125,0.0001875,-5.30456900798969,4.644445054984954,7.482034918070991
-6.25e-05,-0.000125,0.00021874999999999998,-5.30380817212496,4.644374577126565,7.3238454803872965
-6.25e-05,-0.000125,0.00025,-5.302967577812599,4.644218866285267,7.1663902695565485
-6.25e-05,-9.375e-05,-0.00025,-5.307005003713021,4.372143144886876,9.781763884802448
-6.25e-05,-9.375e-05,-0.00021875,-5.30735912615344,4.373097792702679,9.61191635812682
-6.25e-05,-9.375e-05,-0.0001875,-5.307633838756151,4.373973581962097,9.442976663406405
-6.25e-05,-9.375e-05,-0.00015625,-5.307829088826922,4.374770532766124,9.274932256958968
-6.25e-05,-9.375e-05,-0.000125,-5.307944827924751,4.375488667896045,9.10777061628714
-6.25e-05,-9.375e-05,-9.375e-05,-5.307981011862813,4.376128012815829,8.941479240479104
-6.25e-05,-9.375e-05,-6.25e-05,-5.307937600709108,4.37668859567424,8.776045650604509
-6.25e-05,-9.375e-05,-3.125e-05,-5.307814558786853,4.37717044730672,8.611457390105961
-6.25e-05,-9.375e-05,0.0,-5.307611854674507,4.3775736012370485,8.4477020251861
-6.25e-05,-9.375e-05,3.125000000000003e-05,-5.307329461205522,4.377898093678718,8.284767145190147
-6.25e-05,-9.375e-05,6.25e-05,-5.306967355467779,4.378143963536234,8.122640362984239
-6.25e-05,-9.375e-05,9.374999999999997e-05,-5.306525518802721,4.378311252405965,7.9613093153295615
-6.25e-05,-9.375e-05,0.000125,-5.306003936804162,4.378400004576929,7.800761663252043
-6.25e-05,-9.375e-05,0.00015625000000000003,-5.305402599316821,4.378410267031275,7.640985092408171
-6.25e-05,-9.375e-05,0.0001875,-5.304721500434509,4.378342089444559,7.481967313446596
-6.25e-05,-9.375e-05,0.00021874999999999998,-5.303960638498038,4.378195524185782,7.32369606236573
-6.25e-05,-9.375e-05,0.00025,-5.303120016092848,4.377970626317138,7.166159100867447
-6.25e-05,-6.25e-05,-0.00025,-5.307081087349262,4.108282061965829,9.782669205589038
-6.25e-05,-6.25e-05,-0.00021875,-5.307435207526559,4.109062729981194,9.612746349468182
-6.25e-05,-6.25e-05,-0.0001875,-5.307709916938312,4.109771608722547,9.443731337857697
-6.25e-05,-6.25e-05,-0.00015625,-5.307905162888934,4.110408705870415,9.275611629747482
-6.25e-05,-6.25e-05,-0.000125,-5.308020896936087,4.110974031771624,9.108374705314601
-6.25e-05,-6.25e-05,-9.375e-05,-5.308057074891707,4.111467599441278,8.942008066323655
-6.25e-05,-6.25e-05,-6.25e-05,-5.308013656822595,4.111889424564388,8.776499236522517
-6.25e-05,-6.25e-05,-3.125e-05,-5.307890607050857,4.11223952549747,8.611835762033621
-6.25e-05,-6.25e-05,0.0,-5.307687894153894,4.11251792326973,8.448005211740728
-6.25e-05,-6.25e-05,3.125000000000003e-05,-5.307405490964168,4.112724641584159,8.284995177671352
-6.25e-05,-6.25e-05,6.25e-05,-5.307043374568642,4.112859706818341,8.122793275374832
-6.25e-05,-6.25e-05,9.374999999999997e-05,-5.306601526307904,4.112923148025081,7.961387144296156
-6.25e-05,-6.25e-05,0.000125,-5.306079931774966,4.112914996932745,7.800764448145575
-6.25e-05,-6.25e-05,0.00015625000000000003,-5.305478580813839,4.112835287945511,7.640912875264083
-6.25e-05,-6.25e-05,0.0001875,-5.304797467517661,4.1126840581431985,7.481820138984818
-6.25e-05,-6.25e-05,0.00021874999999999998,-5.304036590226669,4.1124613472810845,7.323473977990468
-6.25e-05,-6.25e-05,0.00025,-5.303195951525745,4.112167197789346,7.16586215666671
-6.25e-05,-3.125e-05,-0.00025,-5.30708058587649,3.8448478269425115,9.783397026828816
-6.25e-05,-3.125e-05,-0.00021875,-5.307434699413761,3.845454550844351,9.613405913624984
-6.25e-05,-3.125e-05,-0.0001875,-5.307709402332587,3.8459965485243592,9.444322645071388
-6.25e-05,-3.125e-05,-0.00015625,-5.3079046419367355,3.846473815239453,9.276134682816409
-6.25e-05,-3.125e-05,-0.000125,-5.308020369783268,3.846886348899135,9.10882950969746
-6.25e-05,-3.125e-05,-9.375e-05,-5.3080565416835,3.8472341500670035,8.94239463014109
-6.25e-05,-3.125e-05,-6.25e-05,-5.308013117703648,3.8475172219621827,8.776817570558539
-6.25e-05,-3.125e-05,-3.125e-05,-5.307890062165225,3.847735570460254,8.612085879736778
-6.25e-05,-3.125e-05,0.0,-5.307687343645034,3.847889204094268,8.448187129225085
-6.25e-05,-3.125e-05,3.125000000000003e-05,-5.307404934974983,3.847978134055375,8.285108913717261
-6.25e-05,-3.125e-05,6.25e-05,-5.307042813241442,3.8480023741932854,8.122838851429439
-6.25e-05,-3.125e-05,9.374999999999997e-05,-5.3066009597844515,3.847961941016528,7.961364584473742
-6.25e-05,-3.125e-05,0.000125,-5.306079360196471,3.8478568536925333,7.800673779227664
-6.25e-05,-3.125e-05,0.00015625000000000003,-5.305478004320949,3.847687134047346,7.64075412669932
-6.25e-05,-3.125e-05,0.0001875,-5.304796886250496,3.847452806565405,7.481593342888646
-6.25e-05,-3.125e-05,0.00021874999999999998,-5.304036004324804,3.84715389838883,7.323179169144584
-6.25e-05,-3.125e-05,0.00025,-5.303195361128253,3.8467904393166297,7.1654993725183065
-6.25e-05,0.0,-0.00025,-5.307003480734911,3.581822219671132,9.783947389536404
-6.25e-05,0.0,-0.00021875,-5.30735758325346,3.5822550396432327,9.613895085452441
-6.25e-05,0.0,-0.0001875,-5.307632276375803,3.5826301903539406,9.444750613740272
-6.25e-05,0.0,-0.00015625,-5.3078275074058885,3.5829476546340544,9.276501438693446
-6.25e-05,0.0,-0.000125,-5.3079432279008465,3.583207417953556,9.109135045795938
-6.25e-05,0.0,-9.375e-05,-5.307979393672042,3.5834094684227296,8.942638942122104
-6.25e-05,0.0,-6.25e-05,-5.307935964785678,3.583553796793101,8.777000656731932
-6.25e-05,0.0,-3.125e-05,-5.307812905563193,3.5836403964580867,8.612207741062026
-6.25e-05,0.0,0.0,-5.3076101845812955,3.583669263453558,8.448247769311832
-6.25e-05,0.0,3.125000000000003e-05,-5.30732777467171,3.5836403964580867,8.285108338825705
-6.25e-05,0.0,6.25e-05,-5.306965652920607,3.583553796793101,8.12277707047054
-6.25e-05,0.0,9.374999999999997e-05,-5.306523800667743,3.5834094684227296,7.961241609009177
-6.25e-05,0.0,0.000125,-5.3060022035052645,3.583207417953556,7.800489623469602
-6.25e-05,0.0,0.00015625000000000003,-5.305400851276255,3.5829476546340544,7.640508807509963
-6.25e-05,0.0,0.0001875,-5.304719738072894,3.5826301903539406,7.481286879779609
-6.25e-05,0.0,0.00021874999999999998,-5.303958862234418,3.5822550396432327,7.322811584276022
-6.25e-05,0.0,0.00025,-5.303118226344649,3.581822219671132,7.165070690697857
-6.25e-05,3.125000000000003e-05,-0.00025,-5.306849757794866,3.3191870306749105,9.784320339155311
-6.25e-05,3.125000000000003e-05,-0.00021875,-5.307203844914448,3.319445991399651,9.61421390437258
-6.25e-05,3.125000000000003e-05,-0.0001875,-5.307478524935497,3.3196543338699347,9.445015277262655
-6.25e-05,3.125000000000003e-05,-0.00015625,-5.307673745162831,3.319812028488648,9.276711924751169
-6.25e-05,3.125000000000003e-05,-0.000125,-5.307789457154397,3.319919048284758,9.109291334955204
-6.25e-05,3.125000000000003e-05,-9.375e-05,-5.307825616722234,3.3199753689140215,8.94274101758299
-6.25e-05,3.125000000000003e-05,-6.25e-05,-5.307782183933126,3.3199809686593875,8.77704850432906
-6.25e-05,3.125000000000003e-05,-3.125e-05,-5.307659123108988,3.3199358284314555,8.612201349264897
-6.25e-05,3.125000000000003e-05,0.0,-5.307456402826865,3.319839931768473,8.448187129225085
-6.25e-05,3.125000000000003e-05,3.125000000000003e-05,-5.307173995918745,3.319693264836334,8.284993444189142
-6.25e-05,3.125000000000003e-05,6.25e-05,-5.306811879470921,3.319495816428285,8.122607917658916
-6.25e-05,3.125000000000003e-05,9.374999999999997e-05,-5.3063700348231855,3.319247577964497,7.9610181970318425
-6.25e-05,3.125000000000003e-05,0.000125,-5.3058484475676,3.3189485434913597,7.800211953969921
-6.25e-05,3.125000000000003e-05,0.00015625000000000003,-5.305247107547045,3.3185987096807548,7.640176884764559
-6.25e-05,3.125000000000003e-05,0.0001875,-5.304566008853406,3.318198075828889,7.480900710697378
-6.25e-05,3.125000000000003e-05,0.00021874999999999998,-5.30380514982549,3.317746643855172,7.32237117839699
-6.25e-05,3.125000000000003e-05,0.00025,-5.302964533046629,3.317244418300792,7.164576060191813
-6.25e-05,6.25e-05,-0.00025,-5.30661940735666,3.0569240616692257,9.784515925559443
-6.25e-05,6.25e-05,-0.00021875,-5.3069734746958535,3.0570092123288695,9.614362414375655
-6.25e-05,6.25e-05,-0.0001875,-5.307248138309688,3.0570507899255164,9.445116673743566
-6.25e-05,6.25e-05,-0.00015625,-5.307443345504679,3.0570487524331384,9.276766173208117
-6.25e-05,6.25e-05,-0.000125,-5.307559047840261,3.057003060438877,9.109298403506253
-6.25e-05,6.25e-05,-9.375e-05,-5.3075952011298195,3.0569136771432888,8.942700876966486
-6.25e-05,6.25e-05,-6.25e-05,-5.307551765441286,3.056780568360586,8.776961127903826
-6.25e-05,6.25e-05,-3.125e-05,-5.307428705097572,3.05660370251837,8.612066713010263
-6.25e-05,6.25e-05,0.0,-5.307225988676563,3.0563830506575256,8.448005211740728
-6.25e-05,6.25e-05,3.125000000000003e-05,-5.306943589010883,3.0561185864316807,8.284764226694708
-6.25e-05,6.25e-05,6.25e-05,-5.306581483187332,3.055810286106633,8.122331383993522
-6.25e-05,6.25e-05,9.374999999999997e-05,-5.306139652546016,3.055458128559485,7.960694333653324
-6.25e-05,6.25e-05,0.000125,-5.30561808267914,3.055062095277755,7.799840749953923
-6.25e-05,6.25e-05,0.00015625000000000003,-5.305016763429584,3.0546221703580434,7.6397583318034465
-6.25e-05,6.25e-05,0.0001875,-5.3043356888890365,3.0541383405048657,7.480434803098948
-6.25e-05,6.25e-05,0.00021874999999999998,-5.303574857395963,3.053610595028979,7.321857913082993
-6.25e-05,6.25e-05,0.00025,-5.302734271533143,3.053038925845708,7.164015436696303
-6.25e-05,9.374999999999997e-05,-0.00025,-5.3063124241500494,2.7950151260827436,9.784534203054331
-6.25e-05,9.374999999999997e-05,-0.00021875,-5.306666467326492,2.7949265203602667,9.614340664021135
-6.25e-05,9.374999999999997e-05,-0.0001875,-5.306941111226419,2.794801381088745,9.4450548459956
-6.25e-05,9.374999999999997e-05,-0.00015625,-5.307136303158742,2.7946396538128084,9.276664221129415
-6.25e-05,9.374999999999997e-05,-0.000125,-5.307251994685122,2.794441286677644,9.109156282766397
-6.25e-05,9.374999999999997e-05,-9.375e-05,-5.307288141620909,2.794206230428818,8.94251854584196
-6.25e-05,9.374999999999997e-05,-6.25e-05,-5.3072447040357975,2.793934438411995,8.77673854727782
-6.25e-05,9.374999999999997e-05,-3.125e-05,-5.307121646254215,2.793625866572462,8.61180384637228
-6.25e-05,9.374999999999997e-05,0.0,-5.306918936855345,2.7932804734544683,8.4477020251861
-6.25e-05,9.374999999999997e-05,3.125000000000003e-05,-5.306636548672884,2.792898220200464,8.284420688923827
-6.25e-05,9.374999999999997e-05,6.25e-05,-5.306274458794468,2.792479070550001,8.121947466310928
-6.25e-05,9.374999999999997e-05,9.374999999999997e-05,-5.305832648560817,2.792022990838682,7.960270009966706
-6.25e-05,9.374999999999997e-05,0.000125,-5.305311103564533,2.79152994999676,7.799375996772785
-6.25e-05,9.374999999999997e-05,0.00015625000000000003,-5.304709813648642,2.7909999195476582,7.639253128237724
-6.25e-05,9.374999999999997e-05,0.0001875,-5.304028772904777,2.7904328736062824,7.479889130857401
-6.25e-05,9.374999999999997e-05,0.00021874999999999998,-5.30326797967109,2.789828788877164,7.321271756471414
-6.25e-05,9.374999999999997e-05,0.00025,-5.302427436529876,2.7891876446524826,7.163388782615563
-6.25e-05,0.000125,-0.00025,-5.305928807333454,2.533442049576511,9.784375230377744
-6.25e-05,0.000125,-0.00021875,-5.306282821964221,2.533179745656015,9.614148706438238
-6.25e-05,0.000125,-0.0001875,-5.306557442842929,2.5328879421605897,9.444829841539292
-6.25e-05,0.000125,-0.00015625,-5.306752617281711,2.532566572205915,9.276406110426976
-6.25e-05,0.000125,-0.000125,-5.306868296845123,2.5322155714957995,9.108865009039278
-6.25e-05,0.000125,-9.375e-05,-5.306904437351151,2.531834878321518,8.942194054905327
-6.25e-05,0.000125,-6.25e-05,-5.30686099887182,2.531424433561223,8.776380787539987
-6.25e-05,0.000125,-3.125e-05,-5.306737945733619,2.5309841806790447,8.611412768833967
-6.25e-05,0.000125,0.0,-5.30653524651748,2.5305140657240326,8.447277583439455
-6.25e-05,0.000125,3.125000000000003e-05,-5.3062528740586,2.5300140373290088,8.283962839151396
-6.25e-05,0.000125,6.25e-05,-5.305890805445793,2.5294840467091704,8.121456167284402
-6.25e-05,0.000125,9.374999999999997e-05,-5.3054490220207,2.5289240476606163,7.959745223045429
-6.25e-05,0.000125,0.000125,-5.304927509376536,2.5283339965586236,7.798817685902247
-6.25e-05,0.000125,0.00015625000000000003,-5.304326257356671,2.5277138523558347,7.6386612599477575
-6.25e-05,0.000125,0.0001875,-5.303645260052781,2.527063576580293,7.479263674260266
-6.25e-05,0.000125,0.00021874999999999998,-5.302884515802795,2.5263831333331623,7.32061268325972
-6.25e-05,0.000125,0.00025,-5.302044027188463,2.5256724892865283,7.162696067060006
-6.25e-05,0.00015625000000000003,-0.00025,-5.305468560492801,2.2721866705613385,9.784039070700045
-6.25e-05,0.00015625000000000003,-0.00021875,-5.305822542194656,2.2717507311279643,9.613786599325998
-6.25e-05,0.00015625000000000003,-0.0001875,-5.306097136744536,2.2712923206915763,9.444441712602972
-6.25e-05,0.00015625000000000003,-0.00015625,-5.3062922914585275,2.2708113599399393,9.275991887859274
-6.25e-05,0.00015625000000000003,-0.000125,-5.306407957904815,2.270307772136663,9.108424623614482
-6.25e-05,0.00015625000000000003,-9.375e-05,-5.306444091904635,2.269781483120232,8.94172743997849
-6.25e-05,0.00015625000000000003,-6.25e-05,-5.306400653532962,2.269232421302901,8.775887879045957
-6.25e-05,0.00015625000000000003,-3.125e-05,-5.306277607118845,2.2686605176694377,8.610893505286214
-6.25e-05,0.00015625000000000003,0.0,-5.30607492124547,2.268065705775704,8.44673190592882
-6.25e-05,0.00015625000000000003,3.125000000000003e-05,-5.305792568749912,2.267447921747106,8.28339069134459
-6.25e-05,0.00015625000000000003,6.25e-05,-5.305430526722544,2.2668071042768574,8.120857495422406
-6.25e-05,0.00015625000000000003,9.374999999999997e-05,-5.304988776506194,2.2661431946241275,7.9591199759417455
-6.25e-05,0.00015625000000000003,0.000125,-5.304467303694952,2.265456136612004,7.798165814940905
-6.25e-05,0.00015625000000000003,0.00015625000000000003,-5.303866098132682,2.264745876625325,7.637982719081318
-6.25e-05,0.00015625000000000003,0.0001875,-5.3031851539112465,2.2640123636083507,7.478558420007489
-6.25e-05,0.00015625000000000003,0.00021874999999999998,-5.302424469368384,2.263255549062286,7.319880674703244
-6.25e-05,0.00015625000000000003,0.00025,-5.301584047085336,2.2624753870426746,7.161937265843729
-6.25e-05,0.0001875,-0.00025,-5.30493169164017,2.0112308407133943,9.783525791623873
-6.25e-05,0.0001875,-0.00021875,-5.305285636029873,2.0106213329528857,9.61325440495296
-6.25e-05,0.0001875,-0.0001875,-5.30556020094321,2.0099963774964498,9.443890516122334
-6.25e-05,0.0001875,-0.00015625,-5.305755333700971,2.0093558826056874,9.275421605030644
-6.25e-05,0.0001875,-0.000125,-5.305870985875662,2.008699759105993,9.10783517276667
-6.25e-05,0.0001875,-9.375e-05,-5.305907113292438,2.0080279203851257,8.941118742008298
-6.25e-05,0.0001875,-6.25e-05,-5.305863676029784,2.0073402823916786,8.775259857416792
-6.25e-05,0.0001875,-3.125e-05,-5.305740638419861,2.0066367636335274,8.610246086026557
-6.25e-05,0.0001875,0.0,-5.305537969048559,2.0059172851759577,8.446065017630563
-6.25e-05,0.0001875,3.125000000000003e-05,-5.30525564075526,2.005181770639725,8.2827042651612
-6.25e-05,0.0001875,6.25e-05,-5.304893630632232,2.004430146199023,8.12015146506692
-6.25e-05,0.0001875,9.374999999999997e-05,-5.3044519200238005,2.003662340579212,7.958394277684709
-6.25e-05,0.0001875,0.000125,-5.303930494525147,2.0028782850544493,7.797420387608082
-6.25e-05,0.0001875,0.00015625000000000003,-5.3033293439808284,2.00207791344526,7.6372175040512325
-6.25e-05,0.0001875,0.0001875,-5.302648462482989,2.00126116211579,7.477773361208948
-6.25e-05,0.0001875,0.00021874999999999998,-5.3018878483692555,2.000427969971035,7.319075718612533
-6.25e-05,0.0001875,0.00025,-5.301047504220363,1.9995782784539764,7.161112361481848
-6.25e-05,0.00021874999999999998,-0.00025,-5.304318213211923,1.7505564254881736,9.782835465183668
-6.25e-05,0.00021874999999999998,-0.00021875,-5.304672115906601,1.7497734210859006,9.612552190156341
-6.25e-05,0.00021874999999999998,-0.0001875,-5.3049466478758145,1.7489819871672299,9.443176313739489
-6.25e-05,0.00021874999999999998,-0.00015625,-5.305141756445893,1.7481820195700957,9.274695318390247
-6.25e-05,0.00021874999999999998,-0.000125,-5.305257393194351,1.7473734166842207,9.10709670775439
-6.25e-05,0.00021874999999999998,-9.375e-05,-5.305293513950884,1.7465560794494142,8.940368007065208
-6.25e-05,0.00021874999999999998,-6.25e-05,-5.305250078798115,1.745729911353578,8.774496763537522
-6.25e-05,0.00021874999999999998,-3.125e-05,-5.3051270520718,1.7448948184307131,8.609470546757429
-6.25e-05,0.00021874999999999998,0.0,-5.304924402361051,1.7440507092587252,8.445276949067498
-6.25e-05,0.00021874999999999998,3.125000000000003e-05,-5.3046421025079145,1.7431974949571143,8.281903585947548
-6.25e-05,0.00021874999999999998,6.25e-05,-5.304280129606959,1.7423350891845348,8.119338096391148
-6.25e-05,0.00021874999999999998,9.374999999999997e-05,-5.303838465004255,1.7414634081362135,7.957568143277862
-6.25e-05,0.00021874999999999998,0.000125,-5.3033170942963554,1.7405823705412367,7.796581413741253
-6.25e-05,0.00021874999999999998,0.00015625000000000003,-5.302716007328644,1.7396918976597233,7.636365619532764
-6.25e-05,0.00021874999999999998,0.0001875,-5.302035198193693,1.738791913279804,7.47690849738158
-6.25e-05,0.00021874999999999998,0.00021874999999999998,-5.301274665229085,1.7378823437145987,7.318197809350389
-6.25e-05,0.00021874999999999998,0.00025,-5.30043441101499,1.73696311779891,7.1602213431872705
-6.25e-05,0.00025,-0.00025,-5.303628142066788,1.4901453046329995,9.781968167844443
-6.25e-05,0.00025,-0.00021875,-5.303981998684142,1.4891888797726074,9.611680026340828
-6.25e-05,0.00025,-0.0001875,-5.3042564944021,1.4882310385848938,9.442299171801494
-6.25e-05,0.00025,-0.00015625,-5.30445157655319,1.4872716644872683,9.273813089230408
-6.25e-05,0.00025,-0.000125,-5.304567196720702,1.4863106434371596,9.106209284818304
-6.25e-05,0.00025,-9.375e-05,-5.304603310739527,1.4853478639297644,8.939475286341318
-6.25e-05,0.00025,-6.25e-05,-5.304559878696951,1.484383216995887,8.773598643555014
-6.25e-05,0.00025,-3.125e-05,-5.304436864932933,1.483416596199319,8.60856692858389
-6.25e-05,0.00025,0.0,-5.3042342380401974,1.482447897634422,8.444367736306496
-6.25e-05,0.00025,3.125000000000003e-05,-5.303951970863945,1.4814770199233687,8.280988684736052
-6.25e-05,0.00025,6.25e-05,-5.30359004050132,1.4805038642133643,8.118417415396856
-6.25e-05,0.00025,9.374999999999997e-05,-5.303148428300507,1.479528334173687,7.956641593696367
-6.25e-05,0.00025,0.000125,-5.302627119859588,1.4785503359927046,7.79564890929311
-6.25e-05,0.00025,0.00015625000000000003,-5.302026105025013,1.477569778374558,7.635427076460418
-6.25e-05,0.00025,0.0001875,-5.301345377889888,1.476586572536046,7.475963834446152
-6.25e-05,0.00025,0.00021874999999999998,-5.300584936791754,1.4756006322030575,7.317246947828362
-6.25e-05,0.00025,0.00025,-5.299744784310313,1.4746118736070977,7.15926420686704
-3.125e-05,-0.00025,-0.00025,-5.073274155426379,5.697960197119926,9.774121468792814
-3.125e-05,-0.00025,-0.00021875,-5.073745377537319,5.6997850877495795,9.604836016212133
-3.125e-05,-0.00025,-0.0001875,-5.0741377069004665,5.701495682617929,9.436458194120288
-3.125e-05,-0.00025,-0.00015625,-5.0744511055075305,5.703092063860549,9.26897544117222
-3.125e-05,-0.00025,-0.000125,-5.07468553927011,5.7045743163684834,9.102375217189035
-3.125e-05,-0.00025,-9.375e-05,-5.074840978020925,5.705942527792609,8.936645003560143
-3.125e-05,-0.00025,-6.25e-05,-5.074917395514775,5.707196788547767,8.771772303640768
-3.125e-05,-0.00025,-3.125e-05,-5.074914769429193,5.70833719181665,8.607744643145065
-3.125e-05,-0.00025,0.0,-5.074833081364817,5.7093638335532955,8.444549570534699
-3.125e-05,-0.00025,3.125000000000003e-05,-5.074672316845463,5.710276812486486,8.282174657403033
-3.125e-05,-0.00025,6.25e-05,-5.074432465317915,5.711076230122645,8.12060749885503
-3.125e-05,-0.00025,9.374999999999997e-05,-5.074113520151416,5.711762190748677,7.959835713882893
-3.125e-05,-0.00025,0.000125,-5.073715478636882,5.712334801434312,7.7998469457374755
-3.125e-05,-0.00025,0.00015625000000000003,-5.073238341985805,5.712794172034352,7.640628862295562
-3.125e-05,-0.00025,0.0001875,-5.072682115328894,5.713140415190503,7.482169156423113
-3.125e-05,-0.00025,0.00021874999999999998,-5.072046807714393,5.713373646332993,7.3244555463344625
-3.125e-05,-0.00025,0.00025,-5.0713324321061295,5.713493983681917,7.167475775947559
-3.125e-05,-0.00021875,-0.00025,-5.073797632517116,5.43176813418514,9.775914712688419
-3.125e-05,-0.00021875,-0.00021875,-5.0742688980885085,5.433418939455343,9.606518478580977
-3.125e-05,-0.00021875,-0.0001875,-5.074661263278044,5.434962550376891,9.438029949528982
-3.125e-05,-0.00021875,-0.00015625,-5.074974690073472,5.436399036690834,9.270436566932684
-3.125e-05,-0.00021875,-0.000125,-5.075209144382848,5.437728470877741,9.103725793362806
-3.125e-05,-0.00021875,-9.375e-05,-5.075364596035726,5.438950928161845,8.937885112962455
-3.125e-05,-0.00021875,-6.25e-05,-5.07544101878413,5.44006648651467,8.772902031844321
-3.125e-05,-0.00021875,-3.125e-05,-5.075438390303193,5.441075226658485,8.608764078483599
-3.125e-05,-0.00021875,0.0,-5.075356692191545,5.44197723206962,8.44545880410617
-3.125e-05,-0.00021875,3.125000000000003e-05,-5.07519590997138,5.44277258898118,8.282973783072613
-3.125e-05,-0.00021875,6.25e-05,-5.074956033088238,5.443461386385915,8.1212966132578
-3.125e-05,-0.00021875,9.374999999999997e-05,-5.074637054910508,5.444043716038375,7.960414916426238
-3.125e-05,-0.00021875,0.000125,-5.074238972728638,5.444519672457216,7.800316338603253
-3.125e-05,-0.00021875,0.00015625000000000003,-5.073761787754035,5.444889352926898,7.640988550441926
-3.125e-05,-0.00021875,0.0001875,-5.073205505117705,5.445152857499268,7.482419247586124
-3.125e-05,-0.00021875,0.00021874999999999998,-5.0725701338685685,5.445310288994923,7.324596151029374
-3.125e-05,-0.00021875,0.00025,-5.071855686971553,5.445361753004086,7.167507007469855
-3.125e-05,-0.0001875,-0.00025,-5.074243698501996,5.166094199918576,9.777530324376901
-3.125e-05,-0.0001875,-0.00021875,-5.074715000866188,5.167570933076504,9.60803041287489
-3.125e-05,-0.0001875,-0.0001875,-5.07510739634844,5.168947566372972,9.439438268604633
-3.125e-05,-0.0001875,-0.00015625,-5.075420846933155,5.170224157147698,9.271741335696236
-3.125e-05,-0.0001875,-0.000125,-5.0756553185253255,5.171400765464565,9.104927079454212
-3.125e-05,-0.0001875,-9.375e-05,-5.0758107809518025,5.172477454115219,8.938982986759111
-3.125e-05,-0.0001875,-6.25e-05,-5.075887207962199,5.1734542886224055,8.773896566464506
-3.125e-05,-0.0001875,-3.125e-05,-5.0758845772296075,5.174331337242995,8.609655349789518
-3.125e-05,-0.0001875,0.0,-5.075802870350908,5.175108670970857,8.446246890706904
-3.125e-05,-0.0001875,3.125000000000003e-05,-5.075642072846885,5.175786363539325,8.28365876632667
-3.125e-05,-0.0001875,6.25e-05,-5.075402174162008,5.176364491423554,8.121878577275455
-3.125e-05,-0.0001875,9.374999999999997e-05,-5.075083167663928,5.1768431338424685,7.960893948071612
-3.125e-05,-0.0001875,0.000125,-5.074685050642653,5.177222372760601,7.800692527496083
-3.125e-05,-0.0001875,0.00015625000000000003,-5.074207824309517,5.177502292889526,7.641261988959147
-3.125e-05,-0.0001875,0.0001875,-5.073651493795746,5.1776829816891325,7.482590030863061
-3.125e-05,-0.0001875,0.00021874999999999998,-5.073016068150841,5.177764529368588,7.324664376960804
-3.125e-05,-0.0001875,0.00025,-5.072301560340587,5.17774702888703,7.167472776710703
-3.125e-05,-0.00015625,-0.00025,-5.074612321359594,4.900920124538114,9.778968322771405
-3.125e-05,-0.00015625,-0.00021875,-5.075083653845892,4.90222280331226,9.609371831154574
-3.125e-05,-0.00015625,-0.0001875,-5.075476074084679,4.903432469926021,9.440683156548886
-3.125e-05,-0.00015625,-0.00015625,-5.075789544057545,4.904549169311801,9.272889745799318
-3.125e-05,-0.00015625,-0.000125,-5.076024029666938,4.90557294911112,9.105979066928729
-3.125e-05,-0.00015625,-9.375e-05,-5.076179500737421,4.906503859677882,8.939938609539322
-3.125e-05,-0.00015625,-6.25e-05,-5.07625593101662,4.907341954081204,8.774755885209256
-3.125e-05,-0.00015625,-3.125e-05,-5.076253298175897,4.9080872881081365,8.610418427885014
-3.125e-05,-0.00015625,0.0,-5.076171583810663,4.908739920266066,8.446913794269193
-3.125e-05,-0.00015625,3.125000000000003e-05,-5.076010773440543,4.909299911784904,8.284229564203867
-3.125e-05,-0.00015625,6.25e-05,-5.075770856509064,4.909767326618984,8.12235334104972
-3.125e-05,-0.00015625,9.374999999999997e-05,-5.075451826383247,4.910142231448754,7.961272752060869
-3.125e-05,-0.00015625,0.000125,-5.075053680352727,4.910424695682174,7.8009754487554765
-3.125e-05,-0.00015625,0.00015625000000000003,-5.074576419628724,4.9106147914559,7.641449107282227
-3.125e-05,-0.00015625,0.0001875,-5.0740200493426535,4.910712593636149,7.482681428782786
-3.125e-05,-0.00015625,0.00021874999999999998,-5.073384578544455,4.91071817981945,7.32466013975016
-3.125e-05,-0.00015625,0.00025,-5.072670020200625,4.910631630332961,7.167372992383175
-3.125e-05,-0.000125,-0.00025,-5.074903473075574,4.636227646279574,9.780228731199
-3.125e-05,-0.000125,-0.00021875,-5.07537482901064,4.637356292883666,9.610542750033538
-3.125e-05,-0.000125,-0.0001875,-5.0757672684675255,4.638399008381532,9.441764623255867
-3.125e-05,-0.000125,-0.00015625,-5.076080753425582,4.639355825292915,9.273881800411191
-3.125e-05,-0.000125,-0.000125,-5.076315249785202,4.640226778832144,9.106881752225718
-3.125e-05,-0.000125,-9.375e-05,-5.076470727369114,4.641011906910732,8.940751971007774
-3.125e-05,-0.000125,-6.25e-05,-5.076547159923368,4.641711250140024,8.775479971044335
-3.125e-05,-0.000125,-3.125e-05,-5.076544525117871,4.642324851833452,8.611053288992975
-3.125e-05,-0.000125,0.0,-5.076462804546913,4.6428527580084795,8.44745948426953
-3.125e-05,-0.000125,3.125000000000003e-05,-5.076301983729094,4.643295017388561,8.284686139431166
-3.125e-05,-0.000125,6.25e-05,-5.076062052107245,4.643651681404516,8.122720860555233
-3.125e-05,-0.000125,9.374999999999997e-05,-5.0757430030477915,4.6439228041960225,7.961551277613967
-3.125e-05,-0.000125,0.000125,-5.075344833840104,4.644108442612537,7.801165044844674
-3.125e-05,-0.000125,0.00015625000000000003,-5.074867545695258,4.644208656214209,7.6415498411161575
-3.125e-05,-0.000125,0.0001875,-5.074311143744782,4.644223507272502,7.4826933702907334
-3.125e-05,-0.000125,0.00021874999999999998,-5.073675637038955,4.64415306077041,7.324583361582514
-3.125e-05,-0.000125,0.00025,-5.072961038544789,4.643997384402714,7.167207569911502
-3.125e-05,-9.375e-05,-0.00025,-5.075117129644125,4.371998511931805,9.781311577404491
-3.125e-05,-9.375e-05,-0.00021875,-5.075588502352321,4.372953153068296,9.61154319068179
-3.125e-05,-9.375e-05,-0.0001875,-5.075980955486947,4.373828937644773,9.442682683315631
-3.125e-05,-9.375e-05,-0.00015625,-5.07629445102564,4.37462588576383,9.274717507537213
-3.125e-05,-9.375e-05,-0.000125,-5.0765289548672605,4.375344020208204,9.10763513676139
-3.125e-05,-9.375e-05,-9.375e-05,-5.076684436833184,4.375983366443264,8.94142306598758
-3.125e-05,-9.375e-05,-6.25e-05,-5.0767608706681795,4.376543952619012,8.776068812196023
-3.125e-05,-9.375e-05,-3.125e-05,-5.076758234041154,4.377025809572031,8.611559914739566
-3.125e-05,-9.375e-05,0.0,-5.076676508545444,4.377428970827118,8.447883935731001
-3.125e-05,-9.375e-05,3.125000000000003e-05,-5.0765156796989235,4.377753472598725,8.285028460425963
-3.125e-05,-9.375e-05,6.25e-05,-5.0762757369438125,4.377999353792113,8.122981097601562
-3.125e-05,-9.375e-05,9.374999999999997e-05,-5.075956673646152,4.37816665600436,7.961729479930729
-3.125e-05,-9.375e-05,0.000125,-5.075558487094976,4.378255423525059,7.8012612643523465
-3.125e-05,-9.375e-05,0.00015625000000000003,-5.0750811785013035,4.37826570333684,7.641564132437256
-3.125e-05,-9.375e-05,0.0001875,-5.074524752996678,4.37819754511558,7.4826257907501645
-3.125e-05,-9.375e-05,0.00021874999999999998,-5.073889219631571,4.378051001230547,7.324433971207639
-3.125e-05,-9.375e-05,0.00025,-5.073174591373374,4.377826126744058,7.166976431431996
-3.125e-05,-6.25e-05,-0.00025,-5.075253271069117,4.108214477369172,9.78221689355368
-3.125e-05,-6.25e-05,-0.00021875,-5.075724653872876,4.108995144232266,9.612373178828888
-3.125e-05,-6.25e-05,-0.0001875,-5.076117115143225,4.109704022712537,9.44343735601709
-3.125e-05,-6.25e-05,-0.00015625,-5.076430616856672,4.11034112049141,9.275396880021551
-3.125e-05,-6.25e-05,-0.000125,-5.076665124911056,4.1109064479166,9.108239226931465
-3.125e-05,-6.25e-05,-9.375e-05,-5.076820609126767,4.1114000180040104,8.941951894422587
-3.125e-05,-6.25e-05,-6.25e-05,-5.0768970432478095,4.111821846439444,8.776522402153303
-3.125e-05,-6.25e-05,-3.125e-05,-5.076894404942304,4.112171951580124,8.611938292156188
-3.125e-05,-6.25e-05,0.0,-5.0768126758029775,4.112450354455893,8.448187129225085
-3.125e-05,-6.25e-05,3.125000000000003e-05,-5.076651841347183,4.112657078770367,8.285256501297852
-3.125e-05,-6.25e-05,6.25e-05,-5.076411891016707,4.112792150901649,8.123134019834673
-3.125e-05,-6.25e-05,9.374999999999997e-05,-5.076092818177243,4.112855599903059,7.961807320192245
-3.125e-05,-6.25e-05,0.000125,-5.075694620117657,4.112847457503396,7.80126406199366
-3.125e-05,-6.25e-05,0.00015625000000000003,-5.075217298048778,4.112767758107196,7.641491929494177
-3.125e-05,-6.25e-05,0.0001875,-5.074660857102179,4.1126165387946285,7.482478631942942
-3.125e-05,-6.25e-05,0.00021874999999999998,-5.074025306328397,4.112393839321224,7.324211903940682
-3.125e-05,-6.25e-05,0.00025,-5.073310658694998,4.112099702117408,7.16667950579344
-3.125e-05,-3.125e-05,-0.00025,-5.075311881364952,3.8448573080817288,9.782944716236432
-3.125e-05,-3.125e-05,-0.00021875,-5.0757832675851215,3.8454640363600485,9.613032744766798
-3.125e-05,-3.125e-05,-0.0001875,-5.076175731447854,3.84600603820225,9.444028665350642
-3.125e-05,-3.125e-05,-0.00015625,-5.076489234929069,3.8464833088654973,9.275919935549696
-3.125e-05,-3.125e-05,-0.000125,-5.076723743926065,3.846895846259552,9.108694034113448
-3.125e-05,-3.125e-05,-9.375e-05,-5.076879228258784,3.847243650948355,8.942338461379581
-3.125e-05,-3.125e-05,-6.25e-05,-5.076955661670738,3.8475267261512296,8.776840739669831
-3.125e-05,-3.125e-05,-3.125e-05,-5.076953021829667,3.8477450777440634,8.61218841368127
-3.125e-05,-3.125e-05,0.0,-5.076871290327964,3.8478987142602232,8.448369050873263
-3.125e-05,-3.125e-05,3.125000000000003e-05,-5.076710452682642,3.847987646891088,8.285370241849884
-3.125e-05,-3.125e-05,6.25e-05,-5.076470498335254,3.848011889486713,8.123179600738117
-3.125e-05,-3.125e-05,9.374999999999997e-05,-5.076151420651256,3.8479714585558824,7.9617847655617755
-3.125e-05,-3.125e-05,0.000125,-5.07575321691932,3.8478663732662963,7.801173398611126
-3.125e-05,-3.125e-05,0.00015625000000000003,-5.075275888350194,3.847696655444372,7.641333186808573
-3.125e-05,-3.125e-05,0.0001875,-5.074719440075326,3.847462329574778,7.482251842069999
-3.125e-05,-3.125e-05,0.00021874999999999998,-5.074083881145218,3.8471634227999507,7.323917101662385
-3.125e-05,-3.125e-05,0.00025,-5.073369224527456,3.8467999649192253,7.1663167285572005
-3.125e-05,0.0,-0.00025,-5.075292948557124,3.581908779703012,9.783495086468973
-3.125e-05,0.0,-0.00021875,-5.0757643315133345,3.582341609581688,9.613521923352142
-3.125e-05,0.0,-0.0001875,-5.076156792424061,3.582716768879015,9.444456640010262
-3.125e-05,0.0,-0.00015625,-5.076470293265187,3.583034240425391,9.27628669665026
-3.125e-05,0.0,-0.000125,-5.076704799934016,3.5832940096904693,9.108999574668237
-3.125e-05,0.0,-9.375e-05,-5.0768602822504105,3.583496064784267,8.9425827770497
-3.125e-05,0.0,-6.25e-05,-5.076936713957843,3.5836403964580867,8.777023828765195
-3.125e-05,0.0,-3.125e-05,-5.076934072724002,3.583726998105206,8.61231027716143
-3.125e-05,0.0,0.0,-5.076852340141174,3.583755865761395,8.448429692347952
-3.125e-05,0.0,3.125000000000003e-05,-5.076691501726314,3.583726998105206,8.28536966757947
-3.125e-05,0.0,6.25e-05,-5.076451546920843,3.5836403964580867,8.123117819633729
-3.125e-05,0.0,9.374999999999997e-05,-5.0761324690901315,3.583496064784267,7.961661789185284
-3.125e-05,0.0,0.000125,-5.07573426552271,3.5832940096904693,7.8009892411749515
-3.125e-05,0.0,0.00015625000000000003,-5.0752569374291765,3.583034240425391,7.641087865175175
-3.125e-05,0.0,0.0001875,-5.074700489940868,3.582716768879015,7.4819453757513
-3.125e-05,0.0,0.00021874999999999998,-5.074064932108094,3.582341609581688,7.323549512818863
-3.125e-05,0.0,0.00025,-5.0733502768982754,3.581908779703012,7.165888041996881
-3.125e-05,3.125000000000003e-05,-0.00025,-5.075196464682492,3.3193506785355207,9.78386804969611
-3.125e-05,3.125000000000003e-05,-0.00021875,-5.075667837693515,3.3196096546979548,9.613840754008045
-3.125e-05,3.125000000000003e-05,-0.0001875,-5.076060290107097,3.3198180101801635,9.444721313395183
-3.125e-05,3.125000000000003e-05,-0.00015625,-5.076373783899681,3.3199757153840044,9.276497190696627
-3.125e-05,3.125000000000003e-05,-0.000125,-5.076608284969013,3.320082743337509,9.109155869941652
-3.125e-05,3.125000000000003e-05,-9.375e-05,-5.076763763135395,3.3201390696955593,8.94268485674975
-3.125e-05,3.125000000000003e-05,-6.25e-05,-5.07684019214262,3.32014467274048,8.777071678726067
-3.125e-05,3.125000000000003e-05,-3.125e-05,-5.07683754965863,3.320099533382246,8.612303885852306
-3.125e-05,3.125000000000003e-05,0.0,-5.0767558172759415,3.3200036351586366,8.448369050873263
-3.125e-05,3.125000000000003e-05,3.125000000000003e-05,-5.076594980511605,3.319856964235221,8.285254769678847
-3.125e-05,3.125000000000003e-05,6.25e-05,-5.076355028807137,3.3196595094049965,8.12294866168188
-3.125e-05,3.125000000000003e-05,9.374999999999997e-05,-5.076035955527867,3.319411262088032,7.9614383701916065
-3.125e-05,3.125000000000003e-05,0.000125,-5.075637757962268,3.319112216330765,7.8007115627829196
-3.125e-05,3.125000000000003e-05,0.00015625000000000003,-5.075160437320807,3.3187623688051295,7.6407559316616425
-3.125e-05,3.125000000000003e-05,0.0001875,-5.074603998734569,3.3183617188076355,7.481559194025458
-3.125e-05,3.125000000000003e-05,0.00021874999999999998,-5.073968451253611,3.3179102682580526,7.323109092421138
-3.125e-05,3.125000000000003e-05,0.00025,-5.073253807844996,3.3174080216980246,7.165393395097522
-3.125e-05,6.25e-05,-0.00025,-5.075022425789247,3.057164802074166,9.784063655792638
-3.125e-05,6.25e-05,-0.00021875,-5.075493782173349,3.0572499737033234,9.613989280725576
-3.125e-05,6.25e-05,-0.0001875,-5.0758862205442155,3.057291568737836,9.444822723611146
-3.125e-05,6.25e-05,-0.00015625,-5.0761997028794035,3.0572895451499837,9.276551449907892
-3.125e-05,6.25e-05,-0.000125,-5.076434195077638,3.0572438635253456,9.109162946265133
-3.125e-05,6.25e-05,-9.375e-05,-5.076589666960038,3.057154487063156,8.942644720922775
-3.125e-05,6.25e-05,-6.25e-05,-5.076666092271168,3.057021381576396,8.776984304106588
-3.125e-05,6.25e-05,-3.125e-05,-5.076663448679552,3.056844515491664,8.612169248418938
-3.125e-05,6.25e-05,0.0,-5.076581717778162,3.056623859849028,8.448187129225085
-3.125e-05,6.25e-05,3.125000000000003e-05,-5.076420885084431,3.0563593883014213,8.2850255450351
-3.125e-05,6.25e-05,6.25e-05,-5.076180940040065,3.05605107711419,8.122672117881388
-3.125e-05,6.25e-05,9.374999999999997e-05,-5.075861876010514,3.055698905164108,7.961114493692055
-3.125e-05,6.25e-05,0.000125,-5.07546369028424,3.0553028539385485,7.800340342659991
-3.125e-05,6.25e-05,0.00015625000000000003,-5.07498638407151,3.054862907534197,7.640337359607836
-3.125e-05,6.25e-05,0.0001875,-5.07442996250317,3.054379052655745,7.481093264348887
-3.125e-05,6.25e-05,0.00021874999999999998,-5.07379443462887,3.053851278614366,7.322595802043994
-3.125e-05,6.25e-05,0.00025,-5.073079813415128,3.0532795773259287,7.164832743554484
-3.125e-05,9.374999999999997e-05,-0.00025,-5.074770831936604,2.7953329595277174,9.784081959064654
-3.125e-05,9.374999999999997e-05,-0.00021875,-5.075242165011905,2.795244380306911,9.613967552064699
-3.125e-05,9.374999999999997e-05,-0.0001875,-5.075634583794353,2.7951192628995414,9.444760913471196
-3.125e-05,9.374999999999997e-05,-0.00015625,-5.075948050263157,2.794957552847853,9.276449511349629
-3.125e-05,9.374999999999997e-05,-0.000125,-5.076182530318508,2.794759198294916,9.1090208349564
-3.125e-05,9.374999999999997e-05,-9.375e-05,-5.076337993782871,2.7945241499843525,8.94246239513852
-3.125e-05,9.374999999999997e-05,-6.25e-05,-5.07641441440186,2.794252361260169,8.77676172472866
-3.125e-05,9.374999999999997e-05,-3.125e-05,-5.07641176984499,2.7939437880662,8.61190637893573
-3.125e-05,9.374999999999997e-05,0.0,-5.076330041705958,2.793598388945501,8.447883935731001
-3.125e-05,9.374999999999997e-05,3.125000000000003e-05,-5.076169215502759,2.793216125039508,8.2846819962298
-3.125e-05,9.374999999999997e-05,6.25e-05,-5.075929280677493,2.792796960087068,8.122288185068925
-3.125e-05,9.374999999999997e-05,9.374999999999997e-05,-5.075610230595839,2.792340860423256,7.960690150779789
-3.125e-05,9.374999999999997e-05,0.000125,-5.075212062546224,2.7918477949780613,7.799875566157336
-3.125e-05,9.374999999999997e-05,0.00015625000000000003,-5.07473477773882,2.7913177352748426,7.639832128624841
-3.125e-05,9.374999999999997e-05,0.0001875,-5.074178381304084,2.790750655428733,7.480547560594601
-3.125e-05,9.374999999999997e-05,0.00021874999999999998,-5.073542882291155,2.7901465321446586,7.322009609824729
-3.125e-05,9.374999999999997e-05,0.00025,-5.072828293665853,2.789505344715465,7.164206049771833
-3.125e-05,0.000125,-0.00025,-5.074441687194188,2.5338369723381806,9.783923018250094
-3.125e-05,0.000125,-0.00021875,-5.074912990279029,2.533574700451539,9.613775621154815
-3.125e-05,0.000125,-0.0001875,-5.075305383927494,2.5332829232466043,9.444535930496055
-3.125e-05,0.000125,-0.00015625,-5.075618830121031,2.5329615738360594,9.276191416933948
-3.125e-05,0.000125,-0.000125,-5.0758532947618065,2.5326105879208867,9.108729572319303
-3.125e-05,0.000125,-9.375e-05,-5.076008747673999,2.5322299037899625,8.94213791009312
-3.125e-05,0.000125,-6.25e-05,-5.076085162604789,2.5318194623192767,8.77640396568149
-3.125e-05,0.000125,-3.125e-05,-5.076082517224892,2.531379206971028,8.611515296885955
-3.125e-05,0.000125,0.0,-5.07600079312908,2.530909083792756,8.44745948426953
-3.125e-05,0.000125,3.125000000000003e-05,-5.075839975836114,2.5304090414159193,8.284224131538187
-3.125e-05,0.000125,6.25e-05,-5.075600054788667,2.529879031054786,8.121796865918078
-3.125e-05,0.000125,9.374999999999997e-05,-5.075281023352677,2.5293190065046725,7.960165338528622
-3.125e-05,0.000125,0.000125,-5.074882878816708,2.5287289241404944,7.799317224751088
-3.125e-05,0.000125,0.00015625000000000003,-5.0744056223907075,2.5281087429147653,7.639240224593402
-3.125e-05,0.000125,0.0001875,-5.073849259204751,2.527458424355633,7.4799220630505445
-3.125e-05,0.000125,0.00021874999999999998,-5.073213798307344,2.526777932564795,7.321350490461236
-3.125e-05,0.000125,0.00025,-5.072499252663403,2.5260672342150405,7.163513282860407
-3.125e-05,0.00015625000000000003,-0.00025,-5.0740349996411265,2.2726586746984614,9.78358689651915
-3.125e-05,0.00015625000000000003,-0.00021875,-5.074506266054416,2.2722227728308364,9.613413545694907
-3.125e-05,0.00015625000000000003,-0.0001875,-5.074898629023813,2.2717643931111007,9.444147826914085
-3.125e-05,0.00015625000000000003,-0.00015625,-5.075212050533526,2.271283456223321,9.27577721341941
-3.125e-05,0.00015625000000000003,-0.000125,-5.075446496488224,2.270779885427785,9.108289199643583
-3.125e-05,0.00015625000000000003,-9.375e-05,-5.075601936714285,2.2702536065599372,8.94167130160873
-3.125e-05,0.00015625000000000003,-6.25e-05,-5.075678344960745,2.2697045480293903,8.775911057321006
-3.125e-05,0.00015625000000000003,-3.125e-05,-5.075675698899975,2.2691326408186026,8.610996027160937
-3.125e-05,0.00015625000000000003,0.0,-5.075593980127992,2.268537818481488,8.446913794269193
-3.125e-05,0.00015625000000000003,3.125000000000003e-05,-5.075433174164621,2.2679200171418348,8.283651964927945
-3.125e-05,0.00015625000000000003,6.25e-05,-5.075193270453189,2.2672791754916095,8.121198168937969
-3.125e-05,0.00015625000000000003,9.374999999999997e-05,-5.074874262360111,2.2666152347890645,7.959540059991461
-3.125e-05,0.00015625000000000003,0.000125,-5.074476147174013,2.2659281388567307,7.7986653160406245
-3.125e-05,0.00015625000000000003,0.00015625000000000003,-5.073998926104705,2.265217834079222,7.638561639662136
-3.125e-05,0.00015625000000000003,0.0001875,-5.073442604281787,2.2644842694009735,7.479216758417586
-3.125e-05,0.00015625000000000003,0.00021874999999999998,-5.072807190752979,2.2637273963236457,7.320618425209826
-3.125e-05,0.00015625000000000003,0.00025,-5.072092698482157,2.2629471689036134,7.16275441863543
-3.125e-05,0.0001875,-0.00025,-5.073550781364867,2.0117799140683195,9.783073661473928
-3.125e-05,0.0001875,-0.00021875,-5.074022004426449,2.0111704494048053,9.612881387953063
-3.125e-05,0.0001875,-0.0001875,-5.07441433117243,2.010545529090705,9.443596659660694
-3.125e-05,0.0001875,-0.00015625,-5.074727723590359,2.009905061383283,9.275206952410212
-3.125e-05,0.0001875,-0.000125,-5.074962147587893,2.0092489571039582,9.107699763203941
-3.125e-05,0.0001875,-9.375e-05,-5.07511757299406,2.0085771296369215,8.94106261063234
-3.125e-05,0.0001875,-6.25e-05,-5.075193973560167,2.0078894949276656,8.77528303526857
-3.125e-05,0.0001875,-3.125e-05,-5.075191326960518,2.0071859714813076,8.61034860005861
-3.125e-05,0.0001875,0.0,-5.075109614792718,2.006466480360795,8.446246890706904
-3.125e-05,0.0001875,3.125000000000003e-05,-5.074948822577795,2.0057309451849767,8.282965516057581
-3.125e-05,0.0001875,6.25e-05,-5.074708939759976,2.004979292126517,8.12049210847139
-3.125e-05,0.0001875,9.374999999999997e-05,-5.074389959706186,2.0042114499096724,7.958814324198384
-3.125e-05,0.0001875,0.000125,-5.073991879705221,2.003427349807922,7.797919843746355
-3.125e-05,0.0001875,0.00015625000000000003,-5.073514700966721,2.0026269256414553,7.637796372245171
-3.125e-05,0.0001875,0.0001875,-5.072958428619736,2.001810113774544,7.478431639807
-3.125e-05,0.0001875,0.00021874999999999998,-5.072323071711102,2.000976853112721,7.31981340188263
-3.125e-05,0.0001875,0.00025,-5.071608643203458,2.000127085099865,7.161929439613676
-3.125e-05,0.00021874999999999998,-0.00025,-5.072989048459676,1.7511825516886066,9.782383385147927
-3.125e-05,0.00021874999999999998,-0.00021875,-5.073460221490674,1.7503995959136094,9.612179214765824
-3.125e-05,0.00021874999999999998,-0.0001875,-5.073852506469964,1.7496082015622372,9.44288249037746
-3.125e-05,0.00021874999999999998,-0.00015625,-5.074165865388972,1.7488082644673688,9.274480690355187
-3.125e-05,0.00021874999999999998,-0.000125,-5.074400264158857,1.7479996830142361,9.106961314258768
-3.125e-05,0.00021874999999999998,-9.375e-05,-5.074555672611718,1.7471823581384893,8.94031188323448
-3.125e-05,0.00021874999999999998,-6.25e-05,-5.074632064501554,1.7463561933244143,8.774519940409474
-3.125e-05,0.00021874999999999998,-3.125e-05,-5.0746294175049105,1.7455210946028716,8.609573051281883
-3.125e-05,0.00021874999999999998,0.0,-5.074547713221266,1.7446769705490224,8.44545880410617
-3.125e-05,0.00021874999999999998,3.125000000000003e-05,-5.074386937173097,1.7438237322801768,8.282164810274331
-3.125e-05,0.00021874999999999998,6.25e-05,-5.0741470788056615,1.742961293453169,8.119678704692644
-3.125e-05,0.00021874999999999998,9.374999999999997e-05,-5.0738281314865,1.742089570261959,7.957988146154213
-3.125e-05,0.00021874999999999998,0.000125,-5.073430092504648,1.7412084814347624,7.797080817707289
-3.125e-05,0.00021874999999999998,0.00015625000000000003,-5.072952963069534,1.7403179482313034,7.636944427019424
-3.125e-05,0.00021874999999999998,0.0001875,-5.072396748309625,1.7394178944398602,7.477566706737646
-3.125e-05,0.00021874999999999998,0.00021874999999999998,-5.071761457270734,1.7385082463740307,7.318935414844525
-3.125e-05,0.00021874999999999998,0.00025,-5.071047102914113,1.7375889328696603,7.161038335010346
-3.125e-05,0.00025,-0.00025,-5.072349821024861,1.4908484630940555,9.781516144004952
-3.125e-05,0.00025,-0.00021875,-5.072820937348072,1.4898920923899224,9.611307097536866
-3.125e-05,0.00025,-0.0001875,-5.073213175018726,1.4889342951934272,9.44200538541073
-3.125e-05,0.00025,-0.00015625,-5.073526496032731,1.4879749549163264,9.27359848854622
-3.125e-05,0.00025,-0.000125,-5.073760866305236,1.487013957510852,9.10607390904853
-3.125e-05,0.00025,-9.375e-05,-5.073916255671869,1.4860511914676118,8.939419170607312
-3.125e-05,0.00025,-6.25e-05,-5.073992637889687,1.4850865478132447,8.773621818890945
-3.125e-05,0.00025,-3.125e-05,-5.073989990637841,1.4841199201079538,8.608669421936417
-3.125e-05,0.00025,0.0,-5.073908295517935,1.4831512044430502,8.444549570534699
-3.125e-05,0.00025,3.125000000000003e-05,-5.0737475380541115,1.4821802994381172,8.28124987861168
-3.125e-05,0.00025,6.25e-05,-5.073507707692827,1.4812071062383672,8.118757983604855
-3.125e-05,0.00025,9.374999999999997e-05,-5.07318879780236,1.4802315285115444,7.957061546835723
-3.125e-05,0.00025,0.000125,-5.072790805672008,1.4792534724450226,7.7961482538779805
-3.125e-05,0.00025,0.00015625000000000003,-5.072313732511005,1.4782728467425243,7.636005814921562
-3.125e-05,0.00025,0.0001875,-5.0717575834471536,1.4772895626208524,7.476621965132669
-3.125e-05,0.00025,0.00021874999999999998,-5.071122367525146,1.4763035338065083,7.3179844650097285
-3.125e-05,0.00025,0.00025,-5.070408097704612,1.475314676532064,7.160081100735422
0.0,-0.00025,-0.00025,-4.8416124622834085,5.697365298145519,9.773552327983012
0.0,-0.00025,-0.00021875,-4.842200906803855,5.699190129463457,9.604345506898042
0.0,-0.00025,-0.0001875,-4.842710946530051,5.7009006739058865,9.436046348853633
0.0,-0.00025,-0.00015625,-4.843142558119424,5.702497013611956,9.26864228875152
0.0,-0.00025,-0.000125,-4.843495721817557,5.703979233475788,9.10212078265808
0.0,-0.00025,-9.375e-05,-4.843770421459682,5.705347421150971,8.936469308206755
0.0,-0.00025,-6.25e-05,-4.843966644471933,5.706601667054565,8.771675364995888
0.0,-0.00025,-3.125e-05,-4.844084381872285,5.70774206437111,8.607726474982053
0.0,-0.00025,0.0,-4.84412362827125,5.708768709056053,8.444610182868963
0.0,-0.00025,3.125000000000003e-05,-4.844084381872285,5.709681699839133,8.282314056491915
0.0,-0.00025,6.25e-05,-4.843966644471933,5.710481138227347,8.120825687197993
0.0,-0.00025,9.374999999999997e-05,-4.843770421459682,5.711167128507712,7.960132690221982
0.0,-0.00025,0.000125,-4.843495721817557,5.711739777749647,7.80022270505806
0.0,-0.00025,0.00015625000000000003,-4.843142558119424,5.712199195807251,7.641083395827372
0.0,-0.00025,0.0001875,-4.842710946530051,5.712545495321058,7.482702451641515
0.0,-0.00025,0.00021874999999999998,-4.842200906803855,5.712778791719741,7.32506758696209
0.0,-0.00025,0.00025,-4.8416124622834085,5.712899203221349,7.1681665419561655
0.0,-0.00021875,-0.00025,-4.842200906803855,5.431251127364864,9.775345512325451
0.0,-0.00021875,-0.00021875,-4.842789418670287,5.432901881142158,9.606027918015501
0.0,-0.00021875,-0.0001875,-4.843299516769236,5.434445448292061,9.437618061316236
0.0,-0.00021875,-0.00015625,-4.843731177755462,5.435881898558646,9.270103379874293
0.0,-0.00021875,-0.000125,-4.844084381872285,5.437211304425269,9.10347133250525
0.0,-0.00021875,-9.375e-05,-4.844359112953089,5.438433741118425,8.937709399595885
0.0,-0.00021875,-6.25e-05,-4.844555358422568,5.439549286611621,8.772805083501595
0.0,-0.00021875,-3.125e-05,-4.844673109297666,5.440558021628755,8.608745908939568
0.0,-0.00021875,0.0,-4.844712360188281,5.441460029647328,8.445519423377363
0.0,-0.00021875,3.125000000000003e-05,-4.844673109297666,5.442255396901346,8.283113197417089
0.0,-0.00021875,6.25e-05,-4.844555358422568,5.4429442123839955,8.121514825175336
0.0,-0.00021875,9.374999999999997e-05,-4.844359112953089,5.443526567849992,7.960711924658812
0.0,-0.00021875,0.000125,-4.844084381872285,5.444002557817697,7.800692138135742
0.0,-0.00021875,0.00015625000000000003,-4.843731177755462,5.444372279570931,7.6414431325031815
0.0,-0.00021875,0.0001875,-4.843299516769236,5.444635833160608,7.482952599650257
0.0,-0.00021875,0.00021874999999999998,-4.842789418670287,5.44479332140588,7.325208256817335
0.0,-0.00021875,0.00025,-4.842200906803855,5.444844849895287,7.168197846951328
0.0,-0.0001875,-0.00025,-4.842710946530051,5.165655114832481,9.77696107286334
0.0,-0.0001875,-0.00021875,-4.843299516769236,5.167131804319349,9.607539808296083
0.0,-0.0001875,-0.0001875,-4.843809665463306,5.1685084005010005,9.43902634351881
0.0,-0.0001875,-0.00015625,-4.8442413692647115,5.169784960719751,9.271408118907681
0.0,-0.0001875,-0.000125,-4.844594608414807,5.170961545041806,9.104672596011762
0.0,-0.0001875,-9.375e-05,-4.844869366745377,5.172038216260783,8.9388072579549
0.0,-0.0001875,-6.25e-05,-4.845065631679864,5.173015039901101,8.773799609833027
0.0,-0.0001875,-3.125e-05,-4.845183394234323,5.173892084221007,8.609637179106965
0.0,-0.0001875,0.0,-4.845222649018118,5.174669420215396,8.446307515990739
0.0,-0.0001875,3.125000000000003e-05,-4.845183394234323,5.1753471216183495,8.283798193835585
0.0,-0.0001875,6.25e-05,-4.845065631679864,5.17592526490542,8.122096809509506
0.0,-0.0001875,9.374999999999997e-05,-4.844869366745377,5.176403929295652,7.961190983772698
0.0,-0.0001875,0.000125,-4.844594608414807,5.17678319675335,7.8010683616486896
0.0,-0.0001875,0.00015625000000000003,-4.8442413692647115,5.17706315198956,7.641716612791358
0.0,-0.0001875,0.0001875,-4.843809665463306,5.177243882463347,7.483123431847912
0.0,-0.0001875,0.00021874999999999998,-4.843299516769236,5.177325478382698,7.325276538817812
0.0,-0.0001875,0.00025,-4.842710946530051,5.177308032705304,7.1681636794077725
0.0,-0.00015625,-0.00025,-4.843142558119424,4.900558986969483,9.778399028512919
0.0,-0.00015625,-0.00021875,-4.843731177755462,4.901861629897081,9.608881189803107
0.0,-0.00015625,-0.0001875,-4.8442413692647115,4.903071266055114,9.44027120066521
0.0,-0.00015625,-0.00015625,-4.844673109297661,4.904187940378153,9.272556504189964
0.0,-0.00015625,-0.000125,-4.845026378094011,4.905211700509639,9.1057245646445
0.0,-0.00015625,-9.375e-05,-4.845301159484184,4.906142596805095,8.939762867874
0.0,-0.00015625,-6.25e-05,-4.845497440890571,4.906980682335022,8.774658921698734
0.0,-0.00015625,-3.125e-05,-4.845615213328473,4.907726012887601,8.610400256306564
0.0,-0.00015625,0.0,-4.8456544714067995,4.908378646971085,8.446974424641112
0.0,-0.00015625,3.125000000000003e-05,-4.845615213328473,4.908938645815987,8.284369002785374
0.0,-0.00015625,6.25e-05,-4.845497440890571,4.909406073376997,8.122571590341089
0.0,-0.00015625,9.374999999999997e-05,-4.845301159484184,4.909780996334647,7.961569810803975
0.0,-0.00015625,0.000125,-4.845026378094011,4.910063484096724,7.801351311934441
0.0,-0.00015625,0.00015625000000000003,-4.844673109297661,4.9102536087994535,7.641903766124557
0.0,-0.00015625,0.0001875,-4.8442413692647115,4.91035144530839,7.483214870760567
0.0,-0.00015625,0.00021874999999999998,-4.843731177755462,4.9103570712190985,7.325272348581743
0.0,-0.00015625,0.00025,-4.843142558119424,4.910270566857523,7.168063948034969
0.0,-0.000125,-0.00025,-4.843495721817557,4.635944478213332,9.779659402603883
0.0,-0.000125,-0.00021875,-4.844084381872285,4.637073096797626,9.610052079152405
0.0,-0.000125,-0.0001875,-4.844594608414807,4.638115788500793,9.441352642651513
0.0,-0.000125,-0.00015625,-4.845026378094011,4.639072585844312,9.27354853889196
0.0,-0.000125,-0.000125,-4.845379671148236,4.6399435240439315,9.106627234843991
0.0,-0.000125,-9.375e-05,-4.8456544714067995,4.640728641012528,8.94057621905872
0.0,-0.000125,-6.25e-05,-4.8458507662912265,4.641427977362516,8.775383002064938
0.0,-0.000125,-3.125e-05,-4.845968546816193,4.642041576408199,8.611035116761428
0.0,-0.000125,0.0,-4.846007807590255,4.642569484167769,8.447520118804768
0.0,-0.000125,3.125000000000003e-05,-4.845968546816193,4.643011749365113,8.284825586992815
0.0,-0.000125,6.25e-05,-4.8458507662912265,4.6433684234313795,8.122939123643818
0.0,-0.000125,9.374999999999997e-05,-4.8456544714067995,4.643639560506286,7.961848354971285
0.0,-0.000125,0.000125,-4.845379671148236,4.643825217439182,7.801540931454632
0.0,-0.000125,0.00015625000000000003,-4.845026378094011,4.64392545378991,7.642004528205717
0.0,-0.000125,0.0001875,-4.844594608414807,4.643940331829333,7.483226845331293
0.0,-0.000125,0.00021874999999999998,-4.844084381872285,4.643869916539791,7.325195608291439
0.0,-0.000125,0.00025,-4.843495721817557,4.643714275615095,7.167898568254062
0.0,-9.375e-05,-0.00025,-4.843770421459682,4.371793331553132,9.780742222883246
0.0,-9.375e-05,-0.00021875,-4.844359112953089,4.372747952498482,9.611052497515841
0.0,-9.375e-05,-0.0001875,-4.844869366745377,4.373623719942919,9.442270684069348
0.0,-9.375e-05,-0.00015625,-4.845301159484184,4.374420653990258,9.27438423102032
0.0,-9.375e-05,-0.000125,-4.8456544714067995,4.375138777424371,9.107380608027476
0.0,-9.375e-05,-9.375e-05,-4.845929286341671,4.375778115711532,8.94124730633284
0.0,-9.375e-05,-6.25e-05,-4.846125591709652,4.376338697002582,8.775971839158323
0.0,-9.375e-05,-3.125e-05,-4.8462433785249495,4.376820552134713,8.61154174209776
0.0,-9.375e-05,0.0,-4.846282641395813,4.377223714633292,8.447944573504543
0.0,-9.375e-05,3.125000000000003e-05,-4.8462433785249495,4.377548220713055,8.285167914874833
0.0,-9.375e-05,6.25e-05,-4.846125591709652,4.377794109279556,8.123199371226406
0.0,-9.375e-05,9.374999999999997e-05,-4.845929286341671,4.37796142192987,7.962026571473369
0.0,-9.375e-05,0.000125,-4.8456544714067995,4.3780502029535535,7.801637168796465
0.0,-9.375e-05,0.00015625000000000003,-4.845301159484184,4.378060499332978,7.642018841009461
0.0,-9.375e-05,0.0001875,-4.844869366745377,4.377992360743684,7.483159290921318
0.0,-9.375e-05,0.00021874999999999998,-4.844359112953089,4.377845839554378,7.325046246694394
0.0,-9.375e-05,0.00025,-4.843770421459682,4.377620990826727,7.1676674621987
0.0,-6.25e-05,-0.00025,-4.843966644471933,4.108087299062532,9.781647521518638
0.0,-6.25e-05,-0.00021875,-4.844555358422568,4.108867953564646,9.611882470624586
0.0,-6.25e-05,-0.0001875,-4.845065631679864,4.109576821576774,9.443025344208976
0.0,-6.25e-05,-0.00015625,-4.845497440890571,4.110213910781187,9.275063593420317
0.0,-6.25e-05,-0.000125,-4.8458507662912265,4.110779231526256,9.107984690591525
0.0,-6.25e-05,-9.375e-05,-4.846125591709652,4.111272796828515,8.941776129640866
0.0,-6.25e-05,-6.25e-05,-4.846321904566237,4.111694622374246,8.776425426468233
0.0,-6.25e-05,-3.125e-05,-4.846439695874825,4.1120447265211055,8.611920119347113
0.0,-6.25e-05,0.0,-4.8464789602434815,4.112323130299278,8.448247769311832
0.0,-6.25e-05,3.125000000000003e-05,-4.846439695874825,4.112529857412588,8.285395960540617
0.0,-6.25e-05,6.25e-05,-4.846321904566237,4.112664934239317,8.12335230073424
0.0,-6.25e-05,9.374999999999997e-05,-4.846125591709652,4.112728389832814,7.962104421490414
0.0,-6.25e-05,0.000125,-4.8458507662912265,4.112720255921838,7.8016399786740145
0.0,-6.25e-05,0.00015625000000000003,-4.845497440890571,4.11264056691082,7.6419466527830915
0.0,-6.25e-05,0.0001875,-4.845065631679864,4.1124893598796834,7.483012149310905
0.0,-6.25e-05,0.00021874999999999998,-4.844555358422568,4.112266674583688,7.324824199103878
0.0,-6.25e-05,0.00025,-4.843966644471933,4.111972553452794,7.167370558715625
0.0,-3.125e-05,-0.00025,-4.844084381872285,3.8448081424300584,9.782375335101294
0.0,-3.125e-05,-0.00021875,-4.844673109297666,3.8454148661786385,9.612542028771804
0.0,-3.125e-05,-0.0001875,-4.845183394234323,3.8459568642175936,9.443616647061816
0.0,-3.125e-05,-0.00015625,-4.845615213328473,3.8464341318043997,9.275586643778244
0.0,-3.125e-05,-0.000125,-4.845968546816193,3.8468466668491565,9.10843949391425
0.0,-3.125e-05,-9.375e-05,-4.8462433785249495,3.847194469915988,8.942162694049959
0.0,-3.125e-05,-6.25e-05,-4.846439695874825,3.8474775442244877,8.776743762748566
0.0,-3.125e-05,-3.125e-05,-4.846557489879479,3.8476958956507326,8.612170240947979
0.0,-3.125e-05,0.0,-4.846596755146832,3.8478495327281923,8.448429692347952
0.0,-3.125e-05,3.125000000000003e-05,-4.846557489879479,3.84793846664842,8.285509703792924
0.0,-3.125e-05,6.25e-05,-4.846439695874825,3.8479627112614874,8.123397885650357
0.0,-3.125e-05,9.374999999999997e-05,-4.8462433785249495,3.847922283076268,7.962081872185027
0.0,-3.125e-05,0.000125,-4.845968546816193,3.8478172012604626,7.801549321928938
0.0,-3.125e-05,0.00015625000000000003,-4.845615213328473,3.8476474876404096,7.641787918047191
0.0,-3.125e-05,0.0001875,-4.845183394234323,3.847413166700786,7.482785368699748
0.0,-3.125e-05,0.00021874999999999998,-4.844673109297666,3.84711426558388,7.324529407399201
0.0,-3.125e-05,0.00025,-4.844084381872285,3.846750814088906,7.16700779336456
0.0,0.0,-0.00025,-4.84412362827125,3.581937633487243,9.782925704648457
0.0,0.0,-0.00021875,-4.844712360188281,3.5823704666681593,9.613031206814966
0.0,0.0,-0.0001875,-4.845222649018118,3.5827456288277375,9.44404462132256
0.0,0.0,-0.00015625,-4.8456544714067995,3.5830631027962383,9.275953404623339
0.0,0.0,-0.000125,-4.846007807590255,3.5833228740432084,9.108745034357064
0.0,0.0,-9.375e-05,-4.846282641395813,3.5835249306785677,8.942407009751673
0.0,0.0,-6.25e-05,-4.8464789602434815,3.583669263453558,8.776926852019148
0.0,0.0,-3.125e-05,-4.846596755146832,3.583755865761395,8.612292104747043
0.0,0.0,0.0,-4.84663602071376,3.583784733637831,8.448490334285317
0.0,0.0,3.125000000000003e-05,-4.846596755146832,3.583755865761395,8.285509130128972
0.0,0.0,6.25e-05,-4.8464789602434815,3.583669263453558,8.12333610529627
0.0,0.0,9.374999999999997e-05,-4.846282641395813,3.5835249306785677,7.961958896702714
0.0,0.0,0.000125,-4.846007807590255,3.5833228740432084,7.801365165530834
0.0,0.0,0.00015625000000000003,-4.8456544714067995,3.5830631027962383,7.641542597595789
0.0,0.0,0.0001875,-4.845222649018118,3.5827456288277375,7.482478903706967
0.0,0.0,0.00021874999999999998,-4.844712360188281,3.5823704666681593,7.324161820025529
0.0,0.0,0.00025,-4.84412362827125,3.581937633487243,7.166579108418001
0.0,3.125000000000003e-05,-0.00025,-4.844084381872285,3.3194575547343836,9.783298675605474
0.0,3.125000000000003e-05,-0.00021875,-4.844673109297666,3.319716542031386,9.613350044177697
0.0,3.125000000000003e-05,-0.0001875,-4.845183394234323,3.3199249070416377,9.444309300390863
0.0,3.125000000000003e-05,-0.00015625,-4.845615213328473,3.320082620166418,9.276163903329298
0.0,3.125000000000003e-05,-0.000125,-4.845968546816193,3.3201896544332072,9.108901333266
0.0,3.125000000000003e-05,-9.375e-05,-4.8462433785249495,3.320245985496517,8.942509092062924
0.0,3.125000000000003e-05,-6.25e-05,-4.846439695874825,3.3202515916382533,8.776974703566735
0.0,3.125000000000003e-05,-3.125e-05,-4.846557489879479,3.3202064537681255,8.612285714
0.0,3.125000000000003e-05,0.0,-4.846596755146832,3.3201105554237156,8.448429692347952
0.0,3.125000000000003e-05,3.125000000000003e-05,-4.846557489879479,3.319963882770438,8.2853942307409
0.0,3.125000000000003e-05,6.25e-05,-4.846439695874825,3.3197664246012537,8.123166944832189
0.0,3.125000000000003e-05,9.374999999999997e-05,-4.8462433785249495,3.3195181723362372,7.961735474172061
0.0,3.125000000000003e-05,0.000125,-4.845968546816193,3.3192191200219012,7.8010874825771905
0.0,3.125000000000003e-05,0.00015625000000000003,-4.845615213328473,3.318869264330408,7.641210658496135
0.0,3.125000000000003e-05,0.0001875,-4.845183394234323,3.3184686045584453,7.482092715370701
0.0,3.125000000000003e-05,0.00021874999999999998,-4.844673109297666,3.3180171426261444,7.32372139199331
0.0,3.125000000000003e-05,0.00025,-4.844084381872285,3.317514883075536,7.16608445286038
0.0,6.25e-05,-0.00025,-4.843966644471933,3.0573496998642917,9.783494297847325
0.0,6.25e-05,-0.00021875,-4.844555358422568,3.057434890460278,9.6134985848512
0.0,6.25e-05,-0.0001875,-4.845065631679864,3.0574765016886167,9.444410722372588
0.0,6.25e-05,-0.00015625,-4.845497440890571,3.0574744915204652,9.27621817211536
0.0,6.25e-05,-0.000125,-4.8458507662912265,3.0574288205405526,9.108908416972639
0.0,6.25e-05,-9.375e-05,-4.846125591709652,3.0573394519472776,8.942468961426924
0.0,6.25e-05,-6.25e-05,-4.846321904566237,3.057206351553009,8.776887331945563
0.0,6.25e-05,-3.125e-05,-4.846439695874825,3.057029487783815,8.612151077371928
0.0,6.25e-05,0.0,-4.8464789602434815,3.0568088316793527,8.448247769311832
0.0,6.25e-05,3.125000000000003e-05,-4.846439695874825,3.056544356892332,8.285165002515802
0.0,6.25e-05,6.25e-05,-4.846321904566237,3.056236039687939,8.122890395256908
0.0,6.25e-05,9.374999999999997e-05,-4.846125591709652,3.0558838589429786,7.9614115897043565
0.0,6.25e-05,0.000125,-4.8458507662912265,3.0554877961449716,7.800716252292901
0.0,6.25e-05,0.00015625000000000003,-4.845497440890571,3.0550478353908326,7.640792074088048
0.0,6.25e-05,0.0001875,-4.845065631679864,3.0545639633857067,7.481626771147294
0.0,6.25e-05,0.00021874999999999998,-4.844555358422568,3.054036169441236,7.323208084877264
0.0,6.25e-05,0.00025,-4.843966644471933,3.053464445474029,7.165523782386938
0.0,9.374999999999997e-05,-0.00025,-4.843770421459682,2.7955958742839755,9.783512625679824
0.0,9.374999999999997e-05,-0.00021875,-4.844359112953089,2.7955073218618605,9.61347687739523
0.0,9.374999999999997e-05,-0.0001875,-4.844869366745377,2.795382227313693,9.44434893008061
0.0,9.374999999999997e-05,-0.00015625,-4.845301159484184,2.7952205361802207,9.276116248046925
0.0,9.374999999999997e-05,-0.000125,-4.8456544714067995,2.7950221966031688,9.108766316794565
0.0,9.374999999999997e-05,-9.375e-05,-4.845929286341671,2.7947871593250624,8.942286643413262
0.0,9.374999999999997e-05,-6.25e-05,-4.846125591709652,2.794515377688936,8.776664756977484
0.0,9.374999999999997e-05,-3.125e-05,-4.8462433785249495,2.7942068076379063,8.611888208937247
0.0,9.374999999999997e-05,0.0,-4.846282641395813,2.7938614077144153,8.447944573504543
0.0,9.374999999999997e-05,3.125000000000003e-05,-4.8462433785249495,2.793479139059564,8.284821448035348
0.0,9.374999999999997e-05,6.25e-05,-4.846125591709652,2.793059965411963,8.122506453407244
0.0,9.374999999999997e-05,9.374999999999997e-05,-4.845929286341671,2.792603853106725,7.960987234392946
0.0,9.374999999999997e-05,0.000125,-4.8456544714067995,2.7921107710739848,7.8002514600293775
0.0,9.374999999999997e-05,0.00015625000000000003,-4.845301159484184,2.7915806908375,7.640286823982855
0.0,9.374999999999997e-05,0.0001875,-4.844869366745377,2.791013586512927,7.481081044910056
0.0,9.374999999999997e-05,0.00021874999999999998,-4.844359112953089,2.7904094348059654,7.3226218668150045
0.0,9.374999999999997e-05,0.00025,-4.843770421459682,2.7897682150103806,7.164897059402122
0.0,0.000125,-0.00025,-4.843495721817557,2.534177895634349,9.78335371784026
0.0,0.000125,-0.00021875,-4.844084381872285,2.533915658377441,9.613284974938628
0.0,0.000125,-0.0001875,-4.844594608414807,2.533623910696432,9.444123971035179
0.0,0.000125,-0.00015625,-4.845026378094011,2.5333025857020033,9.27585817303576
0.0,0.000125,-0.000125,-4.845379671148236,2.5329516190934926,9.10847506903538
0.0,0.000125,-9.375e-05,-4.8456544714067995,2.5325709491582367,8.94196216871798
0.0,0.000125,-6.25e-05,-4.8458507662912265,2.5321605167710026,8.776307003751642
0.0,0.000125,-3.125e-05,-4.845968546816193,2.5317202653930364,8.611497128179261
0.0,0.000125,0.0,-4.846007807590255,2.5312501410710695,8.447520118804768
0.0,0.000125,3.125000000000003e-05,-4.845968546816193,2.530750092436123,8.284363575574982
0.0,0.000125,6.25e-05,-4.8458507662912265,2.5302200707021396,8.122015121957116
0.0,0.000125,9.374999999999997e-05,-4.8456544714067995,2.5296600296644773,7.960462405312024
0.0,0.000125,0.000125,-4.845379671148236,2.5290699256982427,7.799693097263243
0.0,0.000125,0.00015625000000000003,-4.845026378094011,2.528449717756406,7.639694894061918
0.0,0.000125,0.0001875,-4.844594608414807,2.5277993673678916,7.480455516947628
0.0,0.000125,0.00021874999999999998,-4.844084381872285,2.5271188386352756,7.3219627125052185
0.0,0.000125,0.00025,-4.843495721817557,2.526408098232585,7.164204253017685
0.0,0.00015625000000000003,-0.00025,-4.843142558119424,2.27307759430819,9.78301763749772
0.0,0.00015625000000000003,-0.00021875,-4.843731177755462,2.2726417349001165,9.612922935179393
0.0,0.00015625000000000003,-0.0001875,-4.8442413692647115,2.2721833913679963,9.443735897463847
0.0,0.00015625000000000003,-0.00015625,-4.844673109297661,2.271702484393462,9.27544399383977
0.0,0.00015625000000000003,-0.000125,-4.845026378094011,2.27119893723465,9.108034714984335
0.0,0.00015625000000000003,-9.375e-05,-4.845301159484184,2.270672675725218,8.94149557316285
0.0,0.00015625000000000003,-6.25e-05,-4.845497440890571,2.270123628273241,8.77581410262378
0.0,0.00015625000000000003,-3.125e-05,-4.845615213328473,2.2695517258599525,8.610977859989235
0.0,0.00015625000000000003,0.0,-4.8456544714067995,2.2689569020383376,8.446974424641112
0.0,0.00015625000000000003,3.125000000000003e-05,-4.845615213328473,2.2683390929315648,8.283791399102702
0.0,0.00015625000000000003,6.25e-05,-4.845497440890571,2.2676982372312655,8.121416409416042
0.0,0.00015625000000000003,9.374999999999997e-05,-4.845301159484184,2.2670342761956657,7.959837105515126
0.0,0.00015625000000000003,0.000125,-4.845026378094011,2.266347153647566,7.799041161594609
0.0,0.00015625000000000003,0.00015625000000000003,-4.844673109297661,2.2656368159721625,7.639016276474752
0.0,0.00015625000000000003,0.0001875,-4.8442413692647115,2.2649032121147212,7.479750173961929
0.0,0.00015625000000000003,0.00021874999999999998,-4.843731177755462,2.2641462935780994,7.321230603205457
0.0,0.00015625000000000003,0.00025,-4.843142558119424,2.2633660144201504,7.163445339050168
0.0,0.0001875,-0.00025,-4.842710946530051,2.0122768139662837,9.782504452252834
0.0,0.0001875,-0.00021875,-4.843299516769236,2.0116673995905874,9.612390820384402
0.0,0.0001875,-0.0001875,-4.843809665463306,2.0110425221264463,9.443184766300998
0.0,0.0001875,-0.00015625,-4.8442413692647115,2.0104020898282466,9.274873762062315
0.0,0.0001875,-0.000125,-4.844594608414807,2.009746013514885,9.107445300915469
0.0,0.0001875,-9.375e-05,-4.844869366745377,2.009074206568388,8.94088689769446
0.0,0.0001875,-6.25e-05,-4.845065631679864,2.008386584932422,8.77518608921505
0.0,0.0001875,-3.125e-05,-4.845183394234323,2.0076830671106447,8.610330434665155
0.0,0.0001875,0.0,-4.845222649018118,2.006963574164906,8.446307515990739
0.0,0.0001875,3.125000000000003e-05,-4.845183394234323,2.006228029713302,8.283104938277395
0.0,0.0001875,6.25e-05,-4.845065631679864,2.005476359928103,8.120710330127483
0.0,0.0001875,9.374999999999997e-05,-4.844869366745377,2.004708493533519,7.959111344033139
0.0,0.0001875,0.000125,-4.844594608414807,2.003924361803341,7.7982956567449815
0.0,0.0001875,0.00015625000000000003,-4.8442413692647115,2.003123898558438,7.638250969636724
0.0,0.0001875,0.0001875,-4.843809665463306,2.0023070401641014,7.478965009065725
0.0,0.0001875,0.00021874999999999998,-4.843299516769236,2.0014737255272386,7.320425526729494
0.0,0.0001875,0.00025,-4.842710946530051,2.0006238960934604,7.162620300018278
0.0,0.00021874999999999998,-0.00025,-4.842200906803855,1.7517574120520696,9.781814234137203
0.0,0.00021874999999999998,-0.00021875,-4.842789418670287,1.7509745143911706,9.611688697388505
0.0,0.00021874999999999998,-0.0001875,-4.843299516769236,1.750183169550427,9.442470639186805
0.0,0.00021874999999999998,-0.00015625,-4.843731177755462,1.7493832733594206,9.274147534151126
0.0,0.00021874999999999998,-0.000125,-4.844084381872285,1.748574724200379,9.106706878086374
0.0,0.00021874999999999998,-9.375e-05,-4.844359112953089,1.747757423006504,8.94013618838277
0.0,0.00021874999999999998,-6.25e-05,-4.844555358422568,1.7469312732599624,8.774423004410458
0.0,0.00021874999999999998,-3.125e-05,-4.844673109297666,1.7460961809898876,8.609554887909846
0.0,0.00021874999999999998,0.0,-4.844712360188281,1.7452520547702026,8.445519423377363
0.0,0.00021874999999999998,3.125000000000003e-05,-4.844673109297666,1.7443988057172968,8.282304218446809
0.0,0.00021874999999999998,6.25e-05,-4.844555358422568,1.7435363474875876,8.119896904266472
0.0,0.00021874999999999998,9.374999999999997e-05,-4.844359112953089,1.7426645962749376,7.958285135871926
0.0,0.00021874999999999998,0.000125,-4.844084381872285,1.7417834708079516,7.797456592554619
0.0,0.00021874999999999998,0.00015625000000000003,-4.843731177755462,1.7408928923471358,7.637398978226349
0.0,0.00021874999999999998,0.0001875,-4.843299516769236,1.7399927846818803,7.478100021779689
0.0,0.00021874999999999998,0.00021874999999999998,-4.842789418670287,1.7390830741274486,7.319547477444331
0.0,0.00021874999999999998,0.00025,-4.842200906803855,1.7381636895216466,7.161729125139576
0.0,0.00025,-0.00025,-4.8416124622834085,1.491501260304616,9.78094705961226
0.0,0.00025,-0.00021875,-4.842200906803855,1.4905449555385086,9.610816637593397
0.0,0.00025,-0.0001875,-4.842710946530051,1.489587214511343,9.44159358246595
0.0,0.00025,-0.00015625,-4.843142558119424,1.4886279206310453,9.273265371396707
0.0,0.00025,-0.000125,-4.843495721817557,1.487666959846558,9.105819502736463
0.0,0.00025,-9.375e-05,-4.843770421459682,1.4867042206455718,8.93924349641922
0.0,0.00025,-6.25e-05,-4.843966644471933,1.4857395940523774,8.773524894356798
0.0,0.00025,-3.125e-05,-4.844084381872285,1.4847729736252366,8.608651260828935
0.0,0.00025,0.0,-4.84412362827125,1.483804255453973,8.444610182868963
0.0,0.00025,3.125000000000003e-05,-4.844084381872285,1.4828333381572123,8.281389270645032
0.0,0.00025,6.25e-05,-4.843966644471933,1.4818601228795967,8.118976157837082
0.0,0.00025,9.374999999999997e-05,-4.843770421459682,1.4808845132888304,7.957358502009517
0.0,0.00025,0.000125,-4.843495721817557,1.4799064155727004,7.796523984979677
0.0,0.00025,0.00015625000000000003,-4.843142558119424,1.4789257384357497,7.6364603131821855
0.0,0.00025,0.0001875,-4.842710946530051,1.4779423930961704,7.477155218029198
0.0,0.00025,0.00021874999999999998,-4.842200906803855,1.4769562932822244,7.318596456266736
0.0,0.00025,0.00025,-4.8416124622834085,1.4759673552287857,7.160771810326919
3.125000000000003e-05,-0.00025,-0.00025,-4.6104815660294705,5.696704899041716,9.772866170714604
3.125000000000003e-05,-0.00025,-0.00021875,-4.61118729370778,5.698529646005686,9.603737504686224
3.125000000000003e-05,-0.00025,-0.0001875,-4.611815096451219,5.700240116350474,9.435516519419696
3.125000000000003e-05,-0.00025,-0.00015625,-4.612364965580536,5.701836392217357,9.268190646395226
3.125000000000003e-05,-0.00025,-0.000125,-4.612836895673247,5.703318558502203,9.101747338255894
3.125000000000003e-05,-0.00025,-9.375e-05,-4.613230884565439,5.704686702859832,8.93617406921035
3.125000000000003e-05,-0.00025,-6.25e-05,-4.6135469333532715,5.705940915708158,8.771458335430866
3.125000000000003e-05,-0.00025,-3.125e-05,-4.613785046394232,5.707081290232063,8.607587655446991
3.125000000000003e-05,-0.00025,0.0,-4.613945231308158,5.708107922386903,8.444549570534699
3.125000000000003e-05,-0.00025,3.125000000000003e-05,-4.614027498977961,5.7090209109018994,8.282331645101106
3.125000000000003e-05,-0.00025,6.25e-05,-4.614031863550132,5.709820357283036,8.120921467064932
3.125000000000003e-05,-0.00025,9.374999999999997e-05,-4.613958342434948,5.7105063658159,7.9603066482326845
3.125000000000003e-05,-0.00025,0.000125,-4.613806956306475,5.711079043568032,7.800474824670616
3.125000000000003e-05,-0.00025,0.00015625000000000003,-4.6135777291022615,5.7115385003911605,7.6414136570725555
3.125000000000003e-05,-0.00025,0.0001875,-4.613270688022791,5.711884848923049,7.483110831123705
3.125000000000003e-05,-0.00025,0.00021874999999999998,-4.612885863530706,5.7121182045891,7.325554057860369
3.125000000000003e-05,-0.00025,0.00025,-4.61242328934972,5.712238685603707,7.168731074025769
3.125000000000003e-05,-0.00021875,-0.00025,-4.611135038727984,5.4306696226592335,9.774659270944525
3.125000000000003e-05,-0.00021875,-0.00021875,-4.611840857644762,5.4323203022075734,9.605419841333207
3.125000000000003e-05,-0.00021875,-0.0001875,-4.612468741313351,5.433863804158538,9.437088167056109
3.125000000000003e-05,-0.00021875,-0.00015625,-4.6130186810531075,5.435300198258159,9.269651682337916
3.125000000000003e-05,-0.00021875,-0.000125,-4.6134906714405775,5.436629556991227,9.103097842570513
3.125000000000003e-05,-0.00021875,-9.375e-05,-4.613884710311308,5.4378519555854306,8.93741412471542
3.125000000000003e-05,-0.00021875,-6.25e-05,-4.614200798761357,5.43896747201498,8.772588027701552
3.125000000000003e-05,-0.00021875,-3.125e-05,-4.614438941148562,5.439976187004062,8.608607072818682
3.125000000000003e-05,-0.00021875,0.0,-4.614599145093523,5.440878184030158,8.44545880410617
3.125000000000003e-05,-0.00021875,3.125000000000003e-05,-4.614681421480375,5.441673549326756,8.28313078873753
3.125000000000003e-05,-0.00021875,6.25e-05,-4.614685784457249,5.442362371886225,8.121610617400567
3.125000000000003e-05,-0.00021875,9.374999999999997e-05,-4.614612251436526,5.44294474346196,7.960885904673273
3.125000000000003e-05,-0.00021875,0.000125,-4.614460843094787,5.443420758570702,7.800944289395545
3.125000000000003e-05,-0.00021875,0.00015625000000000003,-4.614231583372545,5.443790514494223,7.641773435036694
3.125000000000003e-05,-0.00021875,0.0001875,-4.61392449947369,5.444054111280915,7.483361030058999
3.125000000000003e-05,-0.00021875,0.00021874999999999998,-4.613539621864702,5.444211651747153,7.325694788277142
3.125000000000003e-05,-0.00021875,0.00025,-4.6130769842735475,5.444263241478179,7.16876244921375
3.125000000000003e-05,-0.0001875,-0.00025,-4.611709104849689,5.165152525217985,9.776274758109446
3.125000000000003e-05,-0.0001875,-0.00021875,-4.612415003725206,5.166629150603629,9.606931666656536
3.125000000000003e-05,-0.0001875,-0.0001875,-4.613042958296545,5.168005690487475,9.438496392719134
3.125000000000003e-05,-0.0001875,-0.00015625,-4.613592959881793,5.169282202213513,9.270956373251082
3.125000000000003e-05,-0.0001875,-0.000125,-4.614065003056637,5.1704587458492455,9.104299066377333
3.125000000000003e-05,-0.0001875,-9.375e-05,-4.614459085656105,5.1715353841892835,8.938511951796144
3.125000000000003e-05,-0.0001875,-6.25e-05,-4.614775208776195,5.172512182758668,8.773582531176594
3.125000000000003e-05,-0.0001875,-3.125e-05,-4.615013376774978,5.173389209815918,8.609498328551673
3.125000000000003e-05,-0.0001875,0.0,-4.6151735972737615,5.174166536355893,8.446246890706904
3.125000000000003e-05,-0.0001875,3.125000000000003e-05,-4.6152558811577,5.174844236112248,8.283815787564517
3.125000000000003e-05,-0.0001875,6.25e-05,-4.615260242576387,5.175422385559816,8.122192612563367
3.125000000000003e-05,-0.0001875,9.374999999999997e-05,-4.61518669894398,5.175901063916533,7.96136498303458
3.125000000000003e-05,-0.0001875,0.000125,-4.615035270939309,5.176280353145281,7.801320540572962
3.125000000000003e-05,-0.0001875,0.00015625000000000003,-4.614805982505431,5.176560337955341,7.642046951404301
3.125000000000003e-05,-0.0001875,0.0001875,-4.614498860849239,5.176741105803636,7.483531906748558
3.125000000000003e-05,-0.0001875,0.00021874999999999998,-4.614113936440553,5.176822746895713,7.325763123179159
3.125000000000003e-05,-0.0001875,0.00025,-4.613651243011098,5.176805354186438,7.168728342978158
3.125000000000003e-05,-0.00015625,-0.00025,-4.612203749728472,4.90013532976112,9.777712651128214
3.125000000000003e-05,-0.00015625,-0.00021875,-4.612909717280687,4.901437918717492,9.608272992721897
3.125000000000003e-05,-0.00015625,-0.0001875,-4.6135377327302685,4.902647507480867,9.439741201614702
3.125000000000003e-05,-0.00015625,-0.00015625,-4.614087787394198,4.903764140987212,9.272104717474729
3.125000000000003e-05,-0.00015625,-0.000125,-4.614559875847383,4.904787866881064,9.105351001144685
3.125000000000003e-05,-0.00015625,-9.375e-05,-4.6149539959244406,4.905718735518791,8.93946753504387
3.125000000000003e-05,-0.00015625,-6.25e-05,-4.615270148721224,4.906556799971433,8.774441823565347
3.125000000000003e-05,-0.00015625,-3.125e-05,-4.615508338596043,4.907302116027408,8.610261393468868
3.125000000000003e-05,-0.00015625,0.0,-4.615668573170758,4.907954742194927,8.446913794269193
3.125000000000003e-05,-0.00015625,3.125000000000003e-05,-4.615750863331397,4.9085147397041755,8.284386598620014
3.125000000000003e-05,-0.00015625,6.25e-05,-4.61575522322878,4.908982172509213,8.12266740269363
3.125000000000003e-05,-0.00015625,9.374999999999997e-05,-4.615681670278614,4.909357107289663,7.961743826556323
3.125000000000003e-05,-0.00015625,0.000125,-4.615530225161594,4.909639613452118,7.801603514539522
3.125000000000003e-05,-0.00015625,0.00015625000000000003,-4.615300911823019,4.90982976313131,7.642234135606815
3.125000000000003e-05,-0.00015625,0.0001875,-4.614993757472294,4.909927631190995,7.483623383716971
3.125000000000003e-05,-0.00015625,0.00021874999999999998,-4.614608792582125,4.909933295224682,7.325758978182835
3.125000000000003e-05,-0.00015625,0.00025,-4.614146050887442,4.9098468355559675,7.1686286640263654
3.125000000000003e-05,-0.000125,-0.00025,-4.612618961867783,4.635599767346433,9.778972973332719
3.125000000000003e-05,-0.000125,-0.00021875,-4.613324986812786,4.636728342091372,9.609443836147024
3.125000000000003e-05,-0.000125,-0.0001875,-4.613953053114437,4.637770995304653,9.440822603640548
3.125000000000003e-05,-0.000125,-0.00015625,-4.614503152088739,4.638727759508871,9.273096718181135
3.125000000000003e-05,-0.000125,-0.000125,-4.6149752783099585,4.639598669920764,9.106253643314338
3.125000000000003e-05,-0.000125,-9.375e-05,-4.615369429612308,4.640383764453821,8.940280864165091
3.125000000000003e-05,-0.000125,-6.25e-05,-4.615685607091505,4.641083083720923,8.775165887834785
3.125000000000003e-05,-0.000125,-3.125e-05,-4.61592381510607,4.6416966710365966,8.61089624379376
3.125000000000003e-05,-0.000125,0.0,-4.61608406127825,4.642224572418967,8.44745948426953
3.125000000000003e-05,-0.000125,3.125000000000003e-05,-4.616166356494848,4.642666836591705,8.284843184630379
3.125000000000003e-05,-0.000125,6.25e-05,-4.616170714907628,4.643023514985415,8.123034943764786
3.125000000000003e-05,-0.000125,9.374999999999997e-05,-4.61609715393363,4.6432946617391115,7.962022384456651
3.125000000000003e-05,-0.000125,0.000125,-4.615945694255057,4.643480333701157,7.801793153756055
3.125000000000003e-05,-0.000125,0.00015625000000000003,-4.6157163598190625,4.643580590430165,7.642334923346215
3.125000000000003e-05,-0.000125,0.0001875,-4.61540917783718,4.6435954941956235,7.483635389906051
3.125000000000003e-05,-0.000125,0.00021874999999999998,-4.615024178784471,4.643525109978116,7.325682275469028
3.125000000000003e-05,-0.000125,0.00025,-4.614561396398568,4.643369505469573,7.168463327777783
3.125000000000003e-05,-9.375e-05,-0.00025,-4.612954732942239,4.371527577582015,9.780055752471714
3.125000000000003e-05,-9.375e-05,-0.00021875,-4.613660803994713,4.372482164821261,9.610444218105375
3.125000000000003e-05,-9.375e-05,-0.0001875,-4.614288911120961,4.373357902681806,9.441740613389694
3.125000000000003e-05,-9.375e-05,-0.00015625,-4.614839045636222,4.374154811268376,9.273932383378122
3.125000000000003e-05,-9.375e-05,-0.000125,-4.615311202114161,4.374872913365521,9.107006994304479
3.125000000000003e-05,-9.375e-05,-9.375e-05,-4.6157053783886335,4.375512234440088,8.940951933984405
3.125000000000003e-05,-9.375e-05,-6.25e-05,-4.616021575555283,4.376072802643235,8.775754712212171
3.125000000000003e-05,-9.375e-05,-3.125e-05,-4.616259797972679,4.3765546488123634,8.61140286115301
3.125000000000003e-05,-9.375e-05,0.0,-4.616420053263452,4.376957806472765,8.447883935731001
3.125000000000003e-05,-9.375e-05,3.125000000000003e-05,-4.61650235231491,4.377282311839057,8.28518551401252
3.125000000000003e-05,-9.375e-05,6.25e-05,-4.61650670927965,4.377528203816336,8.123295197585414
3.125000000000003e-05,-9.375e-05,9.374999999999997e-05,-4.616433141575666,4.377695524001185,7.962200611933904
3.125000000000003e-05,-9.375e-05,0.000125,-4.616281669886446,4.3777843166823756,7.8018894068092575
3.125000000000003e-05,-9.375e-05,0.00015625000000000003,-4.616052318160558,4.377794628841386,7.642349256596345
3.125000000000003e-05,-9.375e-05,0.0001875,-4.61574511361123,4.3777265101526135,7.4835678606761
3.125000000000003e-05,-9.375e-05,0.00021874999999999998,-4.615360086715463,4.377580012983513,7.325532943784053
3.125000000000003e-05,-9.375e-05,0.00025,-4.61489727121299,4.377355192394267,7.168232256364773
3.125000000000003e-05,-6.25e-05,-0.00025,-4.613211057798929,4.10790050915927,9.780961020714072
3.125000000000003e-05,-6.25e-05,-0.00021875,-4.613917163672611,4.108681140089497,9.611274164329197
3.125000000000003e-05,-6.25e-05,-0.0001875,-4.61454530159517,4.109389987424625,9.442495250153353
3.125000000000003e-05,-6.25e-05,-0.00015625,-4.615095462881173,4.1100270588475025,9.274611725911779
3.125000000000003e-05,-6.25e-05,-0.000125,-4.615567642103817,4.110592364707049,9.107611060512363
3.125000000000003e-05,-6.25e-05,-9.375e-05,-4.6159618370966955,4.111085918020159,8.941480744446809
3.125000000000003e-05,-6.25e-05,-6.25e-05,-4.616278048955272,4.111507734473401,8.77620829018726
3.125000000000003e-05,-6.25e-05,-3.125e-05,-4.6165162820382095,4.111857832424545,8.611781232578398
3.125000000000003e-05,-6.25e-05,0.0,-4.6166765439683175,4.112136232903767,8.448187129225085
3.125000000000003e-05,-6.25e-05,3.125000000000003e-05,-4.61675884563333,4.112342959614788,8.285413560875641
3.125000000000003e-05,-6.25e-05,6.25e-05,-4.616763201186375,4.112478038935606,8.123448131800718
3.125000000000003e-05,-6.25e-05,9.374999999999997e-05,-4.616689628046219,4.112541499919208,7.962278470168022
3.125000000000003e-05,-6.25e-05,0.000125,-4.6165381468972155,4.112533374293846,7.801892228412761
3.125000000000003e-05,-6.25e-05,0.00015625000000000003,-4.616308781689066,4.112453696463289,7.642277083603949
3.125000000000003e-05,-6.25e-05,0.0001875,-4.616001559636215,4.112302503506716,7.4834207378066795
3.125000000000003e-05,-6.25e-05,0.00021874999999999998,-4.61561651121709,4.112079835178455,7.325310918440373
3.125000000000003e-05,-6.25e-05,0.00025,-4.615153670173048,4.111785733907507,7.16793537863305
3.125000000000003e-05,-3.125e-05,-0.00025,-4.613387934458474,3.8447003203836556,9.781688814651845
3.125000000000003e-05,-3.125e-05,-0.00021875,-4.6140940638666335,3.8453070306951314,9.611933705112374
3.125000000000003e-05,-3.125e-05,-0.0001875,-4.614722222556731,3.845849016964403,9.443086537923566
3.125000000000003e-05,-3.125e-05,-0.00015625,-4.615272401842871,3.846326274449351,9.275134763468968
3.125000000000003e-05,-3.125e-05,-0.000125,-4.615744596297876,3.846738801060339,9.108065853316592
3.125000000000003e-05,-3.125e-05,-9.375e-05,-4.6161388037550495,3.847086597361798,8.941867300619913
3.125000000000003e-05,-3.125e-05,-6.25e-05,-4.616455025309776,3.84736966657344,8.776526620514252
3.125000000000003e-05,-3.125e-05,-3.125e-05,-4.616693265320672,3.847588014571425,8.61203135050863
3.125000000000003e-05,-3.125e-05,0.0,-4.616853531410653,3.847741649889283,8.448369050873263
3.125000000000003e-05,-3.125e-05,3.125000000000003e-05,-4.6169358344676965,3.8478305837184497,8.285527305022523
3.125000000000003e-05,-3.125e-05,6.25e-05,-4.616940188645259,3.8478548299089232,8.123493719893695
3.125000000000003e-05,-3.125e-05,9.374999999999997e-05,-4.616866611362577,3.8478144049693253,7.962255926321443
3.125000000000003e-05,-3.125e-05,0.000125,-4.616715123304622,3.8477093280670833,7.8018015794079805
3.125000000000003e-05,-3.125e-05,0.00015625000000000003,-4.616485748421746,3.847539621028226,7.642118358889302
3.125000000000003e-05,-3.125e-05,0.0001875,-4.616178513929259,3.847305308336931,7.4831939694970755
3.125000000000003e-05,-3.125e-05,0.00021874999999999998,-4.615793450306537,3.8470064171350336,7.325016141316809
3.125000000000003e-05,-3.125e-05,0.00025,-4.61533059129597,3.846642977221152,7.1675726301417875
3.125000000000003e-05,0.0,-0.00025,-4.613485364115851,3.581908779703012,9.78223917530258
3.125000000000003e-05,0.0,-0.00021875,-4.614191505771734,3.582341609581688,9.61242287531268
3.125000000000003e-05,0.0,-0.0001875,-4.614819675200609,3.582716768879015,9.443514505395298
3.125000000000003e-05,0.0,-0.00015625,-4.615369863716235,3.583034240425391,9.27550151857912
3.125000000000003e-05,0.0,-0.000125,-4.6158420658911465,3.5832940096904693,9.108371389078727
3.125000000000003e-05,0.0,-9.375e-05,-4.6162362795584855,3.583496064784267,8.94211161269535
3.125000000000003e-05,0.0,-6.25e-05,-4.616552505813452,3.5836403964580867,8.776709707213067
3.125000000000003e-05,0.0,-3.125e-05,-4.616790749014615,3.583726998105206,8.61215321279049
3.125000000000003e-05,0.0,0.0,-4.616951016784892,3.583755865761395,8.448429692347952
3.125000000000003e-05,0.0,3.125000000000003e-05,-4.617033320012303,3.583726998105206,8.285526731950412
3.125000000000003e-05,0.0,6.25e-05,-4.617037672850452,3.5836403964580867,8.123431941185855
3.125000000000003e-05,0.0,9.374999999999997e-05,-4.6169640927187645,3.583496064784267,7.962132953539637
3.125000000000003e-05,0.0,0.000125,-4.6168126003024526,3.5832940096904693,7.801617426764464
3.125000000000003e-05,0.0,0.00015625000000000003,-4.616583219552245,3.583034240425391,7.641873043246314
3.125000000000003e-05,0.0,0.0001875,-4.616275977683801,3.582716768879015,7.4828875103662655
3.125000000000003e-05,0.0,0.00021874999999999998,-4.6158909051769745,3.582341609581688,7.324648560858326
3.125000000000003e-05,0.0,0.00025,-4.615428035774699,3.581908779703012,7.167143953163274
3.125000000000003e-05,3.125000000000003e-05,-0.00025,-4.613503351140934,3.319507666233594,9.782612148111523
3.125000000000003e-05,3.125000000000003e-05,-0.00021875,-4.61420949375824,3.319766660362872,9.612741714353621
3.125000000000003e-05,3.125000000000003e-05,-0.0001875,-4.614837663897489,3.3199750314180103,9.443779185968108
3.125000000000003e-05,3.125000000000003e-05,-0.00015625,-4.615387852872257,3.3201327498001487,9.275712018615899
3.125000000000003e-05,3.125000000000003e-05,-0.000125,-4.615860055254928,3.320239788536722,9.108527689144799
3.125000000000003e-05,3.125000000000003e-05,-9.375e-05,-4.616254268878439,3.3202961232821147,8.942213695990082
3.125000000000003e-05,3.125000000000003e-05,-6.25e-05,-4.616570494837894,3.3203017323182697,8.77675755957049
3.125000000000003e-05,3.125000000000003e-05,-3.125e-05,-4.616808737491708,3.320256596554886,8.612146822679668
3.125000000000003e-05,3.125000000000003e-05,0.0,-4.616969004462676,3.320160699529577,8.448369050873263
3.125000000000003e-05,3.125000000000003e-05,3.125000000000003e-05,-4.617051306638733,3.3200140274078613,8.285411832851487
3.125000000000003e-05,3.125000000000003e-05,6.25e-05,-4.617055658173377,3.319816568982786,8.123262780837457
3.125000000000003e-05,3.125000000000003e-05,9.374999999999997e-05,-4.616982076485967,3.319568315674587,7.961909530951274
3.125000000000003e-05,3.125000000000003e-05,0.000125,-4.616830582261674,3.319269261529978,7.801339743579774
3.125000000000003e-05,3.125000000000003e-05,0.00015625000000000003,-4.616601199451132,3.318919403221274,7.641541103742371
3.125000000000003e-05,3.125000000000003e-05,0.0001875,-4.616293955270017,3.3185187400454823,7.482501321452535
3.125000000000003e-05,3.125000000000003e-05,0.00021874999999999998,-4.615908880198144,3.3180672739229697,7.324208132075562
3.125000000000003e-05,3.125000000000003e-05,0.00025,-4.61544600797843,3.3175650093960978,7.166649296682109
3.125000000000003e-05,6.25e-05,-0.00025,-4.613441903078799,3.0574787702840696,9.782807782953029
3.125000000000003e-05,6.25e-05,-0.00021875,-4.614148035372138,3.057563977846091,9.612890266225886
3.125000000000003e-05,6.25e-05,-0.0001875,-4.614776196194179,3.0576056040257487,9.443880617747409
3.125000000000003e-05,6.25e-05,-0.00015625,-4.615326376858441,3.0576036067938928,9.275766295798121
3.125000000000003e-05,6.25e-05,-0.000125,-4.615798571937234,3.0575579467348963,9.108534779846032
3.125000000000003e-05,6.25e-05,-9.375e-05,-4.616192779263425,3.057468587047008,8.942173570946998
3.125000000000003e-05,6.25e-05,-6.25e-05,-4.616508999931914,3.057335493542439,8.776670192140545
3.125000000000003e-05,6.25e-05,-3.125e-05,-4.616747238300961,3.057158634647243,8.612012188841149
3.125000000000003e-05,6.25e-05,0.0,-4.616907501993133,3.056937981401154,8.448187129225085
3.125000000000003e-05,6.25e-05,3.125000000000003e-05,-4.616989801896082,3.0566735074570004,8.285182604612888
3.125000000000003e-05,6.25e-05,6.25e-05,-4.6169941521630165,3.0563651890802332,8.122986229847431
3.125000000000003e-05,6.25e-05,9.374999999999997e-05,-4.616920570212948,3.05601300514796,7.961585643667831
3.125000000000003e-05,6.25e-05,0.000125,-4.616769076730633,3.0556169371480992,7.800968509079093
3.125000000000003e-05,6.25e-05,0.00015625000000000003,-4.616539695666335,3.055176969178106,7.641122513717607
3.125000000000003e-05,6.25e-05,0.0001875,-4.616232454235225,3.0546930879436576,7.482035370212625
3.125000000000003e-05,6.25e-05,0.00021874999999999998,-4.615847382916617,3.0541652827571335,7.323694816543684
3.125000000000003e-05,6.25e-05,0.00025,-4.615384515452918,3.0535935455358323,7.166088616394094
3.125000000000003e-05,9.374999999999997e-05,-0.00025,-4.61330103064976,2.795803893877508,9.782826134131877
3.125000000000003e-05,9.374999999999997e-05,-0.00021875,-4.614007141335129,2.7957153685539455,9.612868579488284
3.125000000000003e-05,9.374999999999997e-05,-0.0001875,-4.614635282813555,2.79559029786251,9.443818843545259
3.125000000000003e-05,9.374999999999997e-05,-0.00015625,-4.615185446398705,2.7954286273433055,9.275664387190538
3.125000000000003e-05,9.374999999999997e-05,-0.000125,-4.615657626662913,2.7952303051375993,9.10839269249949
3.125000000000003e-05,9.374999999999997e-05,-9.375e-05,-4.616051821438947,2.794995281987528,8.941991263135344
3.125000000000003e-05,9.374999999999997e-05,-6.25e-05,-4.616368031821603,2.794723511235946,8.776447624744808
3.125000000000003e-05,9.374999999999997e-05,-3.125e-05,-4.616606262168844,2.794414948825868,8.611749325349173
3.125000000000003e-05,9.374999999999997e-05,0.0,-4.616766520102938,2.7940695532998543,8.447883935731001
3.125000000000003e-05,9.374999999999997e-05,3.125000000000003e-05,-4.616848816511075,2.7936872857991757,8.284839049816355
3.125000000000003e-05,9.374999999999997e-05,6.25e-05,-4.61685316554597,2.793268110062845,8.122602285052775
3.125000000000003e-05,9.374999999999997e-05,9.374999999999997e-05,-4.616779584625979,2.7928119924264316,7.961161282782964
3.125000000000003e-05,9.374999999999997e-05,0.000125,-4.616628094435198,2.7923189018207446,7.800503708614248
3.125000000000003e-05,9.374999999999997e-05,0.00015625000000000003,-4.616398718923041,2.791788809770295,7.640617252783931
3.125000000000003e-05,9.374999999999997e-05,0.0001875,-4.616091485303824,2.7912216903917018,7.481489630520537
3.125000000000003e-05,9.374999999999997e-05,0.00021874999999999998,-4.61570642405588,2.790617520391693,7.323108582401143
3.125000000000003e-05,9.374999999999997e-05,0.00025,-4.615243568920511,2.7899762790652556,7.16546187470461
3.125000000000003e-05,0.000125,-0.00025,-4.613080747749169,2.5344648512713217,9.782667260383814
3.125000000000003e-05,0.000125,-0.00021875,-4.613786825544397,2.5342026512438336,9.612676707268303
3.125000000000003e-05,0.000125,-0.0001875,-4.614414937654468,2.5339109363234833,9.443593910880738
3.125000000000003e-05,0.000125,-0.00015625,-4.61496507539329,2.533589639620105,9.275406334703892
3.125000000000003e-05,0.000125,-0.000125,-4.615437233333354,2.533238696832267,9.108101463407923
3.125000000000003e-05,0.000125,-9.375e-05,-4.615831409307423,2.5328580462468735,8.941666803250437
3.125000000000003e-05,0.000125,-6.25e-05,-4.6161476044100835,2.532447628738378,8.77608988247194
3.125000000000003e-05,0.000125,-3.125e-05,-4.6163858229990495,2.5320073877678837,8.61135825168674
3.125000000000003e-05,0.000125,0.0,-4.616546072696082,2.5315372693822686,8.44745948426953
3.125000000000003e-05,0.000125,3.125000000000003e-05,-4.616628364387827,2.531037222212775,8.284381176737401
3.125000000000003e-05,0.000125,6.25e-05,-4.616632712226206,2.5305071974738875,8.122110949127629
3.125000000000003e-05,0.000125,9.374999999999997e-05,-4.616559133628745,2.5299471489615835,7.960636445371305
3.125000000000003e-05,0.000125,0.000125,-4.616407649278453,2.5293570330518746,7.799945333662469
3.125000000000003e-05,0.000125,0.00015625000000000003,-4.616178283123613,2.528736808698811,7.640025306823459
3.125000000000003e-05,0.000125,0.0001875,-4.615871062377211,2.528086437432512,7.480864082665862
3.125000000000003e-05,0.000125,0.00021874999999999998,-4.615486017516082,2.5274058833570896,7.32244940434775
3.125000000000003e-05,0.000125,0.00025,-4.615023182279955,2.5266951131481816,7.1647690407266875
3.125000000000003e-05,0.00015625000000000003,-0.00025,-4.61278107144694,2.2734434694754553,9.782331224875959
3.125000000000003e-05,0.00015625000000000003,-0.00021875,-4.613487105072163,2.273007657425605,9.612314707262232
3.125000000000003e-05,0.00015625000000000003,-0.0001875,-4.614115177791136,2.272549355556255,9.4432058719799
3.125000000000003e-05,0.00015625000000000003,-0.00015625,-4.614665280918217,2.27206848454791,9.27499218509482
3.125000000000003e-05,0.00015625000000000003,-0.000125,-4.615137409026096,2.271564967657841,9.107661133859537
3.125000000000003e-05,0.00015625000000000003,-9.375e-05,-4.615531559947577,2.271038730719028,8.941200227113278
3.125000000000003e-05,0.00015625000000000003,-6.25e-05,-4.615847734777099,2.270489702139163,8.775596995677097
3.125000000000003e-05,0.00015625000000000003,-3.125e-05,-4.616085937871965,2.2699178128993314,8.61083899274479
3.125000000000003e-05,0.00015625000000000003,0.0,-4.61624617685343,2.269322996552627,8.446913794269193
3.125000000000003e-05,0.00015625000000000003,3.125000000000003e-05,-4.616328462607319,2.2687051892225636,8.28380899934409
3.125000000000003e-05,0.00015625000000000003,6.25e-05,-4.616332809284655,2.268064329601382,8.121512230581878
3.125000000000003e-05,0.00015625000000000003,9.374999999999997e-05,-4.616259234301751,2.267400358948155,7.9600111344869156
3.125000000000003e-05,0.00015625000000000003,0.000125,-4.616107758340307,2.266713221086787,7.799293381824669
3.125000000000003e-05,0.00015625000000000003,0.00015625000000000003,-4.615878405347038,2.2660028624038113,7.6393466679867235
3.125000000000003e-05,0.00015625000000000003,0.0001875,-4.615571202533161,2.2652692318461276,7.480158713351771
3.125000000000003e-05,0.00015625000000000003,0.00021874999999999998,-4.6151861803736,2.264512280918414,7.321717263642501
3.125000000000003e-05,0.00015625000000000003,0.00025,-4.614723372605909,2.2637319636806073,7.16401009027862
3.125000000000003e-05,0.0001875,-0.00025,-4.612402021986818,2.012721588768911,9.781818095206473
3.125000000000003e-05,0.0001875,-0.00021875,-4.613108000164946,2.0121122318776803,9.61178264173471
3.125000000000003e-05,0.0001875,-0.0001875,-4.613736023472556,2.0114874049762035,9.442654783775197
3.125000000000003e-05,0.0001875,-0.00015625,-4.614286083224589,2.0108470163174674,9.274421989965058
3.125000000000003e-05,0.0001875,-0.000125,-4.614758173994069,2.010190976719276,9.107071750127062
3.125000000000003e-05,0.0001875,-9.375e-05,-4.615152293613848,2.009519199562857,8.940591575669371
3.125000000000003e-05,0.0001875,-6.25e-05,-4.615468443178227,2.008831600791403,8.774968999980658
3.125000000000003e-05,0.0001875,-3.125e-05,-4.615706627044068,2.008128098908383,8.610191578820762
3.125000000000003e-05,0.0001875,0.0,-4.615866852831951,2.0074086149757595,8.446246890706904
3.125000000000003e-05,0.0001875,3.125000000000003e-05,-4.61594913142679,2.006673072612052,8.283122537295426
3.125000000000003e-05,0.0001875,6.25e-05,-4.615953476978419,2.0059213979902544,8.120806143759303
3.125000000000003e-05,0.0001875,9.374999999999997e-05,-4.615879906901722,2.005153519835608,7.959285359161353
3.125000000000003e-05,0.0001875,0.000125,-4.615728441876741,2.0043693694232396,7.798547856823233
3.125000000000003e-05,0.0001875,0.00015625000000000003,-4.615499105848227,2.0035688805756395,7.6385813346903255
3.125000000000003e-05,0.0001875,0.0001875,-4.61519192602525,2.0027519896600423,7.479373515692497
3.125000000000003e-05,0.0001875,0.00021874999999999998,-4.614806932880293,2.001918635585596,7.320912148100984
3.125000000000003e-05,0.0001875,0.00025,-4.614344160148227,2.0010687598004564,7.163185005881131
3.125000000000003e-05,0.00021874999999999998,-0.00025,-4.611943622785424,1.7522810632145134,9.781127943404034
3.125000000000003e-05,0.00021874999999999998,-0.00021875,-4.612649534242597,1.7514982331613775,9.611080577518056
3.125000000000003e-05,0.00021874999999999998,-0.0001875,-4.61327749812143,1.7507069477805908,9.441940707904587
3.125000000000003e-05,0.00021874999999999998,-0.00015625,-4.613827505737608,1.749907102900044,9.273695805760418
3.125000000000003e-05,0.00021874999999999998,-0.000125,-4.614299551664568,1.74909859690075,9.106333363466476
3.125000000000003e-05,0.00021874999999999998,-9.375e-05,-4.614693633735317,1.748281330714904,8.939840894987446
3.125000000000003e-05,0.00021874999999999998,-6.25e-05,-4.615009753043934,1.7474552078241046,8.774205936266707
3.125000000000003e-05,0.00021874999999999998,-3.125e-05,-4.6152479139468445,1.7466201342572953,8.609416045616966
3.125000000000003e-05,0.00021874999999999998,0.0,-4.615408124063802,1.7457760185884863,8.44545880410617
3.125000000000003e-05,0.00021874999999999998,3.125000000000003e-05,-4.615490394278658,1.7449227719346005,8.282321815939248
3.125000000000003e-05,0.00021874999999999998,6.25e-05,-4.615494738739826,1.7440603079528594,8.119992708835413
3.125000000000003e-05,0.00021874999999999998,9.374999999999997e-05,-4.6154211748605345,1.7431885428383738,7.958459134401247
3.125000000000003e-05,0.00021874999999999998,0.000125,-4.615269723318778,1.7423073953212762,7.797708768499582
3.125000000000003e-05,0.00021874999999999998,0.00015625000000000003,-4.6150404080570455,1.7414167866639785,7.637729311614192
3.125000000000003e-05,0.00021874999999999998,0.0001875,-4.614733256281769,1.7405166406582138,7.478508489210521
3.125000000000003e-05,0.00021874999999999998,0.00021874999999999998,-4.614348298462537,1.7396068836217988,7.320034052092293
3.125000000000003e-05,0.00021874999999999998,0.00025,-4.613885568330987,1.738687444395567,7.1622937767542405
3.125000000000003e-05,0.00025,-0.00025,-4.611405900430988,1.4921037611722652,9.780260845926742
3.125000000000003e-05,0.00025,-0.00021875,-4.612111733897028,1.4911475341338158,9.610208586010959
3.125000000000003e-05,0.00025,-0.0001875,-4.612739628332959,1.490189861460882,9.44106371071014
3.125000000000003e-05,0.00025,-0.00015625,-4.613289575055336,1.4892306265595159,9.272813693769226
3.125000000000003e-05,0.00025,-0.000125,-4.613761568638122,1.4882697153771325,9.10544603011539
3.125000000000003e-05,0.00025,-9.375e-05,-4.614155606914495,1.4873070164003885,8.93894823625752
3.125000000000003e-05,0.00025,-6.25e-05,-4.614471690978359,1.4863424206528537,8.773307850681041
3.125000000000003e-05,0.00025,-3.125e-05,-4.614709825185584,1.4853758216925408,8.608512434238344
3.125000000000003e-05,0.00025,0.0,-4.614870017155039,1.4844071156094427,8.444549570534699
3.125000000000003e-05,0.00025,3.125000000000003e-05,-4.614952277769314,1.4834362010227042,8.281406866309753
3.125000000000003e-05,0.00025,6.25e-05,-4.614956621175219,1.4824629790779762,8.119071951814757
3.125000000000003e-05,0.00025,9.374999999999997e-05,-4.614883064784004,1.4814873534443211,7.957532481185515
3.125000000000003e-05,0.00025,0.000125,-4.61473162927135,1.480509230311303,7.79677613281112
3.125000000000003e-05,0.00025,0.00015625000000000003,-4.614502338577061,1.4795285183857139,7.636790609698556
3.125000000000003e-05,0.00025,0.0001875,-4.6141952199045315,1.4785451288883071,7.47756363983326
3.125000000000003e-05,0.00025,0.00021874999999999998,-4.613810303719954,1.4775589755504017,7.319082976535636
3.125000000000003e-05,0.00025,0.00025,-4.613347623751237,1.4765699746102736,7.161336398813631
6.25e-05,-0.00025,-0.00025,-4.379871358781695,5.695978937776741,9.77206293613493
6.25e-05,-0.00025,-0.00021875,-4.380694422629794,5.697803575337842,9.603011956669913
6.25e-05,-0.00025,-0.0001875,-4.381440033601753,5.699513947907458,9.434868660860506
6.25e-05,-0.00025,-0.00015625,-4.382108197678653,5.701110137627705,9.267620477096699
6.25e-05,-0.00025,-0.000125,-4.3826989237673235,5.702592229394754,9.101254854929312
6.25e-05,-0.00025,-9.375e-05,-4.383212223702471,5.703960310863312,8.93575926547295
6.25e-05,-0.00025,-6.25e-05,-4.3836481122484,5.705214472450633,8.771121201804334
6.25e-05,-0.00025,-3.125e-05,-4.384006607100621,5.706354807340514,8.607328179356156
6.25e-05,-0.00025,0.0,-4.384287728887151,5.707381411486741,8.444367736306496
6.25e-05,-0.00025,3.125000000000003e-05,-4.384491501169609,5.708294383616465,8.282227433963786
6.25e-05,-0.00025,6.25e-05,-4.384617950444031,5.709093825233156,8.120894857147535
6.25e-05,-0.00025,9.374999999999997e-05,-4.384667106141491,5.709779840619389,7.960357614564737
6.25e-05,-0.00025,0.000125,-4.384639000628438,5.710352536839209,7.800603339182102
6.25e-05,-0.00025,0.00015625000000000003,-4.38453366920683,5.710812023740416,7.641619688594128
6.25e-05,-0.00025,0.0001875,-4.384351150113965,5.711158413956305,7.483394345387142
6.25e-05,-0.00025,0.00021874999999999998,-4.384091484522182,5.711391822907392,7.325915017499277
6.25e-05,-0.00025,0.00025,-4.38375471653817,5.711512368802643,7.169169438576553
6.25e-05,-0.00021875,-0.00025,-4.3805899150622185,5.430023565948531,9.773855927686304
6.25e-05,-0.00021875,-0.00021875,-4.381413094046831,5.431674148526033,9.604694195621494
6.25e-05,-0.00021875,-0.0001875,-4.382158808501116,5.433217563845795,9.436440221785668
6.25e-05,-0.00021875,-0.00015625,-4.382827064405972,5.434653881654548,9.269081437312849
6.25e-05,-0.00021875,-0.000125,-4.383417870668572,5.435983174437498,9.102605294502187
6.25e-05,-0.00021875,-9.375e-05,-4.383931239124389,5.4372055174221625,8.936999267220742
6.25e-05,-0.00021875,-6.25e-05,-4.3843671845389665,5.438320988582249,8.772250851301425
6.25e-05,-0.00021875,-3.125e-05,-4.384725724609534,5.439329668641035,8.608347564936661
6.25e-05,-0.00021875,0.0,-4.385006879966265,5.440231641074578,8.445276949067498
6.25e-05,-0.00021875,3.125000000000003e-05,-4.385210674173419,5.441026992114634,8.283026567768315
6.25e-05,-0.00021875,6.25e-05,-4.385337133730122,5.441715810751291,8.121584008627245
6.25e-05,-0.00021875,9.374999999999997e-05,-4.385386288071018,5.442298188735363,7.9609368831223275
6.25e-05,-0.00021875,0.000125,-4.385358169566567,5.442774220580482,7.801072826993456
6.25e-05,-0.00021875,0.00015625000000000003,-4.385252813523222,5.443144003564921,7.641979500610162
6.25e-05,-0.00021875,0.0001875,-4.385070258183238,5.443407637733221,7.483644589335402
6.25e-05,-0.00021875,0.00021874999999999998,-4.384810544724346,5.443565225897336,7.326055803885236
6.25e-05,-0.00021875,0.00025,-4.3844737172591515,5.443616873637795,7.169200880684635
6.25e-05,-0.0001875,-0.00025,-4.381228055250547,5.164586384870199,9.775471319250013
6.25e-05,-0.0001875,-0.00021875,-4.382051335784711,5.166062925719451,9.606205935038618
6.25e-05,-0.0001875,-0.0001875,-4.382797141453437,5.167439390118221,9.437848371238395
6.25e-05,-0.0001875,-0.00015625,-4.383465478237472,5.168715835411216,9.270386061712149
6.25e-05,-0.0001875,-0.000125,-4.384056355044193,5.1698923216662545,9.103806461491718
6.25e-05,-0.0001875,-9.375e-05,-4.384569783709688,5.170968911677879,8.93809704718048
6.25e-05,-0.0001875,-6.25e-05,-4.385005779000554,5.171945670970761,8.773245317351108
6.25e-05,-0.0001875,-3.125e-05,-4.385364358615458,5.172822667802612,8.60923879293887
6.25e-05,-0.0001875,0.0,-4.385645543186462,5.173599973167114,8.446065017630563
6.25e-05,-0.0001875,3.125000000000003e-05,-4.385849356280059,5.174277660796415,8.283711558248887
6.25e-05,-0.0001875,6.25e-05,-4.385975824398106,5.174855807163417,8.122166005132604
6.25e-05,-0.0001875,9.374999999999997e-05,-4.386024976978326,5.175334491483793,7.961415972512526
6.25e-05,-0.0001875,0.000125,-4.385996846394708,5.175713795717798,7.801449098883032
6.25e-05,-0.0001875,0.00015625000000000003,-4.385891467957615,5.175993804571643,7.642253047369729
6.25e-05,-0.0001875,0.0001875,-4.385708879913658,5.176174605498882,7.483815506092887
6.25e-05,-0.0001875,0.00021874999999999998,-4.385449123445328,5.176256288701302,7.326124188526873
6.25e-05,-0.0001875,0.00025,-4.385112242670354,5.176238947129617,7.1691668338557095
6.25e-05,-0.00015625,-0.00025,-4.3817857733543155,4.8996491146253325,9.776909129747205
6.25e-05,-0.00015625,-0.00021875,-4.382609141849038,4.900951631481685,9.607547186989043
6.25e-05,-0.00015625,-0.0001875,-4.383355026462493,4.902161155907889,9.439093114426534
6.25e-05,-0.00015625,-0.00015625,-4.384023433175173,4.9032777328405786,9.27153434863636
6.25e-05,-0.00015625,-0.000125,-4.384614370894567,4.90430140992463,9.104858347367802
6.25e-05,-0.00015625,-9.375e-05,-4.385127851457241,4.905232237516401,8.939052589944891
6.25e-05,-0.00015625,-6.25e-05,-4.385563889630627,4.906070268686623,8.774104577663973
6.25e-05,-0.00015625,-3.125e-05,-4.385922503114591,4.906815559223082,8.610001834186724
6.25e-05,-0.00015625,0.0,-4.386203712542743,4.907468167633044,8.44673190592882
6.25e-05,-0.00015625,3.125000000000003e-05,-4.386407541483523,4.908028155145414,8.284282362444081
6.25e-05,-0.00015625,6.25e-05,-4.386534016441045,4.908495585712666,8.12264079680439
6.25e-05,-0.00015625,9.374999999999997e-05,-4.386583166855682,4.908870526012505,7.961794825975344
6.25e-05,-0.00015625,0.000125,-4.38655502510443,4.909153045449289,7.801732091187585
6.25e-05,-0.00015625,0.00015625000000000003,-4.386449626501019,4.909343216155193,7.642440258304231
6.25e-05,-0.00015625,0.0001875,-4.386267009295783,4.909441112991115,7.483907018183926
6.25e-05,-0.00015625,0.00021874999999999998,-4.38600721467531,4.909446813547364,7.326120087040199
6.25e-05,-0.00015625,0.00025,-4.385670286761781,4.9093603981439955,7.16906720679657
6.25e-05,-0.000125,-0.00025,-4.382263066132498,4.635193483310421,9.778169382511471
6.25e-05,-0.000125,-0.00021875,-4.383086508997343,4.6363219983931225,9.608717968092128
6.25e-05,-0.000125,-0.0001875,-4.383832460284397,4.6373645984184675,9.440174461249281
6.25e-05,-0.000125,-0.00015625,-4.384500925973855,4.638321315909672,9.272526301259084
6.25e-05,-0.000125,-0.000125,-4.385091914973233,4.6391921860837435,9.105760948573366
6.25e-05,-0.000125,-9.375e-05,-4.38560543911939,4.6399772468542855,8.939865885221538
6.25e-05,-0.000125,-6.25e-05,-4.386041513180429,4.640676538833964,8.774828615207914
6.25e-05,-0.000125,-3.125e-05,-4.386400154857122,4.641290105336801,8.610636664904526
6.25e-05,-0.000125,0.0,-4.386681384784369,4.64181799238022,8.447277583439455
6.25e-05,-0.000125,3.125000000000003e-05,-4.38688522653214,4.642260248686837,8.28473894308084
6.25e-05,-0.000125,6.25e-05,-4.387011706606456,4.642616925686016,8.123008339616474
6.25e-05,-0.000125,9.374999999999997e-05,-4.387060854449841,4.642888077515186,7.962073392729218
6.25e-05,-0.000125,0.000125,-4.387032702441821,4.643073761020919,7.8019217463681585
6.25e-05,-0.000125,0.00015625000000000003,-4.386927285898896,4.643174035759752,7.642541069115647
6.25e-05,-0.000125,0.0001875,-4.386744643074546,4.643188963998765,7.4839190545502765
6.25e-05,-0.000125,0.00021874999999999998,-4.386484815158769,4.643118610715976,7.326043421605829
6.25e-05,-0.000125,0.00025,-4.386147846277489,4.642963043600402,7.168901914926279
6.25e-05,-9.375e-05,-0.00025,-4.382659933097145,4.371201227570759,9.779252105292802
6.25e-05,-9.375e-05,-0.00021875,-4.3834834367407005,4.372155767586512,9.609718299522427
6.25e-05,-9.375e-05,-0.0001875,-4.384229442429282,4.373031463409238,9.441092426300688
6.25e-05,-9.375e-05,-0.00015625,-4.384897956142747,4.373828335144214,9.273361927589116
6.25e-05,-9.375e-05,-0.000125,-4.38548898678851,4.374546405576336,9.106514266527528
6.25e-05,-9.375e-05,-9.375e-05,-4.386002546203627,4.37518570017254,8.940536927835813
6.25e-05,-9.375e-05,-6.25e-05,-4.386438649156599,4.375746247083891,8.775417418210942
6.25e-05,-9.375e-05,-3.125e-05,-4.386797313348917,4.376228077147476,8.611143266719548
6.25e-05,-9.375e-05,0.0,-4.387078559416393,4.376631223888064,8.4477020251861
6.25e-05,-9.375e-05,3.125000000000003e-05,-4.387282410930248,4.376955723519474,8.285081268576562
6.25e-05,-9.375e-05,6.25e-05,-4.387408894397928,4.377201614945884,8.123268595377805
6.25e-05,-9.375e-05,9.374999999999997e-05,-4.387458039263718,4.377368939762675,7.962251627972851
6.25e-05,-9.375e-05,0.000125,-4.387429877909099,4.37745774225722,7.802018013011654
6.25e-05,-9.375e-05,0.00015625000000000003,-4.3873244456528475,4.377468069409365,7.642555421778023
6.25e-05,-9.375e-05,0.0001875,-4.387141780750924,4.377399970891701,7.483851550552312
6.25e-05,-9.375e-05,0.00021874999999999998,-4.386881924396103,4.377253499069615,7.325894120970122
6.25e-05,-9.375e-05,0.00025,-4.386544920717318,4.377028709001021,7.1686708803770935
6.25e-05,-6.25e-05,-0.00025,-4.382976376514703,4.107654093133766,9.78015733026078
6.25e-05,-6.25e-05,-0.00021875,-4.383799927345112,4.108434689279689,9.610548207012908
6.25e-05,-6.25e-05,-0.0001875,-4.384545975162701,4.1091435057275385,9.441847028872669
6.25e-05,-6.25e-05,-0.00015625,-4.3852145259469175,4.109780550160694,9.274041240473176
6.25e-05,-6.25e-05,-0.000125,-4.385805588605002,4.11034583292839,9.107118307628134
6.25e-05,-6.25e-05,-9.375e-05,-4.386319174974,4.110839367047712,8.941065717733306
6.25e-05,-6.25e-05,-6.25e-05,-4.386755299822673,4.111261168205201,8.77587098016333
6.25e-05,-6.25e-05,-3.125e-05,-4.387113980852921,4.11161125475847,8.611521626664121
6.25e-05,-6.25e-05,0.0,-4.387395238701213,4.111889647737388,8.448005211740728
6.25e-05,-6.25e-05,3.125000000000003e-05,-4.38759909693961,4.112096370845159,8.285309313040852
6.25e-05,-6.25e-05,6.25e-05,-4.3877255820766266,4.112231450459154,8.123421531734019
6.25e-05,-6.25e-05,9.374999999999997e-05,-4.387774723557803,4.112294915631515,7.962329492886505
6.25e-05,-6.25e-05,0.000125,-4.387746553766123,4.112286798089511,7.8020208458320415
6.25e-05,-6.25e-05,0.00015625000000000003,-4.387641108022013,4.112207132235789,7.642483264538388
6.25e-05,-6.25e-05,0.0001875,-4.387458424583352,4.11205595514819,7.483704447969846
6.25e-05,-6.25e-05,0.00021874999999999998,-4.387198544645002,4.111833306579579,7.3256721204457405
6.25e-05,-6.25e-05,0.00025,-4.38686151233822,4.111539228957283,7.168374031994968
6.25e-05,-3.125e-05,-0.00025,-4.383212401407239,3.844533835339864,9.780885094007637
6.25e-05,-3.125e-05,-0.00021875,-4.384035985832727,3.8451405233061595,9.611207720857648
6.25e-05,-3.125e-05,-0.0001875,-4.384782063506797,3.8456824898387043,9.442438292957455
6.25e-05,-3.125e-05,-0.00015625,-4.38545064040845,3.8461597301958386,9.274564257598334
6.25e-05,-3.125e-05,-0.000125,-4.3860417254446284,3.8465722422882713,9.107573083254003
6.25e-05,-3.125e-05,-9.375e-05,-4.3865553304522695,3.8469200266805883,8.941452259981846
6.25e-05,-3.125e-05,-6.25e-05,-4.3869914702001305,3.8472030865926827,8.776189299819539
6.25e-05,-3.125e-05,-3.125e-05,-4.387350162390291,3.847421427900683,8.611771737177207
6.25e-05,-3.125e-05,0.0,-4.387631427659587,3.8475750591379727,8.448187129225085
6.25e-05,-3.125e-05,3.125000000000003e-05,-4.387835289580534,3.8476639914958044,8.28542305627683
6.25e-05,-3.125e-05,6.25e-05,-4.387961774662336,3.8476882388237854,8.123467122168437
6.25e-05,-3.125e-05,9.374999999999997e-05,-4.3880109123513185,3.8476478176301128,7.962306954632986
6.25e-05,-3.125e-05,0.000125,-4.387982735031425,3.8475427470816697,7.801930205671121
6.25e-05,-3.125e-05,0.00015625000000000003,-4.387877278024237,3.847373049003732,7.642324551917396
6.25e-05,-3.125e-05,0.0001875,-4.387694579588888,3.84713874787975,7.483477695002577
6.25e-05,-3.125e-05,0.00021874999999999998,-4.387434680921685,3.8468398708506384,7.3253773619119205
6.25e-05,-3.125e-05,0.00025,-4.387097626155476,3.8464764477139823,7.168011305339486
6.25e-05,0.0,-0.00025,-4.383368015553348,3.581822219671132,9.781435437550627
6.25e-05,0.0,-0.00021875,-4.38419161998272,3.5822550396432327,9.611696875914163
6.25e-05,0.0,-0.0001875,-4.384937715241239,3.5826301903539406,9.442866247249821
6.25e-05,0.0,-0.00015625,-4.3856063073073726,3.5829476546340544,9.27493100149393
6.25e-05,0.0,-0.000125,-4.386197405087707,3.583207417953556,9.107878609766672
6.25e-05,0.0,-9.375e-05,-4.386711020418858,3.5834094684227296,8.941696564773117
6.25e-05,0.0,-6.25e-05,-4.387147168069429,3.583553796793101,8.77637238119959
6.25e-05,0.0,-3.125e-05,-4.387505865741428,3.5836403964580867,8.61189359610573
6.25e-05,0.0,0.0,-4.387787134071688,3.583669263453558,8.448247769311832
6.25e-05,0.0,3.125000000000003e-05,-4.387990996632911,3.5836403964580867,8.285422483782
6.25e-05,0.0,6.25e-05,-4.3881174799344995,3.583553796793101,8.123405346002883
6.25e-05,0.0,9.374999999999997e-05,-4.388166613423157,3.5834094684227296,7.962183986358162
6.25e-05,0.0,0.000125,-4.388138429483289,3.583207417953556,7.801746059498867
6.25e-05,0.0,0.00015625000000000003,-4.388032963437006,3.5829476546340544,7.642079244709478
6.25e-05,0.0,0.0001875,-4.387850253544149,3.5826301903539406,7.483171246270061
6.25e-05,0.0,0.00021874999999999998,-4.387590341001762,3.5822550396432327,7.325009793814302
6.25e-05,0.0,0.00025,-4.38725326994361,3.581822219671132,7.167582642683636
6.25e-05,3.125000000000003e-05,-0.00025,-4.383443229488863,3.319501022277558,9.78180840633413
6.25e-05,3.125000000000003e-05,-0.00021875,-4.384266840332041,3.3197600189378424,9.612015711605242
6.25e-05,3.125000000000003e-05,-0.0001875,-4.385012940903886,3.3199683925555896,9.443130925148722
6.25e-05,3.125000000000003e-05,-0.00015625,-4.3856815371823545,3.320126113532264,9.275141499533094
6.25e-05,3.125000000000003e-05,-0.000125,-4.3862726380735,3.3202331548956234,9.108034908511748
6.25e-05,3.125000000000003e-05,-9.375e-05,-4.3867862554135355,3.3202894923004367,8.941798647423745
6.25e-05,3.125000000000003e-05,-6.25e-05,-4.387222403970652,3.3202951040288875,8.776420233590061
6.25e-05,3.125000000000003e-05,-3.125e-05,-4.3875811014465285,3.3202499709910263,8.611887206705326
6.25e-05,3.125000000000003e-05,0.0,-4.387862368477755,3.3201540767247684,8.448187129225085
6.25e-05,3.125000000000003e-05,3.125000000000003e-05,-4.388066228636771,3.320007407395905,8.285307586748711
6.25e-05,3.125000000000003e-05,6.25e-05,-4.388192708432857,3.319809951797785,8.123236188397915
6.25e-05,3.125000000000003e-05,9.374999999999997e-05,-4.388241837312584,3.319561701350912,7.9619605671910865
6.25e-05,3.125000000000003e-05,0.000125,-4.388213647660296,3.319262650102225,7.801468380413377
6.25e-05,3.125000000000003e-05,0.00015625000000000003,-4.388108174798141,3.318912794724371,7.641747309982635
6.25e-05,3.125000000000003e-05,0.0001875,-4.387925456985977,3.318512134514544,7.48278506281131
6.25e-05,3.125000000000003e-05,0.00021874999999999998,-4.387665535420998,3.3180606713933636,7.324569371164326
6.25e-05,3.125000000000003e-05,0.00025,-4.3873284542371,3.317558409903439,7.167087993012991
6.25e-05,6.25e-05,-0.00025,-4.3834380565073054,3.057552030501289,9.782004050231187
6.25e-05,6.25e-05,-0.00021875,-4.3842616601758175,3.0576372530303764,9.612164271920383
6.25e-05,6.25e-05,-0.0001875,-4.385007753791325,3.057678892920527,9.443232364758538
6.25e-05,6.25e-05,-0.00015625,-4.3856763433311725,3.0576769081428616,9.27519578393381
6.25e-05,6.25e-05,-0.000125,-4.386267437700828,3.0576312592821093,9.108042005819788
6.25e-05,6.25e-05,-9.375e-05,-4.386781048735887,3.0575419095368552,8.941758528376136
6.25e-05,6.25e-05,-6.25e-05,-4.387217191203983,3.057408824719773,8.77633287154464
6.25e-05,6.25e-05,-3.125e-05,-4.387575882806206,3.05723197325737,8.611752577640765
6.25e-05,6.25e-05,0.0,-4.387857144178544,3.057011326189868,8.448005211740728
6.25e-05,6.25e-05,3.125000000000003e-05,-4.388060998892895,3.0567468571706806,8.285078362064208
6.25e-05,6.25e-05,6.25e-05,-4.388187473457936,3.0564385424658203,8.12295964035271
6.25e-05,6.25e-05,9.374999999999997e-05,-4.388236597319691,3.0560863609530515,7.9616366822436735
6.25e-05,6.25e-05,0.000125,-4.388208402861949,3.0556902941209874,7.801097147640388
6.25e-05,6.25e-05,0.00015625000000000003,-4.388102925406268,3.0552503260677666,7.641328721077753
6.25e-05,6.25e-05,0.0001875,-4.387920203211976,3.0547664434998762,7.482319112083976
6.25e-05,6.25e-05,0.00021874999999999998,-4.387660277475708,3.054238635730486,7.324056055538265
6.25e-05,6.25e-05,0.00025,-4.387323192330823,3.053666894677771,7.166527312024561
6.25e-05,9.374999999999997e-05,-0.00025,-4.3833525126601165,2.795957043398861,9.782022423544685
6.25e-05,9.374999999999997e-05,-0.00021875,-4.384176095567648,2.7958685454764356,9.612142605416745
6.25e-05,9.374999999999997e-05,-0.0001875,-4.3849221699590135,2.7957434996416035,9.443170608889883
6.25e-05,9.374999999999997e-05,-0.00015625,-4.385590741810926,2.7955818514347204,9.275093891759564
6.25e-05,9.374999999999997e-05,-0.000125,-4.386181820028139,2.795383548997353,9.107899933006786
6.25e-05,9.374999999999997e-05,-9.375e-05,-4.386695416445531,2.7951485430721092,8.94157623319867
6.25e-05,9.374999999999997e-05,-6.25e-05,-4.387131545829909,2.7948767870023445,8.776110314884253
6.25e-05,9.374999999999997e-05,-3.125e-05,-4.387490225881555,2.7945682367317057,8.611489722985866
6.25e-05,9.374999999999997e-05,0.0,-4.387771477235555,2.7942228508034543,8.4477020251861
6.25e-05,9.374999999999997e-05,3.125000000000003e-05,-4.387975323462886,2.793840590359708,8.284734812310242
6.25e-05,9.374999999999997e-05,6.25e-05,-4.3881017910712385,2.793421419140351,8.122575698704495
6.25e-05,9.374999999999997e-05,9.374999999999997e-05,-4.388150909505622,2.792965303481973,7.961212322609995
6.25e-05,9.374999999999997e-05,0.000125,-4.388122711148728,2.7924722123164694,7.800632346532397
6.25e-05,9.374999999999997e-05,0.00015625000000000003,-4.388017231321027,2.79194211716957,7.640823457607576
6.25e-05,9.374999999999997e-05,0.0001875,-4.387834508280656,2.791374992159141,7.481773367963116
6.25e-05,9.374999999999997e-05,0.00021874999999999998,-4.38757458322305,2.790770813993333,7.323469815075805
6.25e-05,9.374999999999997e-05,0.00025,-4.38723750028029,2.7901295619686,7.165900562125209
6.25e-05,0.000125,-0.00025,-4.3831866167566345,2.5346978722613756,9.781863585008015
6.25e-05,0.000125,-0.00021875,-4.384010165319508,2.534435712066604,9.611950765219706
6.25e-05,0.000125,-0.0001875,-4.384756208221306,2.5341440331467804,9.442945705060007
6.25e-05,0.000125,-0.00015625,-4.385424751438029,2.53382276861188,9.27483586491952
6.25e-05,0.000125,-0.000125,-4.386015803873645,2.533471854160887,9.10760872637419
6.25e-05,0.000125,-9.375e-05,-4.38652937736211,2.5330912280811293,8.941251792585618
6.25e-05,0.000125,-6.25e-05,-4.386965486669268,2.5326808312476876,8.775752588696754
6.25e-05,0.000125,-3.125e-05,-4.387324149494278,2.532240607122499,8.611098662223103
6.25e-05,0.000125,0.0,-4.387605386471073,2.5317705017532983,8.447277583439455
6.25e-05,0.000125,3.125000000000003e-05,-4.387809221169296,2.5312704637724632,8.284276945762262
6.25e-05,0.000125,6.25e-05,-4.387935680095295,2.530740444395635,8.122084366127634
6.25e-05,0.000125,9.374999999999997e-05,-4.387984792692561,2.5301803974202275,7.9606874853651375
6.25e-05,0.000125,0.000125,-4.387956591342233,2.529590279223711,7.800073968567334
6.25e-05,0.000125,0.00015625000000000003,-4.387851111363069,2.5289700487617996,7.640231505455213
6.25e-05,0.000125,0.0001875,-4.387668391011455,2.5283196675664836,7.48114781073955
6.25e-05,0.000125,0.00021874999999999998,-4.387408471480934,2.5276390997437517,7.322810624478251
6.25e-05,0.000125,0.00025,-4.387071396901626,2.526928311971393,7.165207712429735
6.25e-05,0.00015625000000000003,-0.00025,-4.382940390363863,2.2737563411329935,9.781527597785395
6.25e-05,0.00015625000000000003,-0.00021875,-4.3837638910015775,2.2733205813444393,9.61158880902293
6.25e-05,0.00015625000000000003,-0.0001875,-4.384509890151192,2.2728623266168606,9.44255770549263
6.25e-05,0.00015625000000000003,-0.00015625,-4.385178393787957,2.272381497630894,9.274421750168319
6.25e-05,0.00015625000000000003,-0.000125,-4.385769410814925,2.2718780176441182,9.107168427208519
6.25e-05,0.00015625000000000003,-9.375e-05,-4.386282953065034,2.271351812490085,8.94078524235658
6.25e-05,0.00015625000000000003,-6.25e-05,-4.38671903530289,2.2708028105772073,8.775259723336234
6.25e-05,0.00015625000000000003,-3.125e-05,-4.387077675226341,2.2702309428875127,8.6105794202426
6.25e-05,0.00015625000000000003,0.0,-4.387358893467791,2.269636142975219,8.44673190592882
6.25e-05,0.00015625000000000003,3.125000000000003e-05,-4.3875627135952735,2.269018346965181,8.283704776388205
6.25e-05,0.00015625000000000003,6.25e-05,-4.387689162113308,2.2683774935511636,8.12148565113213
6.25e-05,0.00015625000000000003,9.374999999999997e-05,-4.387738268463474,2.2677135239939807,7.9600621735636565
6.25e-05,0.00015625000000000003,0.000125,-4.387710065024788,2.267026382119459,7.799422011346869
6.25e-05,0.00015625000000000003,0.00015625000000000003,-4.3876045871138025,2.2663160143162795,7.639552856772273
6.25e-05,0.00015625000000000003,0.0001875,-4.387421872984482,2.265582369533635,7.480442427117831
6.25e-05,0.00015625000000000003,0.00021874999999999998,-4.387161963827849,2.264825399278761,7.322078465006311
6.25e-05,0.00015625000000000003,0.00025,-4.386824903771328,2.2640450576143296,7.164448738758379
6.25e-05,0.0001875,-0.00025,-4.3826138578059375,2.0131142873276184,9.781014529471575
6.25e-05,0.0001875,-0.00021875,-4.383437296941693,2.012504995122804,9.611056799088056
6.25e-05,0.0001875,-0.0001875,-4.384183240079814,2.011880226501257,9.442006667117527
6.25e-05,0.0001875,-0.00015625,-4.384851693194757,2.0112398897160286,9.27385159910536
6.25e-05,0.0001875,-0.000125,-4.385442665188574,2.0105838955852784,9.10657908178048
6.25e-05,0.0001875,-9.375e-05,-4.385956167892995,2.0099121574908407,8.94017662345544
6.25e-05,0.0001875,-6.25e-05,-4.386392216071229,2.009224591376707,8.774631754421783
6.25e-05,0.0001875,-3.125e-05,-4.386750827419522,2.0085211157474587,8.609932027340902
6.25e-05,0.0001875,0.0,-4.387032022568484,2.0078016516664086,8.446065017630563
6.25e-05,0.0001875,3.125000000000003e-05,-4.387235825084123,2.007066122753656,8.283018323846855
6.25e-05,0.0001875,6.25e-05,-4.387362261468781,2.006314455184051,8.12077956806193
6.25e-05,0.0001875,9.374999999999997e-05,-4.387411361161632,2.0055465776849273,7.959336396237568
6.25e-05,0.0001875,0.000125,-4.387383156539088,2.0047624215337345,7.798676478594272
6.25e-05,0.0001875,0.00015625000000000003,-4.3872776829149,2.0039619205556014,7.638787509976517
6.25e-05,0.0001875,0.0001875,-4.387094978540035,2.0031450111205973,7.479657210213755
6.25e-05,0.0001875,0.00021874999999999998,-4.3868350846023105,2.002311632140953,7.321273324477437
6.25e-05,0.0001875,0.00025,-4.3864980452257445,2.0014617250682005,7.163623623634148
6.25e-05,0.00021874999999999998,-0.00025,-4.3822070461634794,1.752753561943956,9.780324452091344
6.25e-05,0.00021874999999999998,-0.00021875,-4.383030410224649,1.7519708089983856,9.610354802243858
6.25e-05,0.00021874999999999998,-0.0001875,-4.383776285095752,1.7511795930321337,9.441292651569572
6.25e-05,0.00021874999999999998,-0.00015625,-4.38444467675034,1.750379809873162,9.27312546817377
6.25e-05,0.00021874999999999998,-0.000125,-4.385035594089378,1.7495713579027539,9.105840741343801
6.25e-05,0.00021874999999999998,-9.375e-05,-4.385549048943256,1.7487541380538048,8.939425981949041
6.25e-05,0.00021874999999999998,-6.25e-05,-4.385985056073556,1.7479280538088504,8.773868722836015
6.25e-05,0.00021874999999999998,-3.125e-05,-4.386343633174689,1.7470930111980494,8.609156519219237
6.25e-05,0.00021874999999999998,0.0,-4.386624800875129,1.7462489187970052,8.445276949067498
6.25e-05,0.00021874999999999998,3.125000000000003e-05,-4.386828582738574,1.7453956877244505,8.282217613485738
6.25e-05,0.00021874999999999998,6.25e-05,-4.386955005264712,1.7445332316398072,8.119966137092655
6.25e-05,0.00021874999999999998,9.374999999999997e-05,-4.387004097889885,1.743661466740604,7.95851016839403
6.25e-05,0.00021874999999999998,0.000125,-4.3869758929873734,1.7427803117597698,7.797837380151842
6.25e-05,0.00021874999999999998,0.00015625000000000003,-4.38687042586759,1.7418896879627896,7.63793546974924
6.25e-05,0.00021874999999999998,0.0001875,-4.386687734777873,1.7409895191447078,7.478792159551498
6.25e-05,0.00021874999999999998,0.00021874999999999998,-4.386427860902164,1.7400797316270837,7.320395197262873
6.25e-05,0.00021874999999999998,0.00025,-4.386090848360412,1.7391602542546925,7.162732356279594
6.25e-05,0.00025,-0.00025,-4.381719985272542,1.4926560303791232,9.77945744209832
6.25e-05,0.00025,-0.00021875,-4.382543260691261,1.4916998928649312,9.609482889885044
6.25e-05,0.00025,-0.0001875,-4.383289055044007,1.490742300737192,9.44041572518727
6.25e-05,0.00025,-0.00015625,-4.383957374303473,1.4897831374019181,9.272243418658753
6.25e-05,0.00025,-0.000125,-4.384548227369386,1.488822288806889,9.10495346213344
6.25e-05,0.00025,-9.375e-05,-4.385061626070639,1.4878596434394107,8.938533369025201
6.25e-05,0.00025,-6.25e-05,-4.385497585167014,1.486895092324145,8.772970674722949
6.25e-05,0.00025,-3.125e-05,-4.385856122350796,1.4859285290204978,8.608252936981243
6.25e-05,0.00025,0.0,-4.386137258248062,1.4849598496202012,8.444367736306496
6.25e-05,0.00025,3.125000000000003e-05,-4.386341016419784,1.4839889527445473,8.281302676338699
6.25e-05,0.00025,6.25e-05,-4.386467423362645,1.4830157395416224,8.119045384228919
6.25e-05,0.00025,9.374999999999997e-05,-4.386516508509659,1.4820401136833332,7.957583511012484
6.25e-05,0.00025,0.000125,-4.3864883042305,1.481061981362434,7.796904731977975
6.25e-05,0.00025,0.00015625000000000003,-4.38638284583165,1.4800812512892079,7.636996747032074
6.25e-05,0.00025,0.0001875,-4.3862001715562196,1.4790978346883443,7.477847281060376
6.25e-05,0.00025,0.00021874999999999998,-4.385940322583648,1.4781116452953813,7.319444084284145
6.25e-05,0.00025,0.00025,-4.385603343029017,1.4771225993532213,7.161774932613163
9.374999999999997e-05,-0.00025,-0.00025,-4.1497717480503935,5.695187357842913,9.771142571273526
9.374999999999997e-05,-0.00025,-0.00021875,-4.150712193346033,5.69701186094694,9.602168817530906
9.374999999999997e-05,-0.00025,-0.0001875,-4.151575650316878,5.698722112059474,9.434102735513553
9.374999999999997e-05,-0.00025,-0.00015625,-4.1523621396007675,5.700318193322041,9.266931750852187
9.374999999999997e-05,-0.00025,-0.000125,-4.153071684430682,5.701800189629779,9.10064331033607
9.374999999999997e-05,-0.00025,-9.375e-05,-4.1537043106370914,5.703168188635794,8.935224882316176
9.374999999999997e-05,-0.00025,-6.25e-05,-4.154260046650014,5.704422280755322,8.77066395710375
9.374999999999997e-05,-0.00025,-3.125e-05,-4.154738923500898,5.70556255916956,8.606948047364437
9.374999999999997e-05,-0.00025,0.0,-4.15514097482425,5.70658911982925,8.444064688507902
9.374999999999997e-05,-0.00025,3.125000000000003e-05,-4.155466236859048,5.707502061457959,8.282001439073028
9.374999999999997e-05,-0.00025,6.25e-05,-4.155714748449933,5.708301485555102,8.120745881108878
9.374999999999997e-05,-0.00025,9.374999999999997e-05,-4.155886551048167,5.708987496398662,7.960285620551345
9.374999999999997e-05,-0.00025,0.000125,-4.155981688712382,5.709560201047644,7.8006082875956
9.374999999999997e-05,-0.00025,0.00015625000000000003,-4.156000208109086,5.710019709344226,7.6417015370643995
9.374999999999997e-05,-0.00025,0.0001875,-4.155942158512951,5.710366133915666,7.4835530487723725
9.374999999999997e-05,-0.00025,0.00021874999999999998,-4.155807591806882,5.7105995901758675,7.32615052788623
9.374999999999997e-05,-0.00025,0.00025,-4.155596562481832,5.710720196326749,7.169481705281069
9.374999999999997e-05,-0.00021875,-0.00025,-4.150555437974529,5.429312908275801,9.772935429575005
9.374999999999997e-05,-0.00021875,-0.00021875,-4.151496022308975,5.43096337113603,9.603850935557642
9.374999999999997e-05,-0.00021875,-0.0001875,-4.152359605322785,5.43250667838845,9.435674187838675
9.374999999999997e-05,-0.00021875,-0.00015625,-4.153146207654921,5.433942899779421,9.268392614792376
9.374999999999997e-05,-0.00021875,-0.000125,-4.153855852539951,5.43527210779322,9.101993665955877
9.374999999999997e-05,-0.00021875,-9.375e-05,-4.154488565810453,5.436494377656124,8.936464812432103
9.374999999999997e-05,-0.00021875,-6.25e-05,-4.155044375899024,5.437609787340045,8.771793547288022
9.374999999999997e-05,-0.00021875,-3.125e-05,-4.155523313840182,5.438618417566035,8.607967385948562
9.374999999999997e-05,-0.00021875,0.0,-4.1559254132720005,5.43952035180753,8.444973866585851
9.374999999999997e-05,-0.00021875,3.125000000000003e-05,-4.1562507104375035,5.4403156762931175,8.282800550504252
9.374999999999997e-05,-0.00021875,6.25e-05,-4.156499244185877,5.441004480009369,8.121435022520975
9.374999999999997e-05,-0.00021875,9.374999999999997e-05,-4.156671055973416,5.441586854703036,7.960864891342474
9.374999999999997e-05,-0.00021875,0.000125,-4.1567661898642685,5.442062894883294,7.801077789936633
9.374999999999997e-05,-0.00021875,0.00015625000000000003,-4.156784692530964,5.442432697823522,7.64206137590077
9.374999999999997e-05,-0.00021875,0.0001875,-4.156726613254658,5.4426963635628205,7.48380333182566
9.374999999999997e-05,-0.00021875,0.00021874999999999998,-4.156592003925268,5.442853994907381,7.326291365655464
9.374999999999997e-05,-0.00021875,0.00025,-4.156380919041221,5.442905697431418,7.169513211043752
9.374999999999997e-05,-0.0001875,-0.00025,-4.151257694919338,5.163956652385916,9.774550703304808
9.374999999999997e-05,-0.0001875,-0.00021875,-4.1521984023976986,5.165433088259786,9.605362568115751
9.374999999999997e-05,-0.0001875,-0.0001875,-4.153062096940637,5.166809457983004,9.437082241407188
9.374999999999997e-05,-0.0001875,-0.00015625,-4.153848799187969,5.168085818900001,9.269697154281719
9.374999999999997e-05,-0.0001875,-0.000125,-4.154558532375593,5.169262231077947,9.103194759008705
9.374999999999997e-05,-0.0001875,-9.375e-05,-4.155191322337785,5.170338757310349,8.93756252942702
9.374999999999997e-05,-0.0001875,-6.25e-05,-4.155747197509365,5.171315463120355,8.77278796134294
9.374999999999997e-05,-0.0001875,-3.125e-05,-4.156226188927452,5.172192416763889,8.608858572923804
9.374999999999997e-05,-0.0001875,0.0,-4.1566283302331835,5.172969689232335,8.445761905087068
9.374999999999997e-05,-0.0001875,3.125000000000003e-05,-4.156953657673093,5.173647354255173,8.283485521884982
9.374999999999997e-05,-0.0001875,6.25e-05,-4.157202210100308,5.174225488302242,8.122017010884992
9.374999999999997e-05,-0.0001875,9.374999999999997e-05,-4.157374028975504,5.174704170585785,7.961343983545857
9.374999999999997e-05,-0.0001875,0.000125,-4.157469158367676,5.1750834830621155,7.801454075589547
9.374999999999997e-05,-0.0001875,0.00015625000000000003,-4.1574876449545854,5.175363510433234,7.642334947369006
9.374999999999997e-05,-0.0001875,0.0001875,-4.157429538023133,5.175544340147998,7.483974284231916
9.374999999999997e-05,-0.0001875,0.00021874999999999998,-4.157294889469363,5.175626062403115,7.3263597968803165
9.374999999999997e-05,-0.0001875,0.00025,-4.1570837537983,5.175608770143837,7.169479221726393
9.374999999999997e-05,-0.00015625,-0.00025,-4.151878521563178,4.89910030771532,9.775988411385885
9.374999999999997e-05,-0.00015625,-0.00021875,-4.152819336288911,4.900402734339729,9.606703727274784
9.374999999999997e-05,-0.00015625,-0.0001875,-4.153683127845481,4.9016121774836865,9.438326901428642
9.374999999999997e-05,-0.00015625,-0.00015625,-4.154469916873323,4.90272868208365,9.270845367663583
9.374999999999997e-05,-0.00015625,-0.000125,-4.155179726609336,4.9037522957841,9.104246580966052
9.374999999999997e-05,-0.00015625,-9.375e-05,-4.155812582889182,4.9046830689405665,8.938518017895179
9.374999999999997e-05,-0.00015625,-6.25e-05,-4.156368514149467,4.905521054622611,8.773647176980539
9.374999999999997e-05,-0.00015625,-3.125e-05,-4.156847551429471,4.906266308616529,8.6096215791155
9.374999999999997e-05,-0.00015625,0.0,-4.157249728372927,4.9069188894277245,8.446428767946033
9.374999999999997e-05,-0.00015625,3.125000000000003e-05,-4.1575750812292815,4.907478858282879,8.284056310255131
9.374999999999997e-05,-0.00015625,6.25e-05,-4.157823648855051,4.907946279131917,8.122491796342958
9.374999999999997e-05,-0.00015625,9.374999999999997e-05,-4.157995472714618,4.908321218649626,7.961722840402706
9.374999999999997e-05,-0.00015625,0.000125,-4.158090596881125,4.908603746237082,7.801737080892238
9.374999999999997e-05,-0.00015625,0.00015625000000000003,-4.158109068036844,4.90879393402285,7.6425221809016035
9.374999999999997e-05,-0.00015625,0.0001875,-4.158050935473599,4.908891856863885,7.484065828516515
9.374999999999997e-05,-0.00015625,0.00021874999999999998,-4.1579162510927405,4.9088975923461105,7.326355737177758
9.374999999999997e-05,-0.00015625,0.00025,-4.157705069404975,4.908811220784982,7.1693796460366785
9.374999999999997e-05,-0.000125,-0.00025,-4.152417922917942,4.634725599817207,9.777248577153156
9.374999999999997e-05,-0.000125,-0.00021875,-4.153358828993412,4.635854039412427,9.60787442965535
9.374999999999997e-05,-0.000125,-0.0001875,-4.154222703047016,4.63689657154981,9.439408177803505
9.374999999999997e-05,-0.000125,-0.00015625,-4.155009565719514,4.637853228752583,9.271837258112878
9.374999999999997e-05,-0.000125,-0.000125,-4.155719440248507,4.638724046237576,9.105149128272107
9.374999999999997e-05,-0.000125,-9.375e-05,-4.156352352470725,4.639509061917775,8.939331267545375
9.374999999999997e-05,-0.000125,-6.25e-05,-4.156908330824116,4.640208316404993,8.774371177169943
9.374999999999997e-05,-0.000125,-3.125e-05,-4.1573874063497245,4.640821853012135,8.610256380749156
9.374999999999997e-05,-0.000125,0.0,-4.157789612693305,4.641349717755122,8.446974424641112
9.374999999999997e-05,-0.000125,3.125000000000003e-05,-4.1581149861067574,4.641791959354844,8.284512878342781
9.374999999999997e-05,-0.000125,6.25e-05,-4.158363565449301,4.642148629238574,8.12285933486988
9.374999999999997e-05,-0.000125,9.374999999999997e-05,-4.158535392188456,4.642419781541418,7.962001411132599
9.374999999999997e-05,-0.000125,0.000125,-4.158630510400759,4.642605473107244,7.801926748306835
9.374999999999997e-05,-0.000125,0.00015625000000000003,-4.158648966772294,4.642705763489622,7.6426230122016445
9.374999999999997e-05,-0.000125,0.0001875,-4.15859081059898,4.64272071495243,7.484077893622272
9.374999999999997e-05,-0.000125,0.00021874999999999998,-4.158456093786622,4.642650392470039,7.3262791087295
9.374999999999997e-05,-0.000125,0.00025,-4.1582448708507656,4.642494863727639,7.169214399394733
9.374999999999997e-05,-9.375e-05,-0.00025,-4.15287590633082,4.370814262791986,9.778331228357315
9.374999999999997e-05,-9.375e-05,-0.00021875,-4.1538168878578885,4.371768742065161,9.6088746964328
9.374999999999997e-05,-9.375e-05,-0.0001875,-4.15468082989129,4.372644383394744,9.440326085126639
9.374999999999997e-05,-9.375e-05,-0.00015625,-4.155467753071906,4.373441206886177,9.272672833639179
9.374999999999997e-05,-9.375e-05,-0.000125,-4.156177680637732,4.374159235324315,9.105902402346793
9.374999999999997e-05,-9.375e-05,-9.375e-05,-4.15681063842616,4.374798494175815,8.94000227320388
9.374999999999997e-05,-9.375e-05,-6.25e-05,-4.157366654876159,4.375359011591152,8.774959950140046
9.374999999999997e-05,-9.375e-05,-3.125e-05,-4.15784576103001,4.375840818406632,8.610762959453004
9.374999999999997e-05,-9.375e-05,0.0,-4.158247990535049,4.37624394814595,8.447398850196914
9.374999999999997e-05,-9.375e-05,3.125000000000003e-05,-4.158573379645031,4.376568437021653,8.284855194566306
9.374999999999997e-05,-9.375e-05,6.25e-05,-4.158821967221334,4.376814323936326,8.123119588275754
9.374999999999997e-05,-9.375e-05,9.374999999999997e-05,-4.158993794733904,4.376981650483559,7.96217965093525
9.374999999999997e-05,-9.375e-05,0.000125,-4.1590889062620535,4.377070460948636,7.802023026421355
9.374999999999997e-05,-9.375e-05,0.00015625000000000003,-4.159107348494862,4.377080802309133,7.6426373832442485
9.374999999999997e-05,-9.375e-05,0.0001875,-4.159049170731595,4.3770127242350485,7.484010414910706
9.374999999999997e-05,-9.375e-05,0.00021874999999999998,-4.158914424881677,4.376866279088949,7.326129840283021
9.374999999999997e-05,-9.375e-05,0.00025,-4.158703165464546,4.376641521925712,7.1689834039340266
9.374999999999997e-05,-6.25e-05,-0.00025,-4.1532524814857625,4.1073480398208355,9.779236397168113
9.374999999999997e-05,-6.25e-05,-0.00021875,-4.15419352256634,4.108128589969009,9.60970455334029
9.374999999999997e-05,-6.25e-05,-0.0001875,-4.15505751806227,4.108837365318552,9.44108064269019
9.374999999999997e-05,-6.25e-05,-0.00015625,-4.155844488614273,4.109474373553151,9.273352107089567
9.374999999999997e-05,-6.25e-05,-0.000125,-4.1565544574604285,4.110039625022212,9.106506409588414
9.374999999999997e-05,-6.25e-05,-9.375e-05,-4.1571874504384985,4.110533132742746,8.940531034816765
9.374999999999997e-05,-6.25e-05,-6.25e-05,-4.157743495987987,4.110954912401075,8.775413489381707
9.374999999999997e-05,-6.25e-05,-3.125e-05,-4.158222625152031,4.111304982354337,8.611141302259966
9.374999999999997e-05,-6.25e-05,0.0,-4.1586248715790175,4.111583363631751,8.4477020251861
9.374999999999997e-05,-6.25e-05,3.125000000000003e-05,-4.158950271524029,4.111790079935668,8.285083233036142
9.374999999999997e-05,-6.25e-05,6.25e-05,-4.15919886384998,4.111925157642404,8.12327252420704
9.374999999999997e-05,-6.25e-05,9.374999999999997e-05,-4.159370690028634,4.111988625802837,7.9622575209918995
9.374999999999997e-05,-6.25e-05,0.000125,-4.159465794141313,4.111980516142801,7.802025869950769
9.374999999999997e-05,-6.25e-05,0.00015625000000000003,-4.159484222879423,4.111900863063251,7.6425652422775725
9.374999999999997e-05,-6.25e-05,0.0001875,-4.159426025544732,4.111749703640194,7.483863334162809
9.374999999999997e-05,-6.25e-05,0.00021874999999999998,-4.159291254049442,4.111527077624412,7.325907867152259
9.374999999999997e-05,-6.25e-05,0.00025,-4.159079962916024,4.111233027441009,7.168686588501782
9.374999999999997e-05,-3.125e-05,-0.00025,-4.153547660404772,3.84430868369686,9.779964120177373
9.374999999999997e-05,-3.125e-05,-0.00021875,-4.15448874514139,3.844915340409642,9.61036403067163
9.374999999999997e-05,-3.125e-05,-0.0001875,-4.155352779583017,3.8454572792382273,9.441671874486294
9.374999999999997e-05,-3.125e-05,-0.00015625,-4.156139784369949,3.8459344954414467,9.273875096151087
9.374999999999997e-05,-3.125e-05,-0.000125,-4.156849782740088,3.846346986930347,9.106961161375862
9.374999999999997e-05,-3.125e-05,-9.375e-05,-4.157482800531149,3.8466947542697776,8.940917557452087
9.374999999999997e-05,-3.125e-05,-6.25e-05,-4.158038866182826,3.846977800679597,8.775731793649701
9.374999999999997e-05,-3.125e-05,-3.125e-05,-4.158518010738629,3.8471961320359074,8.61139140160949
9.374999999999997e-05,-3.125e-05,0.0,-4.158920267847519,3.847349756871802,8.447883935731001
9.374999999999997e-05,-3.125e-05,3.125000000000003e-05,-4.159245673765322,3.8474386863781382,8.28519697355604
9.374999999999997e-05,-3.125e-05,6.25e-05,-4.159494267355927,3.847462934403964,8.123318116147884
9.374999999999997e-05,-3.125e-05,9.374999999999997e-05,-4.159666090092245,3.8474225174568093,7.962234988466223
9.374999999999997e-05,-3.125e-05,0.000125,-4.159761186056943,3.847317454702632,7.801935239737874
9.374999999999997e-05,-3.125e-05,0.00015625000000000003,-4.159779601942958,3.8471477679657835,7.64240654382338
9.374999999999997e-05,-3.125e-05,0.0001875,-4.159721387053825,3.846913481728497,7.483636599579501
9.374999999999997e-05,-3.125e-05,0.00021874999999999998,-4.159586593303642,3.846614623130393,7.325613131217799
9.374999999999997e-05,-3.125e-05,0.00025,-4.159375275217025,3.8462512219676106,7.1683238886591125
9.374999999999997e-05,0.0,-0.00025,-4.153761457448959,3.5816779573539304,9.780514438401372
9.374999999999997e-05,0.0,-0.00021875,-4.1547025699453455,3.5821107608155724,9.610853163283515
9.374999999999997e-05,0.0,-0.0001875,-4.155566628816816,3.582485897215692,9.442099809209033
9.374999999999997e-05,0.0,-0.00015625,-4.156353654703022,3.5828033493857365,9.274241823352565
9.374999999999997e-05,0.0,-0.000125,-4.157063670841324,3.5830631027962383,9.107266674070317
9.374999999999997e-05,0.0,-9.375e-05,-4.157696703069092,3.5832651455579487,8.941161851301302
9.374999999999997e-05,0.0,-6.25e-05,-4.158252779825788,3.5834094684227296,8.775914866964023
9.374999999999997e-05,0.0,-3.125e-05,-4.158731932154856,3.583496064784267,8.611513255348607
9.374999999999997e-05,0.0,0.0,-4.159134193705305,3.5835249306785677,8.447944573504543
9.374999999999997e-05,0.0,3.125000000000003e-05,-4.159459600733197,3.583496064784267,8.285196401623988
9.374999999999997e-05,0.0,6.25e-05,-4.159708192102761,3.5834094684227296,8.123256343420707
9.374999999999997e-05,0.0,9.374999999999997e-05,-4.15988000928743,3.5832651455579487,7.962112026504908
9.374999999999997e-05,0.0,0.000125,-4.159975096370506,3.5830631027962383,7.801751102753625
9.374999999999997e-05,0.0,0.00015625000000000003,-4.159993500045742,3.5828033493857365,7.6421612486772155
9.374999999999997e-05,0.0,0.0001875,-4.159935269617581,3.582485897215692,7.4833301657816325
9.374999999999997e-05,0.0,0.00021874999999999998,-4.159800457001241,3.5821107608155724,7.325245580926722
9.374999999999997e-05,0.0,0.00025,-4.159589116722554,3.5816779573539304,7.167895246680574
9.374999999999997e-05,3.125000000000003e-05,-0.00025,-4.153893889319371,3.3194376343931653,9.78088739728297
9.374999999999997e-05,3.125000000000003e-05,-0.00021875,-4.15483501368101,3.319696629284346,9.611171990597411
9.374999999999997e-05,3.125000000000003e-05,-0.0001875,-4.155699082467992,3.3199050019833893,9.442364480256245
9.374999999999997e-05,3.125000000000003e-05,-0.00015625,-4.156486116319037,3.3200627228925894,9.274452316066236
9.374999999999997e-05,3.125000000000003e-05,-0.000125,-4.157196138470721,3.320169765040469,9.107422969016707
9.374999999999997e-05,3.125000000000003e-05,-9.375e-05,-4.157829174759668,3.3202261040824395,8.941263931680606
9.374999999999997e-05,3.125000000000003e-05,-6.25e-05,-4.158385253624726,3.320231718301428,8.775962718610968
9.374999999999997e-05,3.125000000000003e-05,-3.125e-05,-4.158864406108798,3.320186588608005,8.61150686673288
9.374999999999997e-05,3.125000000000003e-05,0.0,-4.1592666658604855,3.320090698540703,8.447883935731001
9.374999999999997e-05,3.125000000000003e-05,3.125000000000003e-05,-4.159592069135491,3.3199440342657742,8.28508150843265
9.374999999999997e-05,3.125000000000003e-05,6.25e-05,-4.159840654797827,3.319746584577061,8.123087191186617
9.374999999999997e-05,3.125000000000003e-05,9.374999999999997e-05,-4.160012464320764,3.3194983408954077,7.961888614237704
9.374999999999997e-05,3.125000000000003e-05,0.000125,-4.160107541787576,3.319199297268184,7.80147343209703
9.374999999999997e-05,3.125000000000003e-05,0.00015625000000000003,-4.160125933892046,3.3188494503682526,7.641829323908231
9.374999999999997e-05,3.125000000000003e-05,0.0001875,-4.160067689938799,3.3184487994931198,7.482943993809551
9.374999999999997e-05,3.125000000000003e-05,0.00021874999999999998,-4.159932861843262,3.3179973465635952,7.324805171292017
9.374999999999997e-05,3.125000000000003e-05,0.00025,-4.159721504131624,3.3174950961224146,7.167400611553516
9.374999999999997e-05,6.25e-05,-0.00025,-4.153944975057628,3.0575694996074207,9.781083046693087
9.374999999999997e-05,6.25e-05,-0.00021875,-4.15488609539234,3.0576547351065217,9.611320556600957
9.374999999999997e-05,6.25e-05,-0.0001875,-4.1557501595825235,3.057696387467896,9.442465925730698
9.374999999999997e-05,6.25e-05,-0.00015625,-4.156537188265755,3.057694414663646,9.274506606508705
9.374999999999997e-05,6.25e-05,-0.000125,-4.1572472046774545,3.0576487772794416,9.10743007254445
9.374999999999997e-05,6.25e-05,-9.375e-05,-4.157880234653206,3.0575594385148617,8.941223819031473
9.374999999999997e-05,6.25e-05,-6.25e-05,-4.1584363066308185,3.0574263641834913,8.775875363143594
9.374999999999997e-05,6.25e-05,-3.125e-05,-4.158915451652221,3.0572495227128322,8.611372244426697
9.374999999999997e-05,6.25e-05,0.0,-4.159317703365074,3.0570288851440424,8.4477020251861
9.374999999999997e-05,6.25e-05,3.125000000000003e-05,-4.159643098024219,3.0567644251315,8.284852290869411
9.374999999999997e-05,6.25e-05,6.25e-05,-4.159891674492812,3.0564561189421626,8.122810650445153
9.374999999999997e-05,6.25e-05,9.374999999999997e-05,-4.1600634742433416,3.056103945454771,7.961564736777192
9.374999999999997e-05,6.25e-05,0.000125,-4.160158541358339,3.0557078861588525,7.801102206994734
9.374999999999997e-05,6.25e-05,0.00015625000000000003,-4.160176922530906,3.0552679251535455,7.641410742858435
9.374999999999997e-05,6.25e-05,0.0001875,-4.160118667064986,3.0547840491462543,7.4824780511223015
9.374999999999997e-05,6.25e-05,0.00021874999999999998,-4.159983826875442,3.0542562474511197,7.324291863891593
9.374999999999997e-05,6.25e-05,0.00025,-4.1597724564878895,3.053684511987247,7.166839938976808
9.374999999999997e-05,9.374999999999997e-05,-0.00025,-4.153914736046311,2.7960553495037486,9.78110144093196
9.374999999999997e-05,9.374999999999997e-05,-0.00021875,-4.154855836464809,2.795966879287642,9.61129890984895
9.374999999999997e-05,9.374999999999997e-05,-0.0001875,-4.155719881548456,2.7958418593114764,9.442404188440971
9.374999999999997e-05,9.374999999999997e-05,-0.00015625,-4.156506891933416,2.7956802351167425,9.274404731741697
9.374999999999997e-05,9.374999999999997e-05,-0.000125,-4.157216890853696,2.795481954846163,9.107288015968077
9.374999999999997e-05,9.374999999999997e-05,-9.375e-05,-4.1578499041434185,2.795246969243525,8.941041538921139
9.374999999999997e-05,9.374999999999997e-05,-6.25e-05,-4.158405960239015,2.794975231653496,8.77565282038195
9.374999999999997e-05,9.374999999999997e-05,-3.125e-05,-4.1588850901809495,2.794666698020985,8.611109402503317
9.374999999999997e-05,9.374999999999997e-05,0.0,-4.159287327615471,2.7943213268906453,8.447398850196914
9.374999999999997e-05,9.374999999999997e-05,3.125000000000003e-05,-4.1596127087959704,2.793939079405964,8.284508751515993
9.374999999999997e-05,9.374999999999997e-05,6.25e-05,-4.159861272584189,2.793519919308322,8.12242671803385
9.374999999999997e-05,9.374999999999997e-05,9.374999999999997e-05,-4.160033060451163,2.7930638129357814,7.96114038521799
9.374999999999997e-05,9.374999999999997e-05,0.000125,-4.160128116478017,2.7925707292218425,7.800637412800071
9.374999999999997e-05,9.374999999999997e-05,0.00015625000000000003,-4.160146487356372,2.7920406396937874,7.64090548514173
9.374999999999997e-05,9.374999999999997e-05,0.0001875,-4.160088222388761,2.7914735184711708,7.481932311596374
9.374999999999997e-05,9.374999999999997e-05,0.00021874999999999998,-4.159953373488597,2.790869342263854,7.323705626866872
9.374999999999997e-05,9.374999999999997e-05,0.00025,-4.159741995180037,2.790228090370022,7.166213191359382
9.374999999999997e-05,0.000125,-0.00025,-4.1538031960091635,2.5348769928237864,9.780942638729744
9.374999999999997e-05,0.000125,-0.00021875,-4.154744260625629,2.534614875068311,9.611107103463857
9.374999999999997e-05,0.000125,-0.0001875,-4.1556082720961065,2.534323235391625,9.442179315901685
9.374999999999997e-05,0.000125,-0.00015625,-4.1563952510550655,2.534002006905013,9.27414673367213
9.374999999999997e-05,0.000125,-0.000125,-4.1571052207347865,2.5336511253087393,9.106996835587147
9.374999999999997e-05,0.000125,-9.375e-05,-4.157738206967643,2.533270528891662,8.940717122042294
9.374999999999997e-05,0.000125,-6.25e-05,-4.158294238188197,2.5328601585304202,8.775295115412664
9.374999999999997e-05,0.000125,-3.125e-05,-4.15877334543507,2.532419957688561,8.610718360444272
9.374999999999997e-05,0.000125,0.0,-4.159175562352567,2.5319498724156433,8.446974424641112
9.374999999999997e-05,0.000125,3.125000000000003e-05,-4.159500925192103,2.5314498513458514,8.284050898647665
9.374999999999997e-05,0.000125,6.25e-05,-4.159749472813382,2.5309198456968405,8.121935396627158
9.374999999999997e-05,0.000125,9.374999999999997e-05,-4.159921246685374,2.53035980926802,7.960615556635681
9.374999999999997e-05,0.000125,0.000125,-4.160016290887038,2.529769698439072,7.800079040991797
9.374999999999997e-05,0.000125,0.00015625000000000003,-4.1600346521078455,2.5291494721679735,7.640313536642392
9.374999999999997e-05,0.000125,0.0001875,-4.159976379648071,2.528499091989005,7.481306755524092
9.374999999999997e-05,0.000125,0.00021874999999999998,-4.159841525418839,2.5278185220106977,7.323046434920994
9.374999999999997e-05,0.000125,0.00025,-4.159630143941987,2.5271077289133546,7.165520337818143
9.374999999999997e-05,0.00015625000000000003,-0.00025,-4.153610381011045,2.274016251062475,9.780606703246862
9.374999999999997e-05,0.00015625000000000003,-0.00021875,-4.154551393943705,2.2735805484423337,9.610745195135966
9.374999999999997e-05,0.00015625000000000003,-0.0001875,-4.155415357297959,2.2731223463388908,9.441791360333598
9.374999999999997e-05,0.00015625000000000003,-0.00015625,-4.156202291706382,2.2726415654342476,9.273732659052014
9.374999999999997e-05,0.00015625000000000003,-0.000125,-4.156912220399219,2.272138128987513,9.106556572685896
9.374999999999997e-05,0.00015625000000000003,-9.375e-05,-4.157545169206686,2.2716119628339526,8.940250604212682
9.374999999999997e-05,0.00015625000000000003,-6.25e-05,-4.1581011665611545,2.2710629953838763,8.774802278588332
9.374999999999997e-05,0.00015625000000000003,-3.125e-05,-4.15858024349888,2.2704911576212896,8.610199143138637
9.374999999999997e-05,0.00015625000000000003,0.0,-4.158982433661776,2.2698963831025885,8.446428767946033
9.374999999999997e-05,0.00015625000000000003,3.125000000000003e-05,-4.159307773298691,2.269278607954939,8.283478746231996
9.374999999999997e-05,0.00015625000000000003,6.25e-05,-4.159556301266739,2.26863777087457,8.121336694735167
9.374999999999997e-05,0.00015625000000000003,9.374999999999997e-05,-4.159728059032122,2.2679738131248928,7.959990254085201
9.374999999999997e-05,0.00015625000000000003,0.000125,-4.159823090671008,2.2672866785345325,7.799427089172394
9.374999999999997e-05,0.00015625000000000003,0.00015625000000000003,-4.1598414428699035,2.2665763134950465,7.639634889513172
9.374999999999997e-05,0.00015625000000000003,0.0001875,-4.159783164926077,2.2658426669586915,7.480601369611559
9.374999999999997e-05,0.00015625000000000003,0.00021874999999999998,-4.159648308747534,2.265085690435952,7.322314269316576
9.374999999999997e-05,0.00015625000000000003,0.00025,-4.159436928852842,2.2643053379928118,7.164761354175701
9.374999999999997e-05,0.0001875,-0.00025,-4.153336319457678,2.0134549589849953,9.780093702073714
9.374999999999997e-05,0.0001875,-0.00021875,-4.154277264829351,2.0128457386732803,9.610213247122939
9.374999999999997e-05,0.0001875,-0.0001875,-4.155141165568516,2.0122210360529107,9.441240378662947
9.374999999999997e-05,0.0001875,-0.00015625,-4.155928042305553,2.0115807593785378,9.273162559477692
9.374999999999997e-05,0.0001875,-0.000125,-4.156637918268373,2.010924819470053,9.10596727353241
9.374999999999997e-05,0.0001875,-9.375e-05,-4.157270819284718,2.010253129711261,8.939642026373953
9.374999999999997e-05,0.0001875,-6.25e-05,-4.157826773784324,2.009565606048367,8.774174345526248
9.374999999999997e-05,0.0001875,-3.125e-05,-4.15830581280068,2.0088621669882527,8.609551780881546
9.374999999999997e-05,0.0001875,0.0,-4.158707969972743,2.008142733596835,8.445761905087068
9.374999999999997e-05,0.0001875,3.125000000000003e-05,-4.159033281546321,2.007407229496969,8.28279231392724
9.374999999999997e-05,0.0001875,6.25e-05,-4.159281786375267,2.0066555808664797,8.120630626701686
9.374999999999997e-05,0.0001875,9.374999999999997e-05,-4.1594535259224354,2.0058877164358244,7.959264486598924
9.374999999999997e-05,0.0001875,0.000125,-4.159548544260456,2.0051035674858846,7.798681561065839
9.374999999999997e-05,0.0001875,0.00015625000000000003,-4.1595668880721695,2.0043030678453055,7.638869542173033
9.374999999999997e-05,0.0001875,0.0001875,-4.159508606651012,2.0034861538879176,7.479816146976158
9.374999999999997e-05,0.0001875,0.00021874999999999998,-4.159373751901016,2.0026527645299517,7.321509117873128
9.374999999999997e-05,0.0001875,0.00025,-4.15916237833664,2.001802841227073,7.163936222957487
9.374999999999997e-05,0.00021874999999999998,-0.00025,-4.1529810420952,1.7531749651420583,9.779403707230129
9.374999999999997e-05,0.00021874999999999998,-0.00021875,-4.153921904033893,1.7523922988093177,9.609511326249116
9.374999999999997e-05,0.00021874999999999998,-0.0001875,-4.15478572766375,1.7516011622168164,9.440526432520604
9.374999999999997e-05,0.00021874999999999998,-0.00015625,-4.155572533612719,1.7508014511942298,9.272436491388707
9.374999999999997e-05,0.00021874999999999998,-0.000125,-4.1562823451060495,1.749993064124848,9.105228989377345
9.374999999999997e-05,0.00021874999999999998,-9.375e-05,-4.156915187968697,1.7491759019437307,8.938891434590346
9.374999999999997e-05,0.00021874999999999998,-6.25e-05,-4.157471090627323,1.7483498681359249,8.773411357106887
9.374999999999997e-05,0.00021874999999999998,-3.125e-05,-4.157950084112208,1.7475148687342985,8.60877630937257
9.374999999999997e-05,0.00021874999999999998,0.0,-4.158352202058885,1.7466708123173995,8.444973866585851
9.374999999999997e-05,0.00021874999999999998,3.125000000000003e-05,-4.158677480709529,1.745817610007217,8.281991627080242
9.374999999999997e-05,0.00021874999999999998,6.25e-05,-4.158925958914176,1.7449551754666002,8.11981721270211
9.374999999999997e-05,0.00021874999999999998,9.374999999999997e-05,-4.15909767813166,1.7440834248968182,7.95843826918423
9.374999999999997e-05,0.00021874999999999998,0.000125,-4.159192682430367,1.7432022770347744,7.797842466515166
9.374999999999997e-05,0.00021874999999999998,0.00015625000000000003,-4.159211018488762,1.7423116531501286,7.638017499304441
9.374999999999997e-05,0.00021874999999999998,0.0001875,-4.159152735595622,1.7414114770424465,7.478951087143732
9.374999999999997e-05,0.00021874999999999998,0.00021874999999999998,-4.159017885650186,1.740501675037967,7.320630974963988
9.374999999999997e-05,0.00021874999999999998,0.00025,-4.158806523161892,1.7395821759864412,7.163044933388628
9.374999999999997e-05,0.00025,-0.00025,-4.152544582009426,1.4931581323837049,9.778536795164278
9.374999999999997e-05,0.00025,-0.00021875,-4.153485344648888,1.4922020961965714,9.608639503904232
9.374999999999997e-05,0.00025,-0.0001875,-4.154349076680423,1.4912445968101722,9.439649588240643
9.374999999999997e-05,0.00025,-0.00015625,-4.155135798729283,1.4902855176324123,9.27155451606638
9.374999999999997e-05,0.00025,-0.000125,-4.155845534017794,1.4893247446132223,9.10434177645222
9.374999999999997e-05,0.00025,-9.375e-05,-4.15647830836771,1.488362166242426,8.937998880046793
9.374999999999997e-05,0.00025,-6.25e-05,-4.157034150202265,1.487397673547401,8.772513359471919
9.374999999999997e-05,0.00025,-3.125e-05,-4.1575130905480675,1.486431160090661,8.607872769713493
9.374999999999997e-05,0.00025,0.0,-4.157915163036715,1.4854625219672923,8.444064688507902
9.374999999999997e-05,0.00025,3.125000000000003e-05,-4.158240403906217,1.4844916578022622,8.281076716723971
9.374999999999997e-05,0.00025,6.25e-05,-4.158488852002184,1.4835184687476202,8.11889647874071
9.374999999999997e-05,0.00025,9.374999999999997e-05,-4.158660548778785,1.4825428584795568,7.957511622820728
9.374999999999997e-05,0.00025,0.000125,-4.158755538299494,1.481564733195357,7.796909821479451
9.374999999999997e-05,0.00025,0.00015625000000000003,-4.158773867237602,1.4805840016102274,7.637078771850208
9.374999999999997e-05,0.00025,0.0001875,-4.158715584876496,1.47960057495398,7.478006196045283
9.374999999999997e-05,0.00025,0.00021874999999999998,-4.158580743109737,1.4786143669676435,7.319679841512903
9.374999999999997e-05,0.00025,0.00025,-4.158369396440865,1.4776252938998697,7.162087481390316
0.000125,-0.00025,-0.00025,-3.920172656913107,5.694330108254341,9.770105031039572
0.000125,-0.00025,-0.00021875,-3.921230521202653,5.696154451843279,9.601208049537153
0.000125,-0.00025,-0.0001875,-3.922211854504373,5.697864557813679,9.43321871300964
0.000125,-0.00025,-0.00015625,-3.923116692108718,5.699460508305165,9.26612444465905
0.000125,-0.00025,-0.000125,-3.9239450715710387,5.700942388210407,9.099912688843332
0.000125,-0.00025,-9.375e-05,-3.9246970327141826,5.702310285179562,8.934570911479907
0.000125,-0.00025,-6.25e-05,-3.9253726176308588,5.703564289624325,8.770086600444273
0.000125,-0.00025,-3.125e-05,-3.9259718706858124,5.704704494721901,8.606447265964453
0.000125,-0.00025,0.0,-3.9264948385177387,5.705730996418444,8.4436404410108
0.000125,-0.00025,3.125000000000003e-05,-3.9269415700410963,5.706643893432469,8.281653681681412
0.000125,-0.00025,6.25e-05,-3.9273121164475717,5.7074432872577505,8.120474567583303
0.000125,-0.00025,9.374999999999997e-05,-3.9276065312074846,5.708129282166166,7.960090702209291
0.000125,-0.00025,0.000125,-3.9278248700708436,5.708701985210017,7.8004897133106414
0.000125,-0.00025,0.00015625000000000003,-3.9279671910683023,5.7091615062243335,7.641659253265603
0.000125,-0.00025,0.0001875,-3.928033554511843,5.709507957828619,7.483586999443914
0.000125,-0.00025,0.00021874999999999998,-3.928024022995291,5.7097414554285555,7.326260654567219
0.000125,-0.00025,0.00025,-3.927938661394564,5.709862117217256,7.169667947065591
0.000125,-0.00021875,-0.00025,-3.9210215252025353,5.428537605844712,9.771897731515931
0.000125,-0.00021875,-0.00021875,-3.9220795524360264,5.430187926237977,9.602890023406399
0.000125,-0.00021875,-0.0001875,-3.9230610343435974,5.431731103984321,9.434790034843418
0.000125,-0.00021875,-0.00015625,-3.9239660062180493,5.433167208828545,9.26758519177202
0.000125,-0.00021875,-0.000125,-3.924794505617641,5.434496313252878,9.101262941297572
0.000125,-0.00021875,-9.375e-05,-3.9255465723686256,5.435718492481032,8.9358107520889
0.000125,-0.00021875,-6.25e-05,-3.926222248567634,5.436833824481973,8.771216114776756
0.000125,-0.00021875,-3.125e-05,-3.9268215785838443,5.437842389973242,8.607466542347911
0.000125,-0.00021875,0.0,-3.9273446090609125,5.438744272424321,8.444549570534699
0.000125,-0.00021875,3.125000000000003e-05,-3.9277913889187626,5.43953955805935,8.282452758200186
0.000125,-0.00021875,6.25e-05,-3.928161969355073,5.440228335859991,8.121163687719042
0.000125,-0.00021875,9.374999999999997e-05,-3.9284564038466594,5.44081069756759,7.960669965354136
0.000125,-0.00021875,0.000125,-3.9286747481505553,5.441286737685479,7.800959221628939
0.000125,-0.00021875,0.00015625000000000003,-3.928817060304951,5.441656553480621,7.642019111695762
0.000125,-0.00021875,0.0001875,-3.9288834006298847,5.441920244985323,7.483837315699982
0.000125,-0.00021875,0.00021874999999999998,-3.928873831727733,5.442077914998464,7.326401539140194
0.000125,-0.00021875,0.00025,-3.928788418483531,5.442129669086455,7.169699513224441
0.000125,-0.0001875,-0.00025,-3.921787936614584,5.163263291161769,9.7735128651758
0.000125,-0.0001875,-0.00021875,-3.922846108588729,5.164739601618583,9.604401528149992
0.000125,-0.0001875,-0.0001875,-3.9238277223419034,5.166115857473597,9.436197972851659
0.000125,-0.0001875,-0.00015625,-3.924732813168875,5.167392116070024,9.268889627953715
0.000125,-0.0001875,-0.000125,-3.9255614186302594,5.168568437473399,9.102463943293321
0.000125,-0.0001875,-9.375e-05,-3.9263135785551815,5.169644884475138,8.936908390274755
0.000125,-0.0001875,-6.25e-05,-3.9269893350436043,5.17062152259592,8.772210462267653
0.000125,-0.0001875,-3.125e-05,-3.9275887324684686,5.171498420088678,8.608357675000743
0.000125,-0.0001875,0.0,-3.928111817477734,5.172275647941482,8.445337566951235
0.000125,-0.0001875,3.125000000000003e-05,-3.92855863899601,5.172953279879992,8.283137699729627
0.000125,-0.0001875,6.25e-05,-3.9289292482262215,5.173531392369845,8.121745658460338
0.000125,-0.0001875,9.374999999999997e-05,-3.9292236986508082,5.174010064618579,7.961149052158126
0.000125,-0.0001875,0.000125,-3.9294420460329746,5.174389378577472,7.80133551410006
0.000125,-0.0001875,0.00015625000000000003,-3.929584348417509,5.174669418942975,7.642292702193668
0.000125,-0.0001875,0.0001875,-3.9296506661315127,5.17485027315801,7.484008299340729
0.000125,-0.0001875,0.00021874999999999998,-3.9296410617849395,5.174932031412899,7.326470013797301
0.000125,-0.0001875,0.00025,-3.9295556002707928,5.174914786646083,7.169665579529554
0.000125,-0.00015625,-0.00025,-3.922471902495,4.898488879623704,9.774950450943617
0.000125,-0.00015625,-0.00021875,-3.9235302010051685,4.899791197882134,9.60574257583902
0.000125,-0.00015625,-0.0001875,-3.924511929842315,4.901000542797003,9.437442532245516
0.000125,-0.00015625,-0.00015625,-3.925417124302652,4.902116959303936,9.270037751549172
0.000125,-0.00015625,-0.000125,-3.9262458219486933,4.903140495046131,9.103515686303775
0.000125,-0.00015625,-9.375e-05,-3.9269980626118763,4.904071200377509,8.937863810633498
0.000125,-0.00015625,-6.25e-05,-3.9276738883948616,4.90490912836564,8.773069620630851
0.000125,-0.00015625,-3.125e-05,-3.928273343673787,4.905654334794422,8.6091206347502
0.000125,-0.00015625,0.0,-3.9287964751001296,4.906306878166478,8.44600439419684
0.000125,-0.00015625,3.125000000000003e-05,-3.92924333160254,4.906866819705362,8.283708463311612
0.000125,-0.00015625,6.25e-05,-3.9296139643883037,4.907334223357442,8.122220429951273
0.000125,-0.00015625,9.374999999999997e-05,-3.9299084269447495,4.907709155793601,7.961527905864571
0.000125,-0.00015625,0.000125,-3.930126775040288,4.9079916864106234,7.801618527064096
0.000125,-0.00015625,0.00015625000000000003,-3.930269066725413,4.908181887332387,7.642479954194034
0.000125,-0.00015625,0.0001875,-3.930335362333322,4.908279833410761,7.484099872893834
0.000125,-0.00015625,0.00021874999999999998,-3.930325724480475,4.908285602226267,7.326465994157846
0.000125,-0.00015625,0.00025,-3.930240218066841,4.908199274088505,7.169566054691041
0.000125,-0.000125,-0.00025,-3.923073436105651,4.634196094657939,9.776210512155112
0.000125,-0.000125,-0.00021875,-3.9241318429465384,4.635324442938867,9.606913183095006
0.000125,-0.000125,-0.0001875,-3.9251136701051452,4.636366892487008,9.43852372292648
0.000125,-0.000125,-0.00015625,-3.926018952878705,4.637323475825107,9.271029565734363
0.000125,-0.000125,-0.000125,-3.9268477288311217,4.638194228169097,9.104418166774327
0.000125,-0.000125,-9.375e-05,-3.927600037795546,4.638979187430857,8.938677002875227
0.000125,-0.000125,-6.25e-05,-3.928275921876826,4.639678394220668,8.773793572836873
0.000125,-0.000125,-3.125e-05,-3.9288754254535427,4.640291891849587,8.609755397823285
0.000125,-0.000125,0.0,-3.929398595180109,4.640819726331373,8.446550021751488
0.000125,-0.000125,3.125000000000003e-05,-3.9298454799883675,4.641261946384412,8.284165011675965
0.000125,-0.000125,6.25e-05,-3.9302161310892885,4.64161860343313,8.122587958168683
0.000125,-0.000125,9.374999999999997e-05,-3.93051060197414,4.641889751609451,7.961806475694992
0.000125,-0.000125,0.000125,-3.9307289484157653,4.642075447753741,7.8018082029852
0.000125,-0.000125,0.00015625000000000003,-3.9308712284693508,4.642175751415753,7.642580803402091
0.000125,-0.000125,0.0001875,-3.930937502473256,4.642190724855118,7.484111965304332
0.000125,-0.000125,0.00021874999999999998,-3.9309278330494317,4.64212043304176,7.326389402405882
0.000125,-0.000125,0.00025,-3.9308422851037053,4.641964943655993,7.1694008541314505
0.000125,-9.375e-05,-0.00025,-3.9235925526263307,4.3703666682375575,9.777293076561207
0.000125,-9.375e-05,-0.00021875,-3.924651049592559,4.3713210732481125,9.607913371093636
0.000125,-9.375e-05,-0.0001875,-3.9256329583098672,4.372196647628438,9.43944155948988
0.000125,-9.375e-05,-0.00015625,-3.926538314076051,4.372993411483839,9.27186507851954
0.000125,-9.375e-05,-0.000125,-3.927367154455868,4.373711387598745,9.10517138612571
0.000125,-9.375e-05,-9.375e-05,-3.9281195192837144,4.374350601439057,8.939347961827124
0.000125,-9.375e-05,-6.25e-05,-3.9287954506659393,4.374911081154286,8.774382307115676
0.000125,-9.375e-05,-3.125e-05,-3.9293949929829854,4.375392857579414,8.610261945849397
0.000125,-9.375e-05,0.0,-3.9299181928914506,4.375795964236577,8.446974424641112
0.000125,-9.375e-05,3.125000000000003e-05,-3.930365099325695,4.376120437336447,8.28450731324254
0.000125,-9.375e-05,6.25e-05,-3.930735763499519,4.376366315779472,8.122848204924146
0.000125,-9.375e-05,9.374999999999997e-05,-3.9310302389073564,4.376533641156788,7.96198471685085
0.000125,-9.375e-05,0.000125,-3.9312485813255353,4.3766224577509965,7.801904490453232
0.000125,-9.375e-05,0.00015625000000000003,-3.9313908488130904,4.376632812536619,7.642595191794982
0.000125,-9.375e-05,0.0001875,-3.9314571017124873,4.376564755180402,7.484044511935897
0.000125,-9.375e-05,0.00021874999999999998,-3.9314474026501722,4.376418338041323,7.326240167291215
0.000125,-9.375e-05,0.00025,-3.9313618165367625,4.376193616170381,7.16916989998668
0.000125,-6.25e-05,-0.00025,-3.924029269156321,4.106982341414917,9.77819817633127
0.000125,-6.25e-05,-0.00021875,-3.925087838043063,4.107762834351559,9.608743165567907
0.000125,-6.25e-05,-0.0001875,-3.926069811556641,4.108471558391426,9.440196061227889
0.000125,-6.25e-05,-0.00015625,-3.9269752249949152,4.109108521218456,9.27254430275194
0.000125,-6.25e-05,-0.000125,-3.9278041159230717,4.109673733182003,9.105775350756534
0.000125,-6.25e-05,-9.375e-05,-3.928556524176116,4.110167207298824,8.9398766874358
0.000125,-6.25e-05,-6.25e-05,-3.929232491861331,4.110588959254714,8.77483581695881
0.000125,-6.25e-05,-3.125e-05,-3.9298320633604047,4.110939007406095,8.61064026586239
0.000125,-6.25e-05,0.0,-3.9303552853313866,4.111217372781171,8.447277583439455
0.000125,-6.25e-05,3.125000000000003e-05,-3.9308022067104407,4.111424079081114,8.284735342122973
0.000125,-6.25e-05,6.25e-05,-3.9311728787133835,4.111559152680741,8.123001137865579
0.000125,-6.25e-05,9.374999999999997e-05,-3.9314673548370176,4.111622622629275,7.962062590514956
0.000125,-6.25e-05,0.000125,-3.9316856908602476,4.1116145206505905,7.801907344184989
0.000125,-6.25e-05,0.00015625000000000003,-3.9318279448449958,4.111534881143497,7.6425230676227915
0.000125,-6.25e-05,0.0001875,-3.931894177136938,4.111383741181575,7.483897454571668
0.000125,-6.25e-05,0.00021874999999999998,-3.9318844503659154,4.111161140512984,7.326018224130049
0.000125,-6.25e-05,0.00025,-3.9317988294463038,4.110867121559909,7.168873121106483
0.000125,-3.125e-05,-0.00025,-3.924383604715799,3.844024864853105,9.778925848056105
0.000125,-3.125e-05,-0.00021875,-3.925442227319392,3.8446314814042184,9.609402596810789
0.000125,-3.125e-05,-0.0001875,-3.926424248867682,3.8451733845617664,9.440787252131997
0.000125,-3.125e-05,-0.00015625,-3.927329704658194,3.8456505695851644,9.273067256118225
0.000125,-3.125e-05,-0.000125,-3.9281586322559368,3.846063034385822,9.106230072045554
0.000125,-3.125e-05,-9.375e-05,-3.928911071496056,3.8464107795287332,8.940263184769348
0.000125,-3.125e-05,-6.25e-05,-3.9295870644861672,3.846693808233825,8.775154101121336
0.000125,-3.125e-05,-3.125e-05,-3.930186655608492,3.8469121263769175,8.610890350302148
0.000125,-3.125e-05,0.0,-3.9307098915219196,3.8470657424907997,8.44745948426953
0.000125,-3.125e-05,3.125000000000003e-05,-3.9311568211636008,3.8471546677656945,8.284849078121994
0.000125,-3.125e-05,6.25e-05,-3.931527495750658,3.8471789160499474,8.123046730478233
0.000125,-3.125e-05,9.374999999999997e-05,-3.931821968781346,3.8471385038500556,7.962040063852395
0.000125,-3.125e-05,0.000125,-3.932040296036329,3.8470334503309203,7.801816725024838
0.000125,-3.125e-05,0.00015625000000000003,-3.932182535579488,3.8468637773154883,7.642364385409125
0.000125,-3.125e-05,0.0001875,-3.932248747758653,3.8466295092845093,7.483670741414603
0.000125,-3.125e-05,0.00021874999999999998,-3.932238995206136,3.846330673375905,7.325723514805263
0.000125,-3.125e-05,0.00025,-3.932153342838939,3.8459672993838896,7.168510453054398
0.000125,0.0,-0.00025,-3.9246555802469634,3.581475999354952,9.779476132750379
0.000125,0.0,-0.00021875,-3.9257142383655523,3.581908779703012,9.609891699677664
0.000125,0.0,-0.0001875,-3.9266962911885233,3.582283896069221,9.441215160895249
0.000125,0.0,-0.00015625,-3.9276017740125493,3.582601331285943,9.273433961146397
0.000125,0.0,-0.000125,-3.928430724402056,3.582861070824487,9.106535566353381
0.000125,0.0,-9.375e-05,-3.929183182191697,3.5830631027962383,8.940507464018944
0.000125,0.0,-6.25e-05,-3.929859189488831,3.583207417953556,8.77533716362319
0.000125,0.0,-3.125e-05,-3.930458790675625,3.5832940096904693,8.611012197015969
0.000125,0.0,0.0,-3.9309820324110305,3.5833228740432084,8.447520118804768
0.000125,0.0,3.125000000000003e-05,-3.9314289636325386,3.5832940096904693,8.284848506738275
0.000125,0.0,6.25e-05,-3.931799635557694,3.583207417953556,8.122984962085566
0.000125,0.0,9.374999999999997e-05,-3.9320941016854563,3.5830631027962383,7.9619171100110595
0.000125,0.0,0.000125,-3.932312417797306,3.582861070824487,7.801632599945242
0.000125,0.0,0.00015625000000000003,-3.9324546419581465,3.582601331285943,7.642119105951282
0.000125,0.0,0.0001875,-3.9325208345170637,3.582283896069221,7.483364327087558
0.000125,0.0,0.00021874999999999998,-3.9325110581077176,3.581908779703012,7.325355987766182
0.000125,0.0,0.00025,-3.9324253776487272,3.581475999354952,7.168081838107566
0.000125,3.125000000000003e-05,-0.00025,-3.924845218615096,3.31931751638973,9.779849075854699
0.000125,3.125000000000003e-05,-0.00021875,-3.925903894049232,3.319576505213031,9.610210513588006
0.000125,3.125000000000003e-05,-0.0001875,-3.926885961388881,3.3197848735132265,9.441479820913795
0.000125,3.125000000000003e-05,-0.00015625,-3.927791455929476,3.3199425916938465,9.273644445207326
0.000125,3.125000000000003e-05,-0.000125,-3.9286204152342505,3.3200496327846247,9.106691855023868
0.000125,3.125000000000003e-05,-9.375e-05,-3.9293728791368996,3.3201059724420845,8.940609540499981
0.000125,3.125000000000003e-05,-6.25e-05,-3.9300488897439116,3.32011158895007,8.775385013750208
0.000125,3.125000000000003e-05,-3.125e-05,-3.930648491436698,3.3200664632201438,8.611005809259199
0.000125,3.125000000000003e-05,0.0,-3.9311717308736664,3.319970578791564,8.44745948426953
0.000125,3.125000000000003e-05,3.125000000000003e-05,-3.931618656991807,3.3198239218313668,8.28473361916494
0.000125,3.125000000000003e-05,6.25e-05,-3.9319893210084023,3.3196264811339473,8.12281581784936
0.000125,3.125000000000003e-05,9.374999999999997e-05,-3.9322837764221896,3.319378248120762,7.961693708121762
0.000125,3.125000000000003e-05,0.000125,-3.9325020790146428,3.3190792168395267,7.801354942046524
0.000125,3.125000000000003e-05,0.00015625000000000003,-3.93264428685077,3.3187293839635226,7.641787196320022
0.000125,3.125000000000003e-05,0.0001875,-3.932710460279852,3.3183287487904836,7.482978172632804
0.000125,3.125000000000003e-05,0.00021874999999999998,-3.932700661935976,3.3178773132413446,7.324915598028045
0.000125,3.125000000000003e-05,0.00025,-3.9326149567382362,3.317375081858945,7.167587225255802
0.000125,6.25e-05,-0.00025,-3.924952544609262,3.057531198617854,9.78004472723715
0.000125,6.25e-05,-0.00021875,-3.9260112191625405,3.057616445091781,9.610359082526994
0.000125,6.25e-05,-0.0001875,-3.9269932842635664,3.057658108686731,9.441581270288276
0.000125,6.25e-05,-0.00015625,-3.9278987752060073,3.0576561473764055,9.273698740515805
0.000125,6.25e-05,-0.000125,-3.9287277295515,3.0576105217480762,9.106698964384965
0.000125,6.25e-05,-9.375e-05,-3.929480187132151,3.057521195002829,8.940569434652827
0.000125,6.25e-05,-6.25e-05,-3.9301561900529833,3.057388132955787,8.775297666054636
0.000125,6.25e-05,-3.125e-05,-3.930755782694073,3.057211304035851,8.610871195695808
0.000125,6.25e-05,0.0,-3.931279011712501,3.0569906792856383,8.447277583439455
0.000125,6.25e-05,3.125000000000003e-05,-3.931725926044109,3.056726232360833,8.284504412289557
0.000125,6.25e-05,6.25e-05,-3.932096576905036,3.056417939529761,8.122539288769753
0.000125,6.25e-05,9.374999999999997e-05,-3.932391017793053,3.0560657796723785,7.961369843297929
0.000125,6.25e-05,0.000125,-3.932609304488676,3.0556697342794883,7.80098373055656
0.000125,6.25e-05,0.00015625000000000003,-3.932751495056088,3.0552297874513656,7.6413686298589285
0.000125,6.25e-05,0.0001875,-3.932817649843863,3.0547459258965826,7.4825122455112805
0.000125,6.25e-05,0.00021874999999999998,-3.932807831485393,3.0542181389303544,7.324402307170963
0.000125,6.25e-05,0.00025,-3.9327221048992445,3.0536464184728636,7.1670265702005995
0.000125,9.374999999999997e-05,-0.00025,-3.9249775849429724,2.7960988404135323,9.780063141194491
0.000125,9.374999999999997e-05,-0.00021875,-3.9260362404226403,2.7960103982114104,9.610337455046277
0.000125,9.374999999999997e-05,-0.0001875,-3.9270182865329373,2.7958854050980704,9.441519551824484
0.000125,9.374999999999997e-05,-0.00015625,-3.9279237585653717,2.7957238066169676,9.27359688413119
0.000125,9.374999999999997e-05,-0.000125,-3.9287526940793773,2.795525550912816,9.10655692574922
0.000125,9.374999999999997e-05,-9.375e-05,-3.929505132904999,2.7952905887314214,8.940387172043089
0.000125,9.374999999999997e-05,-6.25e-05,-3.930181117145197,2.7950188734194024,8.775075140355305
0.000125,9.374999999999997e-05,-3.125e-05,-3.930780691177995,2.7947103609237076,8.610608370398149
0.000125,9.374999999999997e-05,0.0,-3.931303901658539,2.7943650097909614,8.446974424641112
0.000125,9.374999999999997e-05,3.125000000000003e-05,-3.931750797520704,2.793982781166675,8.284160888693789
0.000125,9.374999999999997e-05,6.25e-05,-3.9321214299787766,2.7935636387942178,8.122155371684519
0.000125,9.374999999999997e-05,9.374999999999997e-05,-3.932415852528641,2.79310754901369,7.960945506634886
0.000125,9.374999999999997e-05,0.000125,-3.9326341209490447,2.7926144807605655,7.800518950829723
0.000125,9.374999999999997e-05,0.00015625000000000003,-3.9327762933024113,2.792084405564188,7.640863386183332
0.000125,9.374999999999997e-05,0.0001875,-3.9328424299355573,2.7915172975461053,7.481966519601292
0.000125,9.374999999999997e-05,0.00021874999999999998,-3.9328325934802537,2.7909131334182002,7.323816083338572
0.000125,9.374999999999997e-05,0.00025,-3.9327468488534043,2.7902718924807086,7.166399835353397
0.000125,0.000125,-0.00025,-3.924920368254494,2.5350022483854127,9.779904376452798
0.000125,0.000125,-0.00021875,-3.925978986472087,2.5347401756788894,9.610145684264715
0.000125,0.000125,-0.0001875,-3.9269609968434063,2.534448578490526,9.44129471303387
0.000125,0.000125,-0.00015625,-3.9278664346573002,2.534127389933949,9.27333891795761
0.000125,0.000125,-0.000125,-3.92869533747058,2.5337765457118464,9.106265775413785
0.000125,0.000125,-9.375e-05,-3.929447745110585,2.5333959841154585,8.940062783361507
0.000125,0.000125,-6.25e-05,-3.9301236996776514,2.5329856460239637,8.774717461737286
0.000125,0.000125,-3.125e-05,-3.9307232455471284,2.532545474903444,8.610217352846682
0.000125,0.000125,0.0,-3.9312464293714977,2.5320754168060495,8.446550021751488
0.000125,0.000125,3.125000000000003e-05,-3.931693300081953,2.531575420368619,8.283703056652568
0.000125,0.000125,6.25e-05,-3.9320639088901137,2.5310454368115014,8.121664069268272
0.000125,0.000125,9.374999999999997e-05,-3.932358309289179,2.5304854199368645,7.960420695208712
0.000125,0.000125,0.000125,-3.932576557055224,2.529895326127203,7.799960594345742
0.000125,0.000125,0.00015625000000000003,-3.932718710247946,2.529275114343303,7.640271451178846
0.000125,0.000125,0.0001875,-3.932784829211517,2.528624746122415,7.481340975196941
0.000125,0.000125,0.00021874999999999998,-3.93277497657498,2.527944185575996,7.323156901236173
0.000125,0.000125,0.00025,-3.9326892172525483,2.5272333993873586,7.165706989833765
0.000125,0.00015625000000000003,-0.00025,-3.924780925107084,2.2742232418954225,9.779568496167787
0.000125,0.00015625000000000003,-0.00021875,-3.925839487879041,2.2737876013544427,9.609783827868297
0.000125,0.00015625000000000003,-0.0001875,-3.9268214457675343,2.273329457360559,9.440906806133345
0.000125,0.00015625000000000003,-0.00015625,-3.927726834058295,2.2728487305985476,9.272924888743727
0.000125,0.00015625000000000003,-0.000125,-3.928555690304963,2.2723453443303434,9.105825554660045
0.000125,0.00015625000000000003,-9.375e-05,-3.92930805433172,2.2718192243941044,8.93959630442338
0.000125,0.00015625000000000003,-6.25e-05,-3.9299839682355775,2.27127029920311,8.774224660551209
0.000125,0.00015625000000000003,-3.125e-05,-3.930583476388639,2.270698499744484,8.609698167928913
0.000125,0.00015625000000000003,0.0,-3.931106625439963,2.2701037595778097,8.44600439419684
0.000125,0.00015625000000000003,3.125000000000003e-05,-3.931553464317392,2.2694860148335425,8.283130930132899
0.000125,0.00015625000000000003,6.25e-05,-3.9319240442290195,2.2688452042113076,8.121065390030918
0.000125,0.00015625000000000003,9.374999999999997e-05,-3.932218418664593,2.2681812689780125,7.959795412074689
0.000125,0.00015625000000000003,0.000125,-3.932436643396558,2.2674941529658508,7.799308658707825
0.000125,0.00015625000000000003,0.00015625000000000003,-3.9325787764810562,2.2667838025700964,7.639592816999481
0.000125,0.00015625000000000003,0.0001875,-3.9326448782585413,2.266050166746801,7.480635599006005
0.000125,0.00015625000000000003,0.00021874999999999998,-3.9326350113543476,2.265293197010309,7.322424742128569
0.000125,0.00015625000000000003,0.00025,-3.932549240678925,2.26451284743062,7.164948009466872
0.000125,0.0001875,-0.00025,-3.9245592879889535,2.01374365357604,9.779055567924539
0.000125,0.0001875,-0.00021875,-3.9256177771372416,2.0131345123683118,9.609251948109891
0.000125,0.0001875,-0.0001875,-3.9265996658040367,2.0125098834738675,9.44035588804486
0.000125,0.0001875,-0.00015625,-3.927504989271525,2.0118696751504035,9.272354848082026
0.000125,0.0001875,-0.000125,-3.92833378508967,2.011213798221021,9.105236309752732
0.000125,0.0001875,-9.375e-05,-3.929086093078889,2.0105421660728595,8.938987776167535
0.000125,0.0001875,-6.25e-05,-3.9297619553323644,2.0098546946556133,8.773596772412033
0.000125,0.0001875,-3.125e-05,-3.9303614162181977,2.009151302479843,8.609050845938176
0.000125,0.0001875,0.0,-3.930884522381442,2.008431910615211,8.445337566951235
0.000125,0.0001875,3.125000000000003e-05,-3.931331322745739,2.0076964426885295,8.282444528792194
0.000125,0.0001875,6.25e-05,-3.9317018685149816,2.006944824881688,8.120359348315956
0.000125,0.0001875,9.374999999999997e-05,-3.9319962131745156,2.006176985929419,7.9590696662653455
0.000125,0.0001875,0.000125,-3.9322144124923852,2.0053928571169477,7.79856314764065
0.000125,0.0001875,0.00015625000000000003,-3.932356524520159,2.004592372277453,7.638827482065357
0.000125,0.0001875,0.0001875,-3.932422609593646,2.0037754677894535,7.479850384147529
0.000125,0.0001875,0.00021874999999999998,-3.932412730333452,2.002942082573996,7.3216195938374025
0.000125,0.0001875,0.00025,-3.9323269516451624,2.0020921580917252,7.164122876780815
0.000125,0.00021874999999999998,-0.00025,-3.924255491313061,1.7535453298456463,9.778365663736984
0.000125,0.00021874999999999998,-0.00021875,-3.9253138886657806,1.7527627596357722,9.60855011180847
0.000125,0.00021874999999999998,-0.0001875,-3.926295691377613,1.7519717123801757,9.439642020394443
0.000125,0.00021874999999999998,-0.00015625,-3.9272009347266783,1.7511720839119183,9.271628852407805
0.000125,0.00021874999999999998,-0.000125,-3.928029656258809,1.7503637726179084,9.10449809193874
0.000125,0.00021874999999999998,-9.375e-05,-3.9287818957900913,1.7495466794370353,8.938237244655
0.000125,0.00021874999999999998,-6.25e-05,-3.9294576954092486,1.7487207078582772,8.772833838197563
0.000125,0.00021874999999999998,-3.125e-05,-3.930057099479807,1.7478857639187368,8.6082754225719
0.000125,0.00021874999999999998,0.0,-3.930580154642035,1.7470417562013292,8.444549570534699
0.000125,0.00021874999999999998,3.125000000000003e-05,-3.9310269098147255,1.74618859583263,8.281643877976197
0.000125,0.00021874999999999998,6.25e-05,-3.9313974161966874,1.7453261964802593,8.119545964298235
0.000125,0.00021874999999999998,9.374999999999997e-05,-3.931691727268125,1.7444544743504764,7.958243472788037
0.000125,0.00021874999999999998,0.000125,-3.9319098987917234,1.7435733481853077,7.797724070987771
0.000125,0.00021874999999999998,0.00015625000000000003,-3.93205198881358,1.7426827392598416,7.637975451059976
0.000125,0.00021874999999999998,0.0001875,-3.9321180576639003,1.7417825713791728,7.478985330148958
0.000125,0.00021874999999999998,0.00021874999999999998,-3.9321081679574874,1.740872770875285,7.320741450738124
0.000125,0.00021874999999999998,0.00025,-3.9320223845940565,1.7399532666039035,7.163231581003389
0.000125,0.00025,-0.00025,-3.9238695714166765,1.4936101314226455,9.77749886004671
0.000125,0.00025,-0.00021875,-3.9249278588087213,1.492654208370701,9.607678390347772
0.000125,0.00025,-0.0001875,-3.925909558838443,1.4916968139262268,9.438765269510746
0.000125,0.00025,-0.00015625,-3.926814706779507,1.490737831500874,9.270746962997539
0.000125,0.00025,-0.000125,-3.927643340173062,1.4897771470486014,9.103610957445357
0.000125,0.00025,-9.375e-05,-3.928395498830332,1.488814649063439,8.937344761067019
0.000125,0.00025,-6.25e-05,-3.929071224834984,1.4878502285773185,8.771935904046336
0.000125,0.00025,-3.125e-05,-3.9296705625453083,1.4868837791574332,8.607371938929328
0.000125,0.00025,0.0,-3.9301935585961214,1.4859151969039035,8.4436404410108
0.000125,0.00025,3.125000000000003e-05,-3.9306402619005922,1.4849443804468658,8.280729008716538
0.000125,0.00025,6.25e-05,-3.931010723651697,1.4839712309438926,8.11862526398124
0.000125,0.00025,9.374999999999997e-05,-3.931304997323634,1.4829956520768348,7.957316852622178
0.000125,0.00025,0.000125,-3.931523138672867,1.4820175500489905,7.796791444708617
0.000125,0.00025,0.00015625000000000003,-3.9316652057390913,1.4810368335817068,7.637036734927116
0.000125,0.00025,0.0001875,-3.9317312588459132,1.480053413911286,7.47804044294281
0.000125,0.00025,0.00021874999999999998,-3.9317213606013595,1.4790672047854256,7.319790313756599
0.000125,0.00025,0.00025,-3.9316355758981336,1.4780781224597306,7.162274118058452
0.00015625000000000003,-0.00025,-0.00025,-3.691064024186125,5.693407143544046,9.768950278218568
0.00015625000000000003,-0.00025,-0.00021875,-3.692239337287861,5.695231302557485,9.600129622539852
0.00015625000000000003,-0.00025,-0.0001875,-3.69333856981709,5.696941239698991,9.432216570270242
0.00015625000000000003,-0.00025,-0.00015625,-3.694361771712154,5.6985370371048605,9.265198542513227
0.00015625000000000003,-0.00025,-0.000125,-3.695308994846425,5.700018779663981,9.099062981525464
0.00015625000000000003,-0.00025,-9.375e-05,-3.696180293031181,5.701386555022065,8.933797351120383
0.00015625000000000003,-0.00025,-6.25e-05,-3.6969757220181956,5.7026404535859125,8.769389137067142
0.00015625000000000003,-0.00025,-3.125e-05,-3.6976953395022867,5.7037805685271925,8.605825847485217
0.00015625000000000003,-0.00025,0.0,-3.6983392051235104,5.70480699578606,8.443095013234341
0.00015625000000000003,-0.00025,3.125000000000003e-05,-3.6989073804692856,5.705719834074391,8.281184188300225
0.00015625000000000003,-0.00025,6.25e-05,-3.699399929076283,5.706519184878853,8.120080950175876
0.00015625000000000003,-0.00025,9.374999999999997e-05,-3.6998169164321233,5.707205152463573,7.9597729002386695
0.00015625000000000003,-0.00025,0.000125,-3.7001584099768383,5.707777843872642,7.8002476641232406
0.00015625000000000003,-0.00025,0.00015625000000000003,-3.700424479104261,5.708237368932232,7.641492892090189
0.00015625000000000003,-0.00025,0.0001875,-3.700615195163063,5.7085838402525475,7.483496259390781
0.00015625000000000003,-0.00025,0.00021874999999999998,-3.700730631457741,5.708817373229293,7.326245466627588
0.00015625000000000003,-0.00025,0.00025,-3.700770863249319,5.708938086045156,7.169728240111215
0.00015625000000000003,-0.00021875,-0.00025,-3.6919781102253677,5.427697620017117,9.770742796292119
0.00015625000000000003,-0.00021875,-0.00021875,-3.693153610177699,5.429347775191768,9.601811429017086
0.00015625000000000003,-0.00021875,-0.0001875,-3.6942530138766045,5.430890801991881,9.43378773972006
0.00015625000000000003,-0.00021875,-0.00015625,-3.6952763712640713,5.4323267701595075,9.266659152247033
0.00015625000000000003,-0.00021875,-0.000125,-3.6962237342176563,5.4336557521736575,9.10041311160151
0.00015625000000000003,-0.00021875,-9.375e-05,-3.6970951565533374,5.434877823254321,8.935037084347835
0.00015625000000000003,-0.00021875,-6.25e-05,-3.697890694028169,5.435993061366167,8.77051855900989
0.00015625000000000003,-0.00021875,-3.125e-05,-3.698610404342769,5.437001547222062,8.606845046465347
0.00015625000000000003,-0.00021875,0.0,-3.699254347143531,5.437903364286144,8.444004080335413
0.00015625000000000003,-0.00021875,3.125000000000003e-05,-3.699822584024786,5.438698598776885,8.281983217370229
0.00015625000000000003,-0.00021875,6.25e-05,-3.7003151785306123,5.4393873396695875,8.120770037829917
0.00015625000000000003,-0.00021875,9.374999999999997e-05,-3.700732196156615,5.439969678698909,7.960352145861399
0.00015625000000000003,-0.00021875,0.000125,-3.7010737043513453,5.440445710360822,7.800717169870962
0.00015625000000000003,-0.00021875,0.00015625000000000003,-3.7013397725176804,5.44081553191456,7.64185276289275
0.00015625000000000003,-0.00021875,0.0001875,-3.7015304720139137,5.441079243384114,7.483746602953137
0.00015625000000000003,-0.00021875,0.00021874999999999998,-3.7016458761546844,5.441236947559547,7.326386393431116
0.00015625000000000003,-0.00021875,0.00025,-3.701686060211702,5.441288749997984,7.169759863414729
0.00015625000000000003,-0.0001875,-0.00025,-3.692808708838767,5.162506269392061,9.772357767644102
0.00015625000000000003,-0.0001875,-0.00021875,-3.6939843751296113,5.1639824339886085,9.603322784989192
0.00015625000000000003,-0.0001875,-0.0001875,-3.6950839309913253,5.165358556781678,9.435195542491003
0.00015625000000000003,-0.0001875,-0.00015625,-3.6961074263688607,5.166634695112315,9.267963466722918
0.00015625000000000003,-0.0001875,-0.000125,-3.697054913143268,5.1678109090434114,9.101614005419773
0.00015625000000000003,-0.0001875,-9.375e-05,-3.697926445134477,5.168887261363314,8.936134627880891
0.00015625000000000003,-0.0001875,-6.25e-05,-3.698722078104044,5.169863817589131,8.77151282536852
0.00015625000000000003,-0.0001875,-3.125e-05,-3.699441869757508,5.170740645969813,8.607736111501822
0.00015625000000000003,-0.0001875,0.0,-3.7000858797467537,5.171517817488937,8.444792022646393
0.00015625000000000003,-0.0001875,3.125000000000003e-05,-3.7006541696720485,5.172195405867263,8.282668118299327
0.00015625000000000003,-0.0001875,6.25e-05,-3.7011468030839474,5.172773487565015,8.121351981470035
0.00015625000000000003,-0.0001875,9.374999999999997e-05,-3.7015638454849746,5.1732521417839115,7.960831219056802
0.00015625000000000003,-0.0001875,0.000125,-3.7019053643311763,5.173631450468901,7.801093462219081
0.00015625000000000003,-0.0001875,0.00015625000000000003,-3.7021714290333385,5.173911498309689,7.6421263667456945
0.00015625000000000003,-0.0001875,0.0001875,-3.7023621109582208,5.174092372741953,7.483917613418974
0.00015625000000000003,-0.0001875,0.00021874999999999998,-3.7024774834293863,5.174174163948339,7.326454908374867
0.00015625000000000003,-0.0001875,0.00025,-3.7025176217279987,5.174156964859138,7.169725983459086
0.00015625000000000003,-0.00015625,-0.00025,-3.6935558400358417,4.897814805380458,9.773795211199968
0.00015625000000000003,-0.00015625,-0.00021875,-3.6947316521521474,4.899116997137798,9.604663702528452
0.00015625000000000003,-0.00015625,-0.0001875,-3.695831341168577,4.900326226876026,9.436439983795596
0.00015625000000000003,-0.00015625,-0.00015625,-3.696854957032421,4.901442539529171,9.269111484287501
0.00015625000000000003,-0.00015625,-0.000125,-3.6978025516274773,4.902465982738408,9.102665654455196
0.00015625000000000003,-0.00015625,-9.375e-05,-3.6986741787769155,4.903396606855203,8.937089966317469
0.00015625000000000003,-0.00015625,-6.25e-05,-3.6994698942459454,4.9042344649442935,8.772371913858986
0.00015625000000000003,-0.00015625,-3.125e-05,-3.7001897557442356,4.904979612786303,8.608499013424144
0.00015625000000000003,-0.00015625,0.0,-3.7008338229282702,4.905632108880164,8.44545880410617
0.00015625000000000003,-0.00015625,3.125000000000003e-05,-3.701402157403303,4.906192014445371,8.283238848132068
0.00015625000000000003,-0.00015625,6.25e-05,-3.7018948227254063,4.906659393423754,8.121826731243132
0.00015625000000000003,-0.00015625,9.374999999999997e-05,-3.7023118844030085,4.907034312481296,7.961210063071224
0.00015625000000000003,-0.00015625,0.000125,-3.70265340989853,4.90731684100946,7.801376477510861
0.00015625000000000003,-0.00015625,0.00015625000000000003,-3.7029194686296103,4.907507051126361,7.6423136330871095
0.00015625000000000003,-0.00015625,0.0001875,-3.703110131970275,4.9076050176777235,7.48400921331951
0.00015625000000000003,-0.00015625,0.00021874999999999998,-3.7032254732518464,4.907610818237497,7.326450927081897
0.00015625000000000003,-0.00015625,0.00025,-3.7032655677636606,4.907524533108276,7.169626508958306
0.00015625000000000003,-0.000125,-0.00025,-3.6942195253251957,4.63360494970124,9.775055150295902
0.00015625000000000003,-0.000125,-0.00021875,-3.695395462753619,4.6347331908404055,9.605834198257023
0.00015625000000000003,-0.000125,-0.0001875,-3.696495265916121,4.6357755430976075,9.437521073536168
0.00015625000000000003,-0.000125,-0.00015625,-3.697518984761651,4.6367320389945546,9.270103208117819
0.00015625000000000003,-0.000125,-0.000125,-3.698466671176079,4.637602713745774,9.103568055154451
0.00015625000000000003,-0.000125,-9.375e-05,-3.6993383789850522,4.638387605261289,8.937903089369161
0.00015625000000000003,-0.000125,-6.25e-05,-3.700134163956645,4.639086754149312,8.773095807453554
0.00015625000000000003,-0.000125,-3.125e-05,-3.7008540838038284,4.639700203718295,8.60913372846124
0.00015625000000000003,-0.000125,0.0,-3.7014981981867408,4.64022799997919,8.44600439419684
0.00015625000000000003,-0.000125,3.125000000000003e-05,-3.70206656871477,4.6406701916470485,8.283695369600572
0.00015625000000000003,-0.000125,6.25e-05,-3.7025592589484475,4.641026830142754,8.12219424312857
0.00015625000000000003,-0.000125,9.374999999999997e-05,-3.702976334401144,4.641297969594162,7.961488627128908
0.00015625000000000003,-0.000125,0.000125,-3.7033178625405716,4.641483666837368,7.801566158213419
0.00015625000000000003,-0.000125,0.00015625000000000003,-3.7035839127901022,4.641583981417315,7.642414497625388
0.00015625000000000003,-0.000125,0.0001875,-3.703774556529879,4.641598975588614,7.4840213316031825
0.00015625000000000003,-0.000125,0.00021874999999999998,-3.7038898670977525,4.641528714315712,7.326374371739843
0.00015625000000000003,-0.000125,0.00025,-3.703929919789998,4.641373265273082,7.169461355338755
0.00015625000000000003,-9.375e-05,-0.00025,-3.6947997877163976,4.3698584326172165,9.776137612682493
0.00015625000000000003,-9.375e-05,-0.00021875,-3.6959758299439507,4.370812749844862,9.606834293350563
0.00015625000000000003,-9.375e-05,-0.0001875,-3.697075728243932,4.371688244819776,9.438438826308278
0.00015625000000000003,-9.375e-05,-0.00015625,-3.6980995325663124,4.372484937646729,9.270938646224533
0.00015625000000000003,-9.375e-05,-0.000125,-3.6990472947983064,4.373202851109324,9.104321208938932
0.00015625000000000003,-9.375e-05,-9.375e-05,-3.6999190687672705,4.373842010672365,8.938573991864091
0.00015625000000000003,-9.375e-05,-6.25e-05,-3.7007149102433923,4.374402444483869,8.773684494383334
0.00015625000000000003,-9.375e-05,-3.125e-05,-3.701434876942056,4.374884183377077,8.609640238243966
0.00015625000000000003,-9.375e-05,0.0,-3.7020790285262093,4.375287260871983,8.446428767946033
0.00015625000000000003,-9.375e-05,3.125000000000003e-05,-3.7026474266084066,4.3756117131768875,8.284037651126667
0.00015625000000000003,-9.375e-05,6.25e-05,-3.7031401347526987,4.375857579189454,8.122454478940163
0.00015625000000000003,-9.375e-05,9.374999999999997e-05,-3.7035572184763303,4.376024900497801,7.961666866433792
0.00015625000000000003,-9.375e-05,0.000125,-3.703898745251287,4.376113721381113,7.8016624529193574
0.00015625000000000003,-9.375e-05,0.00015625000000000003,-3.7041647845055135,4.376124088810251,7.6424289023406535
0.00015625000000000003,-9.375e-05,0.0001875,-3.7043554076241314,4.376056052447894,7.483953903636879
0.00015625000000000003,-9.375e-05,0.00021874999999999998,-3.7044706879503324,4.375909664648691,7.32622517110198
0.00015625000000000003,-9.375e-05,0.00025,-3.7045107007860607,4.375684980459013,7.16923044474007
0.00015625000000000003,-6.25e-05,-0.00025,-3.69529665172159,4.10655699346898,9.77704263052819
0.00015625000000000003,-6.25e-05,-0.00021875,-3.6964727782363482,4.107337417980459,9.607664013541378
0.00015625000000000003,-6.25e-05,-0.0001875,-3.6975727526659647,4.10804608049959,9.439193261403691
0.00015625000000000003,-6.25e-05,-0.00015625,-3.6985966249607136,4.108682988710339,9.271617811454842
0.00015625000000000003,-6.25e-05,-0.000125,-3.6995444470084915,4.109248152961871,9.104925122207495
0.00015625000000000003,-6.25e-05,-9.375e-05,-3.700416272637635,4.10974158627044,8.939102673749353
0.00015625000000000003,-6.25e-05,-6.25e-05,-3.7012121576195827,4.110163304321099,8.774137968140668
0.00015625000000000003,-6.25e-05,-3.125e-05,-3.7019321596713493,4.110513325469215,8.6100185298072
0.00015625000000000003,-6.25e-05,0.0,-3.702576338457789,4.110791670741709,8.44673190592882
0.00015625000000000003,-6.25e-05,3.125000000000003e-05,-3.703144755593681,4.1109983638381475,8.284265666823604
0.00015625000000000003,-6.25e-05,6.25e-05,-3.7036374746456264,4.111133431131517,8.122607406327695
0.00015625000000000003,-6.25e-05,9.374999999999997e-05,-3.704054561133739,4.1111969016688805,7.9617447421708825
0.00015625000000000003,-6.25e-05,0.000125,-3.7043960825331506,4.111188807171734,7.801665316347892
0.00015625000000000003,-6.25e-05,0.00015625000000000003,-3.704662108275328,4.111109182036185,7.64235679548575
0.00015625000000000003,-6.25e-05,0.0001875,-3.7048527097491903,4.1109580633328795,7.483806871206769
0.00015625000000000003,-6.25e-05,0.00021874999999999998,-3.7049679603020267,4.110735490806731,7.326003260487863
0.00015625000000000003,-6.25e-05,0.00025,-3.705007935240254,4.1104415068764455,7.168933706015585
0.00015625000000000003,-3.125e-05,-0.00025,-3.6957101433570494,3.8436823812065493,9.777770240422184
0.00015625000000000003,-3.125e-05,-0.00021875,-3.6968863336488087,3.844288948688465,9.608323389121203
0.00015625000000000003,-3.125e-05,-0.0001875,-3.697986365201522,3.8448308082085143,9.439784402812965
0.00015625000000000003,-3.125e-05,-0.00015625,-3.6990102879651503,3.8453079550267004,9.272140721494734
0.00015625000000000003,-3.125e-05,-0.000125,-3.6999581538275614,3.8457203870548495,9.105379806338515
0.00015625000000000003,-3.125e-05,-9.375e-05,-3.700830016617283,3.8460681048581313,8.939489140093045
0.00015625000000000003,-3.125e-05,-6.25e-05,-3.7016259321062526,3.8463511116563645,8.774456227480918
0.00015625000000000003,-3.125e-05,-3.125e-05,-3.702345958012242,3.846569413325151,8.610268595591496
0.00015625000000000003,-3.125e-05,0.0,-3.702990154001136,3.846723018396673,8.446913794269193
0.00015625000000000003,-3.125e-05,3.125000000000003e-05,-3.70355858168901,3.846811938060505,8.284379396497386
0.00015625000000000003,-3.125e-05,6.25e-05,-3.7040513046440333,3.846836186163921,8.122652998778054
0.00015625000000000003,-3.125e-05,9.374999999999997e-05,-3.7044683883881557,3.8467957792123064,7.961722221507147
0.00015625000000000003,-3.125e-05,0.000125,-3.7048099003986157,3.84669073636906,7.80157470934569
0.00015625000000000003,-3.125e-05,0.00015625000000000003,-3.705075910109249,3.84652107945552,7.642198131586811
0.00015625000000000003,-3.125e-05,0.0001875,-3.7052664889116493,3.84628683295054,7.483580182518706
0.00015625000000000003,-3.125e-05,0.00021874999999999998,-3.7053817101559994,3.845988023989903,7.32570858178353
0.00015625000000000003,-3.125e-05,0.00025,-3.7054216491518974,3.845624682365519,7.1685710747323945
0.00015625000000000003,0.0,-0.00025,-3.6960402901444245,3.5812163549184532,9.778320483376872
0.00015625000000000003,0.0,-0.00021875,-3.697216523705366,3.5816491055508646,9.608812454943434
0.00015625000000000003,0.0,-0.0001875,-3.6983165933766644,3.582024196160761,9.440212279227541
0.00015625000000000003,0.0,-0.00015625,-3.6993405491072915,3.5823416095816842,9.272507398871
0.00015625000000000003,0.0,-0.000125,-3.7002884427843385,3.582601331285943,9.1056852776918
0.00015625000000000003,0.0,-9.375e-05,-3.701160328235825,3.5828033493857365,8.93973340108582
0.00015625000000000003,0.0,-6.25e-05,-3.7019562612333803,3.5829476546340544,8.774639276423887
0.00015625000000000003,0.0,-3.125e-05,-3.7026762994946862,3.583034240425391,8.610390433444316
0.00015625000000000003,0.0,0.0,-3.7033205026857683,3.5830631027962383,8.446974424641112
0.00015625000000000003,0.0,3.125000000000003e-05,-3.703888932423074,3.583034240425391,8.284378825647622
0.00015625000000000003,0.0,6.25e-05,-3.7043816522753557,3.5829476546340544,8.122591235615937
0.00015625000000000003,0.0,9.374999999999997e-05,-3.704798727765377,3.5828033493857365,7.961599277592155
0.00015625000000000003,0.0,0.000125,-3.7051402263714226,3.582601331285943,7.801390598887144
0.00015625000000000003,0.0,0.00015625000000000003,-3.705406217528591,3.5823416095816842,7.641952871443523
0.00015625000000000003,0.0,0.0001875,-3.7055967726299395,3.582024196160761,7.4832737921982355
0.00015625000000000003,0.0,0.00021874999999999998,-3.705711965027383,3.5816491055508646,7.325341083441415
0.00015625000000000003,0.0,0.00025,-3.705751870032464,3.5812163549184532,7.1681424931710165
0.00015625000000000003,3.125000000000003e-05,-0.00025,-3.6962871211118933,3.319140684358767,9.778693404829934
0.00015625000000000003,3.125000000000003e-05,-0.00021875,-3.6974633774372947,3.319399662816901,9.609131250425083
0.00015625000000000003,3.125000000000003e-05,-0.0001875,-3.6985634662252784,3.319608023239309,9.440476924041473
0.00015625000000000003,3.125000000000003e-05,-0.00015625,-3.6995874374231836,3.3197657360312975,9.272717870952768
0.00015625000000000003,3.125000000000003e-05,-0.000125,-3.7005353429166643,3.3198727742241614,9.105841557609798
0.00015625000000000003,3.125000000000003e-05,-9.375e-05,-3.7014072365324315,3.319929113475905,8.939835472042134
0.00015625000000000003,3.125000000000003e-05,-6.25e-05,-3.7022031740410135,3.3199347320717365,8.774687124254823
0.00015625000000000003,3.125000000000003e-05,-3.125e-05,-3.7029232131591736,3.3198896109243488,8.610384046620883
0.00015625000000000003,3.125000000000003e-05,0.0,-3.703567413552191,3.319793733574143,8.446913794269193
0.00015625000000000003,3.125000000000003e-05,3.125000000000003e-05,-3.704135836835941,3.319647086188995,8.284263945467998
0.00015625000000000003,3.125000000000003e-05,6.25e-05,-3.7046285465787943,3.31944965756418,8.122422102004151
0.00015625000000000003,3.125000000000003e-05,9.374999999999997e-05,-3.7050456083033043,3.3192014391217297,7.961375889558058
0.00015625000000000003,3.125000000000003e-05,0.000125,-3.7053870894877186,3.318902424909951,7.801112958074409
0.00015625000000000003,3.125000000000003e-05,0.00015625000000000003,-3.7056530595672825,3.318552611602478,7.641620982128778
0.00015625000000000003,3.125000000000003e-05,0.0001875,-3.7058435899354056,3.318151998497283,7.482887661290199
0.00015625000000000003,3.125000000000003e-05,0.00021874999999999998,-3.7059587539444854,3.317700587515463,7.32490072047965
0.00015625000000000003,3.125000000000003e-05,0.00025,-3.7059986269067413,3.317198383199797,7.167647910324645
0.00015625000000000003,6.25e-05,-0.00025,-3.6964506667951196,3.057437150471936,9.778889054645838
0.00015625000000000003,6.25e-05,-0.00021875,-3.697626925383979,3.057522405927456,9.60927981954806
0.00015625000000000003,6.25e-05,-0.0001875,-3.698727014290044,3.057564079519888,9.440578375352587
0.00015625000000000003,6.25e-05,-0.00015625,-3.6997509834583484,3.0575621292252455,9.272772169952477
0.00015625000000000003,6.25e-05,-0.000125,-3.700698884772355,3.057516515632989,9.105848672418587
0.00015625000000000003,6.25e-05,-9.375e-05,-3.7015707720567734,3.057427201946358,8.939795373400836
0.00015625000000000003,6.25e-05,-6.25e-05,-3.7023667010802184,3.057294153982455,8.774599785524924
0.00015625000000000003,6.25e-05,-3.125e-05,-3.7030867295576906,3.0571173401721787,8.610249443784468
0.00015625000000000003,6.25e-05,0.0,-3.7037309171528325,3.0568967315599447,8.44673190592882
0.00015625000000000003,6.25e-05,3.125000000000003e-05,-3.7042993254800223,3.0566323018032455,8.284034752846337
0.00015625000000000003,6.25e-05,6.25e-05,-3.704792018106262,3.0563240271720375,8.12214558894344
0.00015625000000000003,6.25e-05,9.374999999999997e-05,-3.705209060552878,3.055971886547916,7.9610520425194
0.00015625000000000003,6.25e-05,0.000125,-3.705550520297014,3.0555758614231254,7.8007417661368015
0.00015625000000000003,6.25e-05,0.00015625000000000003,-3.705816466772963,3.0551359358993997,7.641202436988115
0.00015625000000000003,6.25e-05,0.0001875,-3.7060069713732697,3.0546520966865973,7.482421757257875
0.00015625000000000003,6.25e-05,0.00021874999999999998,-3.7061221074496573,3.0541243331011847,7.3243874544811804
0.00015625000000000003,6.25e-05,0.00025,-3.7061619503137835,3.0535526370644708,7.167087281897937
0.00015625000000000003,9.374999999999997e-05,-0.00025,-3.6965309592380033,2.7960875459155754,9.778907487117063
0.00015625000000000003,9.374999999999997e-05,-0.00021875,-3.697707199593751,2.7959991320374558,9.609258210860283
0.00015625000000000003,9.374999999999997e-05,-0.0001875,-3.698807269623177,2.7958741667929687,9.440516675963371
0.00015625000000000003,9.374999999999997e-05,-0.00015625,-3.6998312192683906,2.795712595728472,9.27267033292661
0.00015625000000000003,9.374999999999997e-05,-0.000125,-3.7007791004099566,2.7955143669914833,9.105706653428253
0.00015625000000000003,9.374999999999997e-05,-9.375e-05,-3.701650966869788,2.795279431330553,8.939613130725602
0.00015625000000000003,9.374999999999997e-05,-6.25e-05,-3.70244687441384,2.795007742095063,8.774377280051514
0.00015625000000000003,9.374999999999997e-05,-3.125e-05,-3.703166880754471,2.7946992552346064,8.609986639006449
0.00015625000000000003,9.374999999999997e-05,0.0,-3.703811045552815,2.7943539292984974,8.446428767946033
0.00015625000000000003,9.374999999999997e-05,3.125000000000003e-05,-3.7043794304208215,2.7939717254347958,8.283691250364184
0.00015625000000000003,9.374999999999997e-05,6.25e-05,-3.7048720989231465,2.7935526073894796,8.121761693271985
0.00015625000000000003,9.374999999999997e-05,9.374999999999997e-05,-3.705289116578848,2.793096541505117,7.960627727572282
0.00015625000000000003,9.374999999999997e-05,0.000125,-3.7056305508629372,2.792603496719695,7.800277008430037
0.00015625000000000003,9.374999999999997e-05,0.00015625000000000003,-3.7058964712075917,2.7920734445649513,7.640697215638575
0.00015625000000000003,9.374999999999997e-05,0.0001875,-3.7060869490033763,2.791506359164849,7.481876053981785
0.00015625000000000003,9.374999999999997e-05,0.00021874999999999998,-3.706202057600133,2.790902217233627,7.323801253592259
0.00015625000000000003,9.374999999999997e-05,0.00025,-3.7062418723076664,2.7902609980737774,7.1664605703055
0.00015625000000000003,0.000125,-0.00025,-3.6965280319932328,2.535073675581408,9.778748760964763
0.00015625000000000003,0.000125,-0.00021875,-3.6977042336243966,2.5348116505362643,9.60906647747611
0.00015625000000000003,0.000125,-0.0001875,-3.698804265787065,2.5345200990836734,9.4402918733813
0.00015625000000000003,0.000125,-0.00015625,-3.6998281784197067,2.534198954340643,9.272412401775874
0.00015625000000000003,0.000125,-0.000125,-3.700776023399324,2.5338481520132823,9.105415536933048
0.00015625000000000003,0.000125,-9.375e-05,-3.701647854544305,2.533467630396307,8.939288774704712
0.00015625000000000003,0.000125,-6.25e-05,-3.7024437276170796,2.5330573303722406,8.774019632917728
0.00015625000000000003,0.000125,-3.125e-05,-3.7031637003265847,2.5326171954106798,8.60959565176579
0.00015625000000000003,0.000125,0.0,-3.7038078323305403,2.5321471715671255,8.44600439419684
0.00015625000000000003,0.000125,3.125000000000003e-05,-3.704376185237526,2.5316472074819267,8.283233446296022
0.00015625000000000003,0.000125,6.25e-05,-3.704868822608882,2.5311172543787985,8.121270417664396
0.00015625000000000003,0.000125,9.374999999999997e-05,-3.705285809960397,2.530557266063434,7.960102941793357
0.00015625000000000003,0.000125,0.000125,-3.7056272147638167,2.5299671989216876,7.799718676434823
0.00015625000000000003,0.000125,0.00015625000000000003,-3.705893106448158,2.529347011917882,7.6401053039673315
0.00015625000000000003,0.000125,0.0001875,-3.7060835564008228,2.5286966665926665,7.48125053175805
0.00015625000000000003,0.000125,0.00021874999999999998,-3.70619863796853,2.528016127060958,7.323142092520754
0.00015625000000000003,0.000125,0.00025,-3.706238426458035,2.5273053600095667,7.165767744669895
0.00015625000000000003,0.00015625000000000003,-0.00025,-3.6964419201227505,2.2743773571142296,9.778412939339022
0.00015625000000000003,0.00015625000000000003,-0.00021875,-3.6976180625436106,2.2739417835663445,9.608704677076501
0.00015625000000000003,0.00015625000000000003,-0.0001875,-3.6987180378545657,2.2734837031699917,9.439904019818783
0.00015625000000000003,0.00015625000000000003,-0.00015625,-3.6997418959898014,2.273003036613916,9.271998423244883
0.00015625000000000003,0.00015625000000000003,-0.000125,-3.7006896888220306,2.2724997071640742,9.104975364210839
0.00015625000000000003,0.00015625000000000003,-9.375e-05,-3.701561470165347,2.271973640662694,8.938822341150528
0.00015625000000000003,0.00015625000000000003,-6.25e-05,-3.7023572957779036,2.2714247655271795,8.77352687447177
0.00015625000000000003,0.00015625000000000003,-3.125e-05,-3.703077223364327,2.270853012748821,8.609076506948163
0.00015625000000000003,0.00015625000000000003,0.0,-3.7037213125780752,2.2702583158914496,8.44545880410617
0.00015625000000000003,0.00015625000000000003,3.125000000000003e-05,-3.7042896250233945,2.2696406110897533,8.28266135460805
0.00015625000000000003,0.00015625000000000003,6.25e-05,-3.7047822242573645,2.2689998370477187,8.120671770630349
0.00015625000000000003,0.00015625000000000003,9.374999999999997e-05,-3.70519917579144,2.268335935036601,7.959477688238165
0.00015625000000000003,0.00015625000000000003,0.000125,-3.705540547093084,2.267648848893021,7.799066767755219
0.00015625000000000003,0.00015625000000000003,0.00015625000000000003,-3.7058064075869908,2.2669385250167267,7.639426694129728
0.00015625000000000003,0.00015625000000000003,0.0001875,-3.7059968286562635,2.266204912368294,7.4805451772963245
0.00015625000000000003,0.00015625000000000003,0.00021874999999999998,-3.7061118836433096,2.2654479624666455,7.322409952533848
0.00015625000000000003,0.00015625000000000003,0.00025,-3.7061516478505694,2.2646676293864108,7.165008780819252
0.00015625000000000003,0.0001875,-0.00025,-3.6962726601978995,2.013980421429327,9.777900089818715
0.00015625000000000003,0.0001875,-0.00021875,-3.6974487229292006,2.013371366540123,9.608172871908618
0.00015625000000000003,0.0001875,-0.0001875,-3.6985486224093447,2.012746819099263,9.439353172192627
0.00015625000000000003,0.0001875,-0.00015625,-3.699572408567557,2.0121066873689846,9.271428448921615
0.00015625000000000003,0.0001875,-0.000125,-3.7005201332715796,2.0114508821770163,9.10438618152242
0.00015625000000000003,0.0001875,-9.375e-05,-3.70139185033045,2.010779316915225,8.938213870998474
0.00015625000000000003,0.0001875,-6.25e-05,-3.7021876154972566,2.010091907538114,8.772899040325804
0.00015625000000000003,0.0001875,-3.125e-05,-3.7029074864714837,2.009388572561167,8.608429234844618
0.00015625000000000003,0.0001875,0.0,-3.703551522901387,2.008669233059062,8.444792022646393
0.00015625000000000003,0.0001875,3.125000000000003e-05,-3.7041197863860242,2.007933812663718,8.281974994956531
0.00015625000000000003,0.0001875,6.25e-05,-3.70461234047716,2.0071822375622297,8.119965766512749
0.00015625000000000003,0.0001875,9.374999999999997e-05,-3.7050292506809477,2.006414436494628,7.958751975939218
0.00015625000000000003,0.0001875,0.000125,-3.7053705844594873,2.005630340751527,7.798321286116432
0.00015625000000000003,0.0001875,0.00015625000000000003,-3.705636411232035,2.004829884171611,7.638661384546999
0.00015625000000000003,0.0001875,0.0001875,-3.70582680237624,2.004013003138988,7.479759983717351
0.00015625000000000003,0.0001875,0.00021874999999999998,-3.7059418312289756,2.0031796365803927,7.321604821455442
0.00015625000000000003,0.0001875,0.00025,-3.705981573087131,2.0023297259622495,7.164183661284476
0.00015625000000000003,0.00021874999999999998,-0.00025,-3.696020290299517,1.7538647132281475,9.777210284410758
0.00015625000000000003,0.00021874999999999998,-0.00021875,-3.6971962528691176,1.7530822486552582,9.607471128785072
0.00015625000000000003,0.00021874999999999998,-0.0001875,-3.698296057545816,1.7522913007029566,9.438639392123115
0.00015625000000000003,0.00021874999999999998,-0.00015625,-3.6993197542532488,1.7514917652094366,9.270702535236211
0.00015625000000000003,0.00021874999999999998,-0.000125,-3.7002673948534426,1.7506835405668058,9.103648040110139
0.00015625000000000003,0.00021874999999999998,-9.375e-05,-3.701139033149667,1.7498665277193315,8.937463410305632
0.00015625000000000003,0.00021874999999999998,-6.25e-05,-3.7019347248890906,1.7490406301615435,8.772136171354258
0.00015625000000000003,0.00021874999999999998,-3.125e-05,-3.702654527765271,1.7482057539361406,8.607653871149848
0.00015625000000000003,0.00021874999999999998,0.0,-3.7032985014203637,1.7473618076319228,8.444004080335413
0.00015625000000000003,0.00021874999999999998,3.125000000000003e-05,-3.703866707447288,1.746508702381317,8.281174392685728
0.00015625000000000003,0.00021874999999999998,6.25e-05,-3.704359209391534,1.7456463518581227,8.119152425485549
0.00015625000000000003,0.00021874999999999998,9.374999999999997e-05,-3.7047760727529444,1.744774672274743,7.957925819903601
0.00015625000000000003,0.00021874999999999998,0.000125,-3.7051173649871316,1.743893582379641,7.797482241362333
0.00015625000000000003,0.00021874999999999998,0.00015625000000000003,-3.705383155506858,1.7430030034543842,7.637809379903572
0.00015625000000000003,0.00021874999999999998,0.0001875,-3.7055735156831253,1.742102859310724,7.4788949505500835
0.00015625000000000003,0.00021874999999999998,0.00021874999999999998,-3.705688518846103,1.7411930762874788,7.320726693663131
0.00015625000000000003,0.00021874999999999998,0.00025,-3.7057282402858513,1.7402735832472802,7.1632923752960895
0.00015625000000000003,0.00025,-0.00025,-3.6956848500177637,1.4940120915125037,9.776343599549191
0.00015625000000000003,0.00025,-0.00021875,-3.696860691961309,1.493056293408398,9.60659951908268
0.00015625000000000003,0.00025,-0.0001875,-3.6979603828690646,1.492099016109997,9.437762745932613
0.00015625000000000003,0.00025,-0.00015625,-3.6989839726583926,1.4911401430346336,9.269820743459466
0.00015625000000000003,0.00025,-0.000125,-3.699931513184912,1.490179560142059,9.102760996196253
0.00015625000000000003,0.00025,-9.375e-05,-3.7008030582453735,1.4892171559323886,8.936571010248898
0.00015625000000000003,0.00025,-6.25e-05,-3.701598663580249,1.4882528214437105,8.771238313691963
0.00015625000000000003,0.00025,-3.125e-05,-3.702318386876286,1.487286450249681,8.606750456960018
0.00015625000000000003,0.00025,0.0,-3.702962287768697,1.486317938456941,8.443095013234341
0.00015625000000000003,0.00025,3.125000000000003e-05,-3.703530427843285,1.485347184702483,8.280259578825426
0.00015625000000000003,0.00025,6.25e-05,-3.7040228706383367,1.484374090150771,8.118231773551056
0.00015625000000000003,0.00025,9.374999999999997e-05,-3.7044396816463157,1.4833985584908809,7.956999241110154
0.00015625000000000003,0.00025,0.000125,-3.7047809283153255,1.4824204959333982,7.7965496494524515
0.00015625000000000003,0.00025,0.00015625000000000003,-3.7050466800504998,1.4814398112072622,7.63687069114395
0.00015625000000000003,0.00025,0.0001875,-3.7052370082150374,1.4804564155564406,7.477950083728412
0.00015625000000000003,0.00025,0.00021874999999999998,-3.705351986131189,1.479470222736591,7.31977557008476
0.00015625000000000003,0.00025,0.00025,-3.7053916890809577,1.4784811490113925,7.1623349187805925
0.0001875,-0.00025,-0.00025,-3.462435804593461,5.692418423761057,9.76767828346879
0.0001875,-0.00025,-0.00021875,-3.4637285886014277,5.694242373137632,9.598933513970017
0.0001875,-0.00025,-0.0001875,-3.4649457358229943,5.695952117763018,9.431096291504335
0.0001875,-0.00025,-0.00015625,-3.466087310839114,5.69754773976888,9.264154035406522
0.0001875,-0.00025,-0.000125,-3.46715337983626,5.699029324038838,9.098094186161465
0.0001875,-0.00025,-9.375e-05,-3.4681440106095582,5.70039695821284,8.932904205807931
0.0001875,-0.00025,-6.25e-05,-3.4690592725657177,5.701650732691297,8.768571578337717
0.0001875,-0.00025,-3.125e-05,-3.4698992367258015,5.702790740638924,8.605083810090386
0.0001875,-0.00025,0.0,-3.470663975727809,5.7038170779883375,8.442428430143465
0.0001875,-0.00025,3.125000000000003e-05,-3.47135356382909,5.7047298434433085,8.280592990698272
0.0001875,-0.00025,6.25e-05,-3.4719680769086034,5.70552913848181,8.119565067461451
0.0001875,-0.00025,9.374999999999997e-05,-3.4725075924689586,5.706215067358707,7.959332260022239
0.0001875,-0.00025,0.000125,-3.4729721896383112,5.70678773710824,7.79988219222551
0.0001875,-0.00025,0.00015625000000000003,-3.4733619491720784,5.707247257546166,7.641202512540694
0.0001875,-0.00025,0.0001875,-3.473676953454469,5.70759374127165,7.483280894426652
0.0001875,-0.00025,0.00021874999999999998,-3.4739172864998458,5.707827303668855,7.326105036692507
0.0001875,-0.00025,0.00025,-3.474083033953889,5.707948062908294,7.169662663854538
0.0001875,-0.00021875,-0.00025,-3.4634151424329893,5.426792917310265,9.769470594560774
0.0001875,-0.00021875,-0.00021875,-3.464708137198317,5.428442884513981,9.600615129820145
0.0001875,-0.00021875,-0.0001875,-3.465925478153095,5.429985738927466,9.43266728667751
0.0001875,-0.00021875,-0.00015625,-3.4670672298831633,5.431421550288882,9.2656144872096
0.0001875,-0.00021875,-0.000125,-3.4681334585804633,5.432750391072811,9.099444174647598
0.0001875,-0.00021875,-9.375e-05,-3.4691242320461577,5.433972336494307,8.934143813780638
0.0001875,-0.00021875,-6.25e-05,-3.4700396196935555,5.4350874645125575,8.769700891354653
0.0001875,-0.00021875,-3.125e-05,-3.4708796925508882,5.436095855834359,8.606102916466902
0.0001875,-0.00021875,0.0,-3.471644523263892,5.436997593917382,8.44333742095579
0.0001875,-0.00021875,3.125000000000003e-05,-3.4723341860982297,5.437792764972924,8.281391959786522
0.0001875,-0.00021875,6.25e-05,-3.4729487569417286,5.43848145796876,8.120254111432303
0.0001875,-0.00021875,9.374999999999997e-05,-3.473488313306447,5.439063764631312,7.959911478251342
0.0001875,-0.00021875,0.000125,-3.4739529343305544,5.439539779447918,7.800351686859639
0.0001875,-0.00021875,0.00015625000000000003,-3.474342700780056,5.43990959966859,7.641562388499588
0.0001875,-0.00021875,0.0001875,-3.4746576950503076,5.440173325307547,7.4835312594046135
0.0001875,-0.00021875,0.00021874999999999998,-3.4748980011673973,5.440331059144574,7.326246001159696
0.0001875,-0.00021875,0.00025,-3.47506370478931,5.440382906725972,7.169694341058003
0.0001875,-0.0001875,-0.00025,-3.4643099560080115,5.161685560066268,9.771085381366156
0.0001875,-0.0001875,-0.00021875,-3.4656031387096404,5.163161558358964,9.602126316063433
0.0001875,-0.0001875,-0.0001875,-3.4668206521439653,5.164537528896324,9.434074934534165
0.0001875,-0.0001875,-0.00015625,-3.4679625609008724,5.16581352901627,9.266918661581979
0.0001875,-0.0001875,-0.000125,-3.4690289311768656,5.166989618778082,9.10064494316885
0.0001875,-0.0001875,-9.375e-05,-3.470019830778188,5.1680658609659975,8.935241246818379
0.0001875,-0.0001875,-6.25e-05,-3.4709353291237743,5.169042321092527,8.770695062014394
0.0001875,-0.0001875,-3.125e-05,-3.471775497247953,5.169919067401563,8.6069939005951
0.0001875,-0.0001875,0.0,-3.4725404078031583,5.170696170871096,8.444125297142797
0.0001875,-0.0001875,3.125000000000003e-05,-3.4732301350622157,5.171373705215826,8.282076809369116
0.0001875,-0.0001875,6.25e-05,-3.4738447549206826,5.171951746889436,8.120836018496052
0.0001875,-0.0001875,9.374999999999997e-05,-3.474384344898813,5.172430375086623,7.960390529632668
0.0001875,-0.0001875,0.000125,-3.474848984143576,5.172809671744792,7.800727972147596
0.0001875,-0.0001875,0.00015625000000000003,-3.475238753430243,5.173089721545641,7.6418360000374275
0.0001875,-0.0001875,0.0001875,-3.475553735163991,5.173270611916351,7.483702292291018
0.0001875,-0.0001875,0.00021874999999999998,-3.4757940133812433,5.173352433030568,7.3263145532497855
0.0001875,-0.0001875,0.00025,-3.475959673750842,5.173335277809099,7.1696605129640645
0.0001875,-0.00015625,-0.00025,-3.4651202739879072,4.8970780644509,9.772522662811033
0.0001875,-0.00015625,-0.00021875,-3.4664136218041297,4.898380111571917,9.603467084773111
0.0001875,-0.00015625,-0.0001875,-3.467631286463356,4.899589209186128,9.435319240288079
0.0001875,-0.00015625,-0.00015625,-3.4687733325586536,4.900705402225178,9.268066556871787
0.0001875,-0.00015625,-0.000125,-3.469839826290178,4.901728738327445,9.101696483201973
0.0001875,-0.00015625,-9.375e-05,-3.470830835468314,4.902659267841146,8.936196489521222
0.0001875,-0.00015625,-6.25e-05,-3.4717464295165974,4.903497043827282,8.771554068035327
0.0001875,-0.00015625,-3.125e-05,-3.4725866794744893,4.904242122062375,8.607756733307216
0.0001875,-0.00015625,0.0,-3.4733516579999657,4.904894561040776,8.444792022646393
0.0001875,-0.00015625,3.125000000000003e-05,-3.474041439371938,4.905454421976915,8.282647496493933
0.0001875,-0.00015625,6.25e-05,-3.4746560994924818,4.905921768807185,8.121310738803228
0.0001875,-0.00015625,9.374999999999997e-05,-3.475195715888911,4.906296668191643,7.9607693574164715
0.0001875,-0.00015625,0.000125,-3.4756603677156668,4.9065791895153525,7.80101098443688
0.0001875,-0.00015625,0.00015625000000000003,-3.4760501357560267,4.906769404889655,7.6420232765968255
0.0001875,-0.00015625,0.0001875,-3.4763651024236313,4.906867389153024,7.483793915621899
0.0001875,-0.00015625,0.00021874999999999998,-3.4766053517638595,4.9068732198716924,7.326310608590948
0.0001875,-0.00015625,0.00025,-3.476770969454985,4.906786977340131,7.169561088292156
0.0001875,-0.000125,-0.00025,-3.4658461261244846,4.632952150891385,9.773782462231505
0.0001875,-0.000125,-0.00021875,-3.467139616233688,4.634080269061516,9.604637452571598
0.0001875,-0.000125,-0.0001875,-3.468357410862881,4.6351225093264885,9.436400213842163
0.0001875,-0.000125,-0.00015625,-3.469499574607442,4.636078904206369,9.26905817625701
0.0001875,-0.000125,-0.000125,-3.4705661736702864,4.63694948891371,9.102598791194909
0.0001875,-0.000125,-9.375e-05,-3.471557275864965,4.637734301356144,8.937009531602332
0.0001875,-0.000125,-6.25e-05,-3.472472950618663,4.6384333821390165,8.772277892391577
0.0001875,-0.000125,-3.125e-05,-3.473313268974883,4.63904677456766,8.608391390834392
0.0001875,-0.000125,0.0,-3.4740783035961167,4.639574524649348,8.445337566951235
0.0001875,-0.000125,3.125000000000003e-05,-3.4747681287661965,4.640016681095203,8.28310398389598
0.0001875,-0.000125,6.25e-05,-3.4753828203925883,4.640373295321633,8.121678228336414
0.0001875,-0.000125,9.374999999999997e-05,-3.475922456008406,4.64064442145177,7.961047910830549
0.0001875,-0.000125,0.000125,-3.4763871147743597,4.640830116316425,7.801200666198472
0.0001875,-0.000125,0.00015625000000000003,-3.4767768774803924,4.640930439455003,7.642124153890373
0.0001875,-0.000125,0.0001875,-3.4770918265472956,4.640945453116098,7.483806058350227
0.0001875,-0.000125,0.00021874999999999998,-3.4773320460280037,4.640875222257726,7.326234089375695
0.0001875,-0.000125,0.00025,-3.477497621608799,4.640719814547595,7.169395982473848
0.0001875,-9.375e-05,-0.00025,-3.466487543253924,4.369289548357031,9.774864807377433
0.0001875,-9.375e-05,-0.00021875,-3.467781152835317,4.370243764281992,9.605637440634162
0.0001875,-9.375e-05,-0.0001875,-3.468999056179943,4.371119167395866,9.437317869791936
0.0001875,-9.375e-05,-0.00015625,-3.4701413178846376,4.371915777802596,9.269893527748632
0.0001875,-9.375e-05,-0.000125,-3.471208004154148,4.372633618284592,9.103351868569725
0.0001875,-9.375e-05,-9.375e-05,-3.4721991828042853,4.373272714305087,8.937680367890868
0.0001875,-9.375e-05,-6.25e-05,-3.473114923264849,4.373833094010201,8.772866523315685
0.0001875,-9.375e-05,-3.125e-05,-3.47395529658236,4.3743147882308975,8.608897854809257
0.0001875,-9.375e-05,0.0,-3.4747203754227463,4.374717830484581,8.445761905087068
0.0001875,-9.375e-05,3.125000000000003e-05,-3.4754102340736437,4.375042256976539,8.28344623999953
0.0001875,-9.375e-05,6.25e-05,-3.476024948446735,4.375288106601144,8.121938448912248
0.0001875,-9.375e-05,9.374999999999997e-05,-3.476564596079722,4.375455420942805,7.961226145082008
0.0001875,-9.375e-05,0.000125,-3.4770292561383163,4.375544244276675,7.801296966028527
0.0001875,-9.375e-05,0.00015625000000000003,-3.4774190094178694,4.375554623569212,7.642138573902091
0.0001875,-9.375e-05,0.0001875,-3.477733938344936,4.375486608478362,7.483738655847169
0.0001875,-9.375e-05,0.00021874999999999998,-3.4779741269786455,4.375340251353657,7.326084924361905
0.0001875,-9.375e-05,0.00025,-3.4781396610118467,4.375115607235993,7.169165117653766
0.0001875,-6.25e-05,-0.00025,-3.4670445572985202,4.106071994893313,9.775769730415739
0.0001875,-6.25e-05,-0.00021875,-3.4683382635328535,4.106852339766782,9.606467074691981
0.0001875,-6.25e-05,-0.0001875,-3.4695562543394973,4.107560930554842,9.438072227428425
0.0001875,-6.25e-05,-0.00015625,-3.4706985943158397,4.108197774941375,9.270572624193463
0.0001875,-6.25e-05,-0.000125,-3.4717653496676055,4.108762883275146,9.103955721725306
0.0001875,-6.25e-05,-9.375e-05,-3.472756588211875,4.109256268571701,8.938208998334348
0.0001875,-6.25e-05,-6.25e-05,-3.473672379380072,4.109677946515089,8.773319954300806
0.0001875,-6.25e-05,-3.125e-05,-3.4745127942207397,4.1100279354593425,8.60927611226788
0.0001875,-6.25e-05,0.0,-3.475277905402116,4.110306256429749,8.446065017630563
0.0001875,-6.25e-05,3.125000000000003e-05,-3.4759677872145422,4.110512933123943,8.283674238919877
0.0001875,-6.25e-05,6.25e-05,-3.476582515572727,4.110647991912641,8.122091368182907
0.0001875,-6.25e-05,9.374999999999997e-05,-3.477122168017789,4.110711461840339,7.96130402135866
0.0001875,-6.25e-05,0.000125,-3.4775868237191494,4.11070337462566,7.801299838649446
0.0001875,-6.25e-05,0.00015625000000000003,-3.4779765634762674,4.110623764661518,7.6420664848884154
0.0001875,-6.25e-05,0.0001875,-3.478291469720157,4.1104726690150635,7.483591649902857
0.0001875,-6.25e-05,0.00021874999999999998,-3.4785316265147044,4.110250127427399,7.325863048873511
0.0001875,-6.25e-05,0.00025,-3.4786971195579377,4.10995618231312,7.168868422689982
0.0001875,-3.125e-05,-0.00025,-3.467517201268278,3.843281238153633,9.776497267933436
0.0001875,-3.125e-05,-0.00021875,-3.4688109813385757,3.843887747659898,9.607126385035
0.0001875,-3.125e-05,-0.0001875,-3.470029038355584,3.844429555576934,9.438663310740855
0.0001875,-3.125e-05,-0.00015625,-3.4711714369164532,3.844906657165432,9.271095483276603
0.0001875,-3.125e-05,-0.000125,-3.4722382432268994,3.8453190503376127,9.104410362039555
0.0001875,-3.125e-05,-9.375e-05,-3.473229525104355,3.845666735658825,8.9385954280008
0.0001875,-3.125e-05,-6.25e-05,-3.474145351980898,3.8459497163487395,8.773638184102648
0.0001875,-3.125e-05,-3.125e-05,-3.474985794906007,3.8461679982825805,8.609526155651604
0.0001875,-3.125e-05,0.0,-3.4757509265491877,3.8463215899918968,8.446246890706904
0.0001875,-3.125e-05,3.125000000000003e-05,-3.476440821202338,3.8464105026653024,8.283787960464586
0.0001875,-3.125e-05,6.25e-05,-3.477055554782047,3.846434750148931,8.122136959637311
0.0001875,-3.125e-05,9.374999999999997e-05,-3.477595204831604,3.8463943489467,7.961281506829923
0.0001875,-3.125e-05,0.000125,-3.478059850522935,3.8462893182202853,7.801209244910741
0.0001875,-3.125e-05,0.00015625000000000003,-3.478449572658281,3.84611967978907,7.64190784137878
0.0001875,-3.125e-05,0.0001875,-3.4787644536717455,3.8458854581296276,7.483364988726838
0.0001875,-3.125e-05,0.00021874999999999998,-3.47900457763066,3.8455866803752454,7.325568404800693
0.0001875,-3.125e-05,0.00025,-3.479170030236732,3.845223376315042,7.1685058331541684
0.0001875,0.0,-0.00025,-3.4679055092623385,3.580899035928697,9.777047460939972
0.0001875,0.0,-0.00021875,-3.469199340354621,3.5813317502447557,9.60761540651417
0.0001875,0.0,-0.0001875,-3.4704174423328804,3.581706809377117,9.439091148418626
0.0001875,0.0,-0.00015625,-3.4715598797931126,3.582024196160761,9.271462127523254
0.0001875,0.0,-0.000125,-3.4726267189401767,3.582283896069221,9.104715805871104
0.0001875,0.0,-9.375e-05,-3.4736180275908795,3.582485897215692,8.938839667080195
0.0001875,0.0,-6.25e-05,-3.4745338751769475,3.5826301903539406,8.77382121674078
0.0001875,0.0,-3.125e-05,-3.475374332747784,3.582716768879015,8.609647982808115
0.0001875,0.0,0.0,-3.4761394729730597,3.5827456288277375,8.446307515990739
0.0001875,0.0,3.125000000000003e-05,-3.4768293701451265,3.582716768879015,8.283787390134435
0.0001875,0.0,6.25e-05,-3.477444100181266,3.5826301903539406,8.122075202601753
0.0001875,0.0,9.374999999999997e-05,-3.4779837406257488,3.582485897215692,7.961158574647403
0.0001875,0.0,0.000125,-3.4784483706517206,3.582283896069221,7.8010251517893465
0.0001875,0.0,0.00015625000000000003,-3.478838071062922,3.582024196160761,7.641662604175785
0.0001875,0.0,0.0001875,-3.479152924295226,3.581706809377117,7.483058626948096
0.0001875,0.0,0.00021874999999999998,-3.47939301441797,3.5813317502447557,7.325200940599724
0.0001875,0.0,0.00025,-3.4795584271351614,3.580899035928697,7.168077291331139
0.0001875,3.125000000000003e-05,-0.00025,-3.468209516470248,3.318907156673589,9.777420354869395
0.0001875,3.125000000000003e-05,-0.00021875,-3.469503375774267,3.319166120470915,9.607934178543307
0.0001875,3.125000000000003e-05,-0.0001875,-3.4707215014678354,3.319374469538015,9.439355773853107
0.0001875,3.125000000000003e-05,-0.00015625,-3.47186395814496,3.3195321742823896,9.27167258430036
0.0001875,3.125000000000003e-05,-0.000125,-3.4729308120086984,3.31963920773738,9.104872074560754
0.0001875,3.125000000000003e-05,-9.375e-05,-3.4739221308743047,3.3196955455627917,8.938941730885777
0.0001875,3.125000000000003e-05,-6.25e-05,-3.474837984172165,3.319701166045556,8.773869061499738
0.0001875,3.125000000000003e-05,-3.125e-05,-3.475678442950548,3.319656050099833,8.609641596992361
0.0001875,3.125000000000003e-05,0.0,-3.476443579878234,3.3195601812673345,8.446246890706904
0.0001875,3.125000000000003e-05,3.125000000000003e-05,-3.477133469246879,3.319413545717111,8.28367251912383
0.0001875,3.125000000000003e-05,6.25e-05,-3.4777481869733142,3.319216132245365,8.121906082240223
0.0001875,3.125000000000003e-05,9.374999999999997e-05,-3.478287810601554,3.3189679322749166,7.960935203944948
0.0001875,3.125000000000003e-05,0.000125,-3.478752419304734,3.3186689398547076,7.800747532389542
0.0001875,3.125000000000003e-05,0.00015625000000000003,-3.479142093886788,3.318319151658751,7.6413307403550235
0.0001875,3.125000000000003e-05,0.0001875,-3.479456916783997,3.3179185669853215,7.482672525614587
0.0001875,3.125000000000003e-05,0.00021874999999999998,-3.479696972066351,3.3174671877555677,7.324760611292387
0.0001875,3.125000000000003e-05,0.00025,-3.4798623454387023,3.31696501851218,7.167582746218208
0.0001875,6.25e-05,-0.00025,-3.468429259173073,3.0572873800328266,9.77761599958181
0.0001875,6.25e-05,-0.00021875,-3.469723123883028,3.057372642478652,9.608082745100518
0.0001875,6.25e-05,-0.0001875,-3.470941252049881,3.057414324834083,9.439457225138806
0.0001875,6.25e-05,-0.00015625,-3.472083708264735,3.057412385078103,9.271726885817541
0.0001875,6.25e-05,-0.000125,-3.4731505587279927,3.0573667838030123,9.10487919443223
0.0001875,6.25e-05,-9.375e-05,-3.474141871252383,3.0572774842147465,8.9389016398546
0.0001875,6.25e-05,-6.25e-05,-3.4750577152659416,3.0571444521329765,8.773781732929429
0.0001875,6.25e-05,-3.125e-05,-3.475898161814795,3.056967655991032,8.609507006866888
0.0001875,6.25e-05,0.0,-3.4766632835657267,3.056747066835641,8.446065017630563
0.0001875,6.25e-05,3.125000000000003e-05,-3.4773531548085974,3.0564826583264315,8.283443344320869
0.0001875,6.25e-05,6.25e-05,-3.4779678514585965,3.056174406735425,8.121629589554283
0.0001875,6.25e-05,9.374999999999997e-05,-3.478507451058297,3.0558222909461086,7.960611379838406
0.0001875,6.25e-05,0.000125,-3.4789720327795366,3.0554262924524975,7.800376365942521
0.0001875,6.25e-05,0.00015625000000000003,-3.4793616774251626,3.05498639535796,7.640912223264336
0.0001875,6.25e-05,0.0001875,-3.4796764674305405,3.054502586373863,7.482206652192474
0.0001875,6.25e-05,0.00021874999999999998,-3.479916486864879,3.0539748548180348,7.324247378464974
0.0001875,6.25e-05,0.00025,-3.4800818214324907,3.053403192613021,7.167022153523912
0.0001875,9.374999999999997e-05,-0.00025,-3.4685647747443316,2.796021497363378,9.777634449364644
0.0001875,9.374999999999997e-05,-0.00021875,-3.469858622059606,2.7959331121214928,9.608061154729167
0.0001875,9.374999999999997e-05,-0.0001875,-3.4710767314622712,2.7958081757537276,9.439395545074262
0.0001875,9.374999999999997e-05,-0.00015625,-3.4722191675397314,2.79564663381015,9.271625069127879
0.0001875,9.374999999999997e-05,-0.000125,-3.4732859964887535,2.795448434441918,9.104737196792794
0.0001875,9.374999999999997e-05,-9.375e-05,-3.474277286118617,2.795213528401132,8.938719419548034
0.0001875,9.374999999999997e-05,-6.25e-05,-3.4751931058540433,2.7949418690406422,8.773559250845416
0.0001875,9.374999999999997e-05,-3.125e-05,-3.476033526737924,2.794633412313416,8.60924422650185
0.0001875,9.374999999999997e-05,0.0,-3.476798621434008,2.79428811677203,8.445761905087068
0.0001875,9.374999999999997e-05,3.125000000000003e-05,-3.4774884642292077,2.793905943567774,8.283099868306936
0.0001875,9.374999999999997e-05,6.25e-05,-3.4781031310359296,2.793486856449699,8.121245721382516
0.0001875,9.374999999999997e-05,9.374999999999997e-05,-3.4786426993940536,2.793030821763414,7.9601870934248415
0.0001875,9.374999999999997e-05,0.000125,-3.4791072484729217,2.7925378084498336,7.799911637805457
0.0001875,9.374999999999997e-05,0.00015625000000000003,-3.479496859072963,2.7920077880435334,7.640407032522846
0.0001875,9.374999999999997e-05,0.0001875,-3.4798116136272643,2.7914407346712307,7.4816609805648415
0.0001875,9.374999999999997e-05,0.00021874999999999998,-3.4800515962029346,2.7908366250498284,7.3236612102669
0.0001875,9.374999999999997e-05,0.00025,-3.4802168925022543,2.7901954384844174,7.166395475666556
0.0001875,0.000125,-0.00025,-3.4686161016507775,2.5350913122556595,9.777475762933229
0.0001875,0.000125,-0.00021875,-3.4699099087766623,2.5348293374868573,9.607869460538403
0.0001875,0.000125,-0.0001875,-3.4711279781829942,2.5345378350194303,9.439170781162273
0.0001875,0.000125,-0.00015625,-3.4722703744525747,2.534216737974911,9.271367176127953
0.0001875,0.000125,-0.000125,-3.473337163777677,2.5338659820638236,9.10444611793317
0.0001875,0.000125,-9.375e-05,-3.474328413963145,2.533485505585292,8.938395100651421
0.0001875,0.000125,-6.25e-05,-3.475244194429389,2.533075249426231,8.773201640328484
0.0001875,0.000125,-3.125e-05,-3.4760845762150714,2.5326351570604753,8.608853275374422
0.0001875,0.000125,0.0,-3.4768496319797824,2.5321651745478784,8.445337566951235
0.0001875,0.000125,3.125000000000003e-05,-3.477539436006385,2.531665250532934,8.282642099355948
0.0001875,0.000125,6.25e-05,-3.478154064203314,2.5311353362436138,8.120754480399505
0.0001875,0.000125,9.374999999999997e-05,-3.478693594106586,2.5305753854896653,7.95966234178146
0.0001875,0.000125,0.000125,-3.4791581048817504,2.5299853546611084,7.799353339460211
0.0001875,0.000125,0.00015625000000000003,-3.479547677325525,2.5293652027262774,7.639815154019431
0.0001875,0.000125,0.0001875,-3.4798623938674087,2.528714891229821,7.481035491030116
0.0001875,0.000125,0.00021874999999999998,-3.480102338570978,2.5280343842906468,7.323002081408892
0.0001875,0.000125,0.00025,-3.480267597135092,2.5273236485994506,7.1657026817721245
0.0001875,0.00015625000000000003,-0.00025,-3.468583279453018,2.2744786410527813,9.777140003431182
0.0001875,0.00015625000000000003,-0.00021875,-3.4698770236014425,2.2740431394147773,9.607507720203309
0.0001875,0.00015625000000000003,-0.0001875,-3.4710950317852682,2.2735851281061312,9.43878298560999
0.0001875,0.00015625000000000003,-0.00015625,-3.472237368581839,2.2731045278208395,9.270953253557776
0.0001875,0.00015625000000000003,-0.000125,-3.4733041001780074,2.2726012618301166,9.104005999127192
0.0001875,0.00015625000000000003,-9.375e-05,-3.4742952943732694,2.27207525598143,8.9379287189737
0.0001875,0.00015625000000000003,-6.25e-05,-3.475211020582693,2.271526438697468,8.772708931724026
0.0001875,0.00015625000000000003,-3.125e-05,-3.4760513498396888,2.270954740974749,8.608334178368082
0.0001875,0.00015625000000000003,0.0,-3.476816354798603,2.2703600963823343,8.444792022646393
0.0001875,0.00015625000000000003,3.125000000000003e-05,-3.4775061097371376,2.2697424410602083,8.282070051433067
0.0001875,0.00015625000000000003,6.25e-05,-3.4781206905585775,2.2691017137175646,8.12015587511453
0.0001875,0.00015625000000000003,9.374999999999997e-05,-3.4786601747938666,2.2684378556309324,7.9590371279639935
0.0001875,0.00015625000000000003,0.000125,-3.479124641603496,2.2677508106422084,7.798701468511661
0.0001875,0.00015625000000000003,0.00015625000000000003,-3.479514171779212,2.2670405251563617,7.639136579910837
0.0001875,0.00015625000000000003,0.0001875,-3.4798288477455435,2.2663069481392357,7.480330170299986
0.0001875,0.00015625000000000003,0.00021874999999999998,-3.4800687535611723,2.265550031115002,7.32226997316075
0.0001875,0.00015625000000000003,0.00025,-3.4802339749200955,2.2647697281635497,7.164943747672009
0.0001875,0.0001875,-0.00025,-3.468466348805967,2.0141653133680735,9.776627238430097
0.0001875,0.0001875,-0.00021875,-3.469760007196222,2.013556352015034,9.606975995964445
0.0001875,0.0001875,-0.0001875,-3.4709779329380592,2.0129318937578202,9.43823221532826
0.0001875,0.0001875,-0.00015625,-3.472120190602496,2.012291846864671,9.270383352999998
0.0001875,0.0001875,-0.000125,-3.473186846370066,2.0116361221693815,9.103416886630985
0.0001875,0.0001875,-9.375e-05,-3.4741779680339464,2.010964633069919,8.937320315446257
0.0001875,0.0001875,-6.25e-05,-3.475093625002906,2.0102772955269512,8.772081160640772
0.0001875,0.0001875,-3.125e-05,-3.4759338883040147,2.0095740280621137,8.60768696577111
0.0001875,0.0001875,0.0,-3.476698830585346,2.0088547517563513,8.444125297142797
0.0001875,0.0001875,3.125000000000003e-05,-3.477388526118277,2.008119390247851,8.281383744193105
0.0001875,0.0001875,6.25e-05,-3.4780030507998143,2.007367869730043,8.119449919869675
0.0001875,0.0001875,9.374999999999997e-05,-3.4785424821545714,2.006600118949294,7.958311461004788
0.0001875,0.0001875,0.000125,-3.4790068993367766,2.005816069202672,7.797956028685463
0.0001875,0.0001875,0.00015625000000000003,-3.4793963831318666,2.0050156543353004,7.638371308619408
0.0001875,0.0001875,0.0001875,-3.479711015958085,2.0041988107377944,7.479545011496924
0.0001875,0.0001875,0.00021874999999999998,-3.4799508818678246,2.003365477343431,7.3214648733487735
0.0001875,0.0001875,0.00025,-3.4801160665487973,2.0025155956252436,7.164118655900124
0.0001875,0.00021874999999999998,-0.00025,-3.4682653514591473,1.754133172600963,9.775937539928986
0.0001875,0.00021874999999999998,-0.00021875,-3.4695589013186106,1.7533508231825703,9.606274354627155
0.0001875,0.00021874999999999998,-0.0001875,-3.4707767234063605,1.7525599845025797,9.437518531930776
0.0001875,0.00021874999999999998,-0.00015625,-3.4719188822862175,1.7517605524059559,9.269657530878812
0.0001875,0.00021874999999999998,-0.000125,-3.4729854441314876,1.7509524252916855,9.102678831681613
0.0001875,0.00021874999999999998,-9.375e-05,-3.473976476728086,1.7501355041109585,8.936569936121604
0.0001875,0.00021874999999999998,-6.25e-05,-3.474892049477459,1.7493096923653704,8.771318367949288
0.0001875,0.00021874999999999998,-3.125e-05,-3.4757322333993668,1.7484748961047698,8.606911673274983
0.0001875,0.00021874999999999998,0.0,-3.4764971011344605,1.747631023925107,8.44333742095579
0.0001875,0.00021874999999999998,3.125000000000003e-05,-3.4771867269467083,1.7467779869662043,8.280583202978443
0.0001875,0.00021874999999999998,6.25e-05,-3.477801186725632,1.745915698909168,8.118636634837667
0.0001875,0.00021874999999999998,9.374999999999997e-05,-3.4783405579883753,1.7450440759739545,7.957485355910378
0.0001875,0.00021874999999999998,0.000125,-3.4788049198815787,1.7441630369165786,7.797117029825623
0.0001875,0.00021874999999999998,0.00015625000000000003,-3.47919435318311,1.7432725030262481,7.637519344830376
0.0001875,0.00021874999999999998,0.0001875,-3.4795089403035733,1.7423723981224983,7.478680014151348
0.0001875,0.00021874999999999998,0.00021874999999999998,-3.479748765287691,1.7414626485519766,7.320586776352687
0.0001875,0.00021874999999999998,0.00025,-3.479913913815468,1.7405431831852556,7.163227395689792
0.0001875,0.00025,-0.00025,-3.4679803302567898,1.494364076451322,9.775070984353228
0.0001875,0.00025,-0.00021875,-3.469273748821672,1.4934084151113933,9.605402867560302
0.0001875,0.00025,-0.0001875,-3.470491446051309,1.492451267166035,9.43664200173265
0.0001875,0.00025,-0.00015625,-3.471633486501483,1.491492516040107,9.268775848458496
0.0001875,0.00025,-0.000125,-3.472699936337364,1.4905320477010677,9.101791890495534
0.0001875,0.00025,-9.375e-05,-3.4736908633366474,1.4895697506568057,8.935677632171476
0.0001875,0.00025,-6.25e-05,-3.474606336892483,1.488605515953353,8.770420599779973
0.0001875,0.00025,-3.125e-05,-3.4754464280162463,1.487639237172432,8.606008341972128
0.0001875,0.00025,0.0,-3.476211209340126,1.4866708104288933,8.442428430143465
0.0001875,0.00025,3.125000000000003e-05,-3.476900755119535,1.4857001343680467,8.27966845881653
0.0001875,0.00025,6.25e-05,-3.4775151412353686,1.484727110162839,8.117716046019197
0.0001875,0.00025,9.374999999999997e-05,-3.478054445196048,1.4837516415109386,7.956558833658694
0.0001875,0.00025,0.000125,-3.4785187461394154,1.482773634631666,7.79618448789144
0.0001875,0.00025,0.00015625000000000003,-3.4789081248344473,1.4817929982628206,7.63658069948872
0.0001875,0.00025,0.0001875,-3.479222663682784,1.4808096436574025,7.477735184198337
0.0001875,0.00025,0.00021874999999999998,-3.47946244672009,1.4798234845801694,7.319635683102222
0.0001875,0.00025,0.00025,-3.4796275596172177,1.478834437304085,7.1622699629701
0.00021874999999999998,-0.00025,-0.00025,-3.2342779689334917,5.691363914466877,9.76628902531693
0.00021874999999999998,-0.00025,-0.00021875,-3.2356882382218193,5.693187629145697,9.597619708834543
0.00021874999999999998,-0.00025,-0.0001875,-3.2370233081728044,5.694897157568635,9.42985786820477
0.00021874999999999998,-0.00025,-0.00015625,-3.2382832580041274,5.696492581861395,9.26299092132313
0.00021874999999999998,-0.00025,-0.000125,-3.23946816820987,5.697973986900975,9.097006307231917
0.00021874999999999998,-0.00025,-9.375e-05,-3.240578120563897,5.69934146032007,8.931891486524137
0.00021874999999999998,-0.00025,-6.25e-05,-3.2416131981230807,5.700595092511326,8.767633941742861
0.00021874999999999998,-0.00025,-3.125e-05,-3.242573485230376,5.7017349766309895,8.604221177776061
0.00021874999999999998,-0.00025,0.0,-3.243459067517713,5.702761208602704,8.441640722246989
0.00021874999999999998,-0.00025,3.125000000000003e-05,-3.2442700319087576,5.703673887120567,8.27988012590025
0.00021874999999999998,-0.00025,6.25e-05,-3.245006466621497,5.704473113652372,8.118926962983387
0.00021874999999999998,-0.00025,9.374999999999997e-05,-3.2456684611706743,5.705158992442101,7.958768831624395
0.00021874999999999998,-0.00025,0.000125,-3.2462561063700512,5.705731630512611,7.799393354204912
0.00021874999999999998,-0.00025,0.00015625000000000003,-3.2467694943345258,5.706191137667564,7.640788177729311
0.00021874999999999998,-0.00025,0.0001875,-3.2472087184820806,5.706537626493522,7.482940974189729
0.00021874999999999998,-0.00025,0.00021874999999999998,-3.2475738735355644,5.7067712123614065,7.325839440927079
0.00021874999999999998,-0.00025,0.00025,-3.2478650555243194,5.706892013427825,7.169471300988112
0.00021874999999999998,-0.00021875,-0.00025,-3.235322587293143,5.4258234693937135,9.768081104848957
0.00021874999999999998,-0.00021875,-0.00021875,-3.2367330912443846,5.42747322587478,9.599301110823212
0.00021874999999999998,-0.00021875,-0.0001875,-3.2380683774905314,5.429015886462227,9.43142866720973
0.00021874999999999998,-0.00021875,-0.00015625,-3.239328525255437,5.430451520889132,9.264451194645446
0.00021874999999999998,-0.00021875,-0.000125,-3.2405136150399243,5.431780201624489,9.09835613491833
0.00021874999999999998,-0.00021875,-9.375e-05,-3.2416237286252056,5.433002003877171,8.933130951371187
0.00021874999999999998,-0.00021875,-6.25e-05,-3.2426589490760995,5.434117005599644,8.768763129300652
0.00021874999999999998,-0.00021875,-3.125e-05,-3.2436193607440917,5.43512528749144,8.60524017635176
0.00021874999999999998,-0.00021875,0.0,-3.2445050492702427,5.436026933002339,8.442549622908142
0.00021874999999999998,-0.00021875,3.125000000000003e-05,-3.245316101587942,5.43682202833529,8.280679022477655
0.00021874999999999998,-0.00021875,6.25e-05,-3.246052605925499,5.437510662449042,8.119615952073811
0.00021874999999999998,-0.00021875,9.374999999999997e-05,-3.246714651808569,5.438092927060534,7.959348012593048
0.00021874999999999998,-0.00021875,0.000125,-3.2473023300624306,5.438568916646996,7.799862829187499
0.00021874999999999998,-0.00021875,0.00015625000000000003,-3.247815732814084,5.438938728447779,7.641148051633937
0.00021874999999999998,-0.00021875,0.0001875,-3.248254953494213,5.439202462465908,7.4831913546984765
0.00021874999999999998,-0.00021875,0.00021874999999999998,-3.24862008683898,5.439360221469375,7.325980438497298
0.00021874999999999998,-0.00021875,0.00025,-3.2489112288916098,5.43941211099218,7.169503028853459
0.00021874999999999998,-0.0001875,-0.00025,-3.236281638619338,5.160801140966258,9.769695684869543
0.00021874999999999998,-0.0001875,-0.00021875,-3.237692352103349,5.162276952512272,9.600812106381209
0.00021874999999999998,-0.0001875,-0.0001875,-3.239027831144222,5.163652751601207,9.432836140476299
0.00021874999999999998,-0.0001875,-0.00015625,-3.2402881549708984,5.164928595566874,9.265755210518064
0.00021874999999999998,-0.0001875,-0.000125,-3.241473404089858,5.166104544463962,9.099556761024797
0.00021874999999999998,-0.0001875,-9.375e-05,-3.2425836602884894,5.16718066107159,8.93422825807323
0.00021874999999999998,-0.0001875,-6.25e-05,-3.2436190066383848,5.168157010896641,8.769757189697284
0.00021874999999999998,-0.0001875,-3.125e-05,-3.244579527498327,5.169033662176835,8.606131066282508
0.00021874999999999998,-0.0001875,0.0,-3.245465308517223,5.169810685883506,8.44333742095579
0.00021874999999999998,-0.0001875,3.125000000000003e-05,-3.2462764366368924,5.170488155724176,8.281363809970916
0.00021874999999999998,-0.0001875,6.25e-05,-3.247013000094587,5.171066148144814,8.120197813089671
0.00021874999999999998,-0.0001875,9.374999999999997e-05,-3.2476750884254932,5.171544742331878,7.959827033958751
0.00021874999999999998,-0.0001875,0.000125,-3.2482627924649647,5.171924020214053,7.8002391004824405
0.00021874999999999998,-0.0001875,0.00015625000000000003,-3.248776204350606,5.172204066463766,7.641421665191124
0.00021874999999999998,-0.0001875,0.0001875,-3.249215417524304,5.172384968498419,7.483362405605826
0.00021874999999999998,-0.0001875,0.00021874999999999998,-3.2495805267339426,5.172466816481353,7.326049024598634
0.00021874999999999998,-0.0001875,0.00025,-3.249871628035046,5.172449703322579,7.169469250749234
0.00021874999999999998,-0.00015625,-0.00025,-3.2371551602370734,4.896278640733082,9.771132784305099
0.00021874999999999998,-0.00015625,-0.00021875,-3.2385660581234275,4.897580525083475,9.60215270758244
0.00021874999999999998,-0.00015625,-0.0001875,-3.239901706457817,4.898789473627374,9.43408029321929
0.00021874999999999998,-0.00015625,-0.00015625,-3.241162184473211,4.899905531293329,9.26690296729064
0.00021874999999999998,-0.00015625,-0.000125,-3.2423475726806323,4.900928745716089,9.100608177030015
0.00021874999999999998,-0.00015625,-9.375e-05,-3.2434579528725362,4.901859167239816,8.935183391232634
0.00021874999999999998,-0.00015625,-6.25e-05,-3.2444934081260643,4.902696848921008,8.770616100653939
0.00021874999999999998,-0.00015625,-3.125e-05,-3.2454540228060504,4.903441846531088,8.606893818403659
0.00021874999999999998,-0.00015625,0.0,-3.246339882568034,4.904094218558981,8.444004080335413
0.00021874999999999998,-0.00015625,3.125000000000003e-05,-3.247151074360874,4.904654026213105,8.281934445431915
0.00021874999999999998,-0.00015625,6.25e-05,-3.247887686429485,4.905121333423452,8.12067249618587
0.00021874999999999998,-0.00015625,9.374999999999997e-05,-3.2485498083171245,4.905496206843093,7.960205838976599
0.00021874999999999998,-0.00015625,0.000125,-3.249137530867797,4.905778715849778,7.800522104442457
0.00021874999999999998,-0.00015625,0.00015625000000000003,-3.2496509462282632,4.905968932546937,7.641608947849143
0.00021874999999999998,-0.00015625,0.0001875,-3.2500901478500492,4.906066931764682,7.483454049453907
0.00021874999999999998,-0.00015625,0.00021874999999999998,-3.2504552304912067,4.90607279106046,7.326045114865761
0.00021874999999999998,-0.00015625,0.00025,-3.2507462902179407,4.905986590719415,7.169369875401749
0.00021874999999999998,-0.000125,-0.00025,-3.2379431901375386,4.632237688246117,9.7723924264912
0.00021874999999999998,-0.000125,-0.00021875,-3.239354247296283,4.633365667621015,9.603322931049274
0.00021874999999999998,-0.000125,-0.0001875,-3.2406900414229733,4.634407781193582,9.435161135342021
0.00021874999999999998,-0.000125,-0.00015625,-3.241950651753521,4.635364061481791,9.26789446814194
0.00021874999999999998,-0.000125,-0.000125,-3.2431361588024057,4.636234543695545,9.101510379383148
0.00021874999999999998,-0.000125,-9.375e-05,-3.244246644365984,4.637019265739492,8.935996340564312
0.00021874999999999998,-0.000125,-6.25e-05,-3.245282191525744,4.637718268215529,8.77133984514688
0.00021874999999999998,-0.000125,-3.125e-05,-3.2462428846514055,4.638331594425071,8.60752840894897
0.00021874999999999998,-0.000125,0.0,-3.2471288094037623,4.638859290371114,8.444549570534699
0.00021874999999999998,-0.000125,3.125000000000003e-05,-3.2479400527375124,4.639301404759989,8.282390891599128
0.00021874999999999998,-0.000125,6.25e-05,-3.248676702903762,4.639657989002968,8.121039957348918
0.00021874999999999998,-0.000125,9.374999999999997e-05,-3.2493388494525433,4.639929097217526,7.960484376878724
0.00021874999999999998,-0.000125,0.000125,-3.2499265832350064,4.64011478622846,7.8007117835433615
0.00021874999999999998,-0.000125,0.00015625000000000003,-3.2504399964055986,4.640215115568692,7.641709835325843
0.00021874999999999998,-0.000125,0.0001875,-3.2508791824239767,4.64023014747987,7.4834662152013784
0.00021874999999999998,-0.000125,0.00021874999999999998,-3.2512442360567704,4.640159946912722,7.325968631497322
0.00021874999999999998,-0.000125,0.00025,-3.251535253379281,4.640004581527113,7.169204818249173
0.00021874999999999998,-9.375e-05,-0.00025,-3.2386457669801048,4.368660011597496,9.773474639176385
0.00021874999999999998,-9.375e-05,-0.00021875,-3.2400569582825494,4.3696141127011865,9.604322797956126
0.00021874999999999998,-9.375e-05,-0.0001875,-3.241392874701043,4.370489411499671,9.43607868143964
0.00021874999999999998,-9.375e-05,-0.00015625,-3.2426535954734157,4.371285928095673,9.268729721083076
0.00021874999999999998,-9.375e-05,-0.000125,-3.243839201116457,4.372003685270062,9.102263369506876
0.00021874999999999998,-9.375e-05,-9.375e-05,-3.244949773429261,4.372642708484055,8.936667100898433
0.00021874999999999998,-9.375e-05,-6.25e-05,-3.2459853954965348,4.373203025881449,8.771928411410135
0.00021874999999999998,-9.375e-05,-3.125e-05,-3.24694615169158,4.373684668290434,8.608034819553033
0.00021874999999999998,-9.375e-05,0.0,-3.2478321276792363,4.374087669225279,8.444973866585851
0.00021874999999999998,-9.375e-05,3.125000000000003e-05,-3.2486434104186617,4.374412064887754,8.282733116899779
0.00021874999999999998,-9.375e-05,6.25e-05,-3.2493800881658594,4.374657894168302,8.121300158398862
0.00021874999999999998,-9.375e-05,9.374999999999997e-05,-3.2500422504761737,4.374825198647018,7.960662602876145
0.00021874999999999998,-9.375e-05,0.000125,-3.250629988206531,4.37491402259438,7.800808086385635
0.00021874999999999998,-9.375e-05,0.00015625000000000003,-3.251143393517517,4.3749244129717155,7.641724269610069
0.00021874999999999998,-9.375e-05,0.0001875,-3.251582559875413,4.374856419431543,7.483398838224698
0.00021874999999999998,-9.375e-05,0.00021874999999999998,-3.2519475820538997,4.3747100943174795,7.325819503256978
0.00021874999999999998,-9.375e-05,0.00025,-3.252238556135722,4.374485492664188,7.168974001442371
0.00021874999999999998,-6.25e-05,-0.00025,-3.2392629300941636,4.105527347953838,9.774379454525612
0.00021874999999999998,-6.25e-05,-0.00021875,-3.2406742304136658,4.106307601977854,9.605152334032669
0.00021874999999999998,-6.25e-05,-0.0001875,-3.2420102456249835,4.107016110825818,9.436832950802158
0.00021874999999999998,-6.25e-05,-0.00015625,-3.2432710549667814,4.107652882181441,9.269408738960351
0.00021874999999999998,-6.25e-05,-0.000125,-3.244456738957047,4.108217926392911,9.102867153800023
0.00021874999999999998,-6.25e-05,-9.375e-05,-3.2455673793965154,4.1087112564748125,8.937195672182995
0.00021874999999999998,-6.25e-05,-6.25e-05,-3.2466030593718567,4.109132888109977,8.77238179293786
0.00021874999999999998,-6.25e-05,-3.125e-05,-3.2475638632587556,4.109482839650774,8.608413037253403
0.00021874999999999998,-6.25e-05,0.0,-3.2484498767248238,4.109761132120586,8.445276949067498
0.00021874999999999998,-6.25e-05,3.125000000000003e-05,-3.249261186732354,4.109967789214659,8.282961095451574
0.00021874999999999998,-6.25e-05,6.25e-05,-3.2499978815408994,4.110102837301133,8.12145306699081
0.00021874999999999998,-6.25e-05,9.374999999999997e-05,-3.250660050709716,4.1101663054214415,7.960740478160075
0.00021874999999999998,-6.25e-05,0.000125,-3.2512477851000314,4.110158225290906,7.800810967695621
0.00021874999999999998,-6.25e-05,0.00015625000000000003,-3.251761176877154,4.11007863129869,7.64165219896266
0.00021874999999999998,-6.25e-05,0.0001875,-3.252200319512409,4.1099275605079395,7.483251860318912
0.00021874999999999998,-6.25e-05,0.00021874999999999998,-3.2525653077849674,4.10970505265537,7.325597665474062
0.00021874999999999998,-6.25e-05,0.00025,-3.252856237783427,4.109411150150771,7.168677353845328
0.00021874999999999998,-3.125e-05,-0.00025,-3.2397947194808356,3.8428214440880866,9.775106909123002
0.00021874999999999998,-3.125e-05,-0.00021875,-3.2412061036935684,3.84342788671374,9.605811569566548
0.00021874999999999998,-3.125e-05,-0.0001875,-3.242542194200971,3.8439696350636487,9.437423967417
0.00021874999999999998,-3.125e-05,-0.00015625,-3.2438030702414524,3.8444466843991987,9.269931539457552
0.00021874999999999998,-3.125e-05,-0.000125,-3.2449888123331556,3.8448590326330683,9.10332174363976
0.00021874999999999998,-3.125e-05,-9.375e-05,-3.246099502277229,3.845206680330708,8.9375820594858
0.00021874999999999998,-3.125e-05,-6.25e-05,-3.247135223161152,3.8454896307116475,8.772699988486021
0.00021874999999999998,-3.125e-05,-3.125e-05,-3.248096059361769,3.845707889650597,8.608663054492222
0.00021874999999999998,-3.125e-05,0.0,-3.2489820965481573,3.845861465678344,8.44545880410617
0.00021874999999999998,-3.125e-05,3.125000000000003e-05,-3.249793421684464,3.845950369982411,8.283074807063992
0.00021874999999999998,-3.125e-05,6.25e-05,-3.250530123032397,3.8459746164075397,8.121498656616097
0.00021874999999999998,-3.125e-05,9.374999999999997e-05,-3.2511922901537598,3.8459342214559267,7.960717969902893
0.00021874999999999998,-3.125e-05,0.000125,-3.25178001391263,3.8458292042872793,7.800720388326297
0.00021874999999999998,-3.125e-05,0.00015625000000000003,-3.2522933864775174,3.8456595867186363,7.641493577917059
0.00021874999999999998,-3.125e-05,0.0001875,-3.252732501323348,3.8454253932239886,7.4830252296981055
0.00021874999999999998,-3.125e-05,0.00021874999999999998,-3.2530974532331474,3.84512665093368,7.3253030600438
0.00021874999999999998,-3.125e-05,0.00025,-3.253388338299782,3.8447633896336506,7.1683148110352715
0.00021874999999999998,0.0,-0.00025,-3.2402411758145084,3.5805240569090486,9.775657043974515
0.00021874999999999998,0.0,-0.00021875,-3.241652618800251,3.58095672830971,9.60630053940569
0.00021874999999999998,0.0,-0.0001875,-3.2429887611099906,3.5813317502447557,9.437851759971121
0.00021874999999999998,0.0,-0.00015625,-3.244249681980864,3.5816491055508646,9.270298145098026
0.00021874999999999998,0.0,-0.000125,-3.24543546192997,3.581908779703012,9.103627155383379
0.00021874999999999998,0.0,-9.375e-05,-3.2465461827578053,3.5821107608155724,8.937826272996025
0.00021874999999999998,0.0,-6.25e-05,-3.2475819275514435,3.5822550396432327,8.77288300207399
0.00021874999999999998,0.0,-3.125e-05,-3.2485427806876297,3.582341609581688,8.608784869117482
0.00021874999999999998,0.0,0.0,-3.2494288278356747,3.5823704666681593,8.445519423377363
0.00021874999999999998,0.0,3.125000000000003e-05,-3.250240155960221,3.582341609581688,8.283074237239173
0.00021874999999999998,0.0,6.25e-05,-3.250976853323818,3.5822550396432327,8.121436906602941
0.00021874999999999998,0.0,9.374999999999997e-05,-3.251639009489372,3.5821107608155724,7.96059505125867
0.00021874999999999998,0.0,0.000125,-3.2522267153223976,3.581908779703012,7.800536315257615
0.00021874999999999998,0.0,0.00015625000000000003,-3.252740062993149,3.5816491055508646,7.641248367279449
0.00021874999999999998,0.0,0.0001875,-3.2531791459785375,3.5813317502447557,7.482718900995371
0.00021874999999999998,0.0,0.00021874999999999998,-3.253544059063972,3.58095672830971,7.324935635427146
0.00021874999999999998,0.0,0.00025,-3.2538348983449312,3.5805240569090486,7.167886315302263
0.00021874999999999998,3.125000000000003e-05,-0.00025,-3.240602340444262,3.318616953988705,9.776029904509777
0.00021874999999999998,3.125000000000003e-05,-0.00021875,-3.242013817087168,3.318875898831412,9.60661928296015
0.00021874999999999998,3.125000000000003e-05,-0.0001875,-3.2433499877092777,3.3190842330671644,9.438116361852693
0.00021874999999999998,3.125000000000003e-05,-0.00015625,-3.244610931545333,3.3192419271061673,9.270508583246038
0.00021874999999999998,3.125000000000003e-05,-0.000125,-3.245796729110374,3.3193489539841794,9.103783410369598
0.00021874999999999998,3.125000000000003e-05,-9.375e-05,-3.2469074622030107,3.31940528936328,8.937928328025421
0.00021874999999999998,3.125000000000003e-05,-6.25e-05,-3.247943213908747,3.3194109115323545,8.772930842985335
0.00021874999999999998,3.125000000000003e-05,-3.125e-05,-3.248904068603016,3.319365801407406,8.608778484383828
0.00021874999999999998,3.125000000000003e-05,0.0,-3.2497901119540487,3.3192699425316823,8.44545880410617
0.00021874999999999998,3.125000000000003e-05,3.125000000000003e-05,-3.250601430925711,3.319123321075592,8.282959377172386
0.00021874999999999998,3.125000000000003e-05,6.25e-05,-3.251338113779992,3.3189259258364623,8.121267802116783
0.00021874999999999998,3.125000000000003e-05,9.374999999999997e-05,-3.2520002500795413,3.3186777482380614,7.960371701363272
0.00021874999999999998,3.125000000000003e-05,0.000125,-3.2525879306898484,3.318378782329969,7.8002587215964585
0.00021874999999999998,3.125000000000003e-05,0.00015625000000000003,-3.253101247781398,3.3180290247867297,7.640916534128572
0.00021874999999999998,3.125000000000003e-05,0.0001875,-3.2535402948316547,3.3176284749068246,7.482332835262414
0.00021874999999999998,3.125000000000003e-05,0.00021874999999999998,-3.253905166626747,3.3171771346114722,7.324495346650201
0.00021874999999999998,3.125000000000003e-05,0.00025,-3.2541959592632086,3.316675008443141,7.167391815648498
0.00021874999999999998,6.25e-05,-0.00025,-3.240878255395128,3.0570819140873273,9.776225540583855
0.00021874999999999998,6.25e-05,-0.00021875,-3.242289740584518,3.0571671815340875,9.606767844203521
0.00021874999999999998,6.25e-05,-0.0001875,-3.24362591603352,3.0572088714196166,9.438217811152333
0.00021874999999999998,6.25e-05,-0.00015625,-3.2448868609734647,3.0572069417264753,9.270562886107982
0.00021874999999999998,6.25e-05,-0.000125,-3.2460726559161337,3.0571613530504265,9.1037905349195
0.00021874999999999998,6.25e-05,-9.375e-05,-3.247183382657182,3.057072068600719,8.937888245008995
0.00021874999999999998,6.25e-05,-6.25e-05,-3.248219124279331,3.056939054200086,8.772843525768566
0.00021874999999999998,6.25e-05,-3.125e-05,-3.249179965155444,3.0567622782848143,8.60864390895293
0.00021874999999999998,6.25e-05,0.0,-3.250065990951438,3.056541711904339,8.445276949067498
0.00021874999999999998,6.25e-05,3.125000000000003e-05,-3.250877288629043,3.0562773287209293,8.282730223752047
0.00021874999999999998,6.25e-05,6.25e-05,-3.2516139464483738,3.055969105008931,8.120991334160104
0.00021874999999999998,6.25e-05,9.374999999999997e-05,-3.2522760539703826,3.0556170196540906,7.960047905334075
0.00021874999999999998,6.25e-05,0.000125,-3.252863702059118,3.055221054152431,7.799887586576143
0.00021874999999999998,6.25e-05,0.00015625000000000003,-3.2533769828838373,3.054781192609226,7.640498051815029
0.00021874999999999998,6.25e-05,0.0001875,-3.2538159899209456,3.054297421737495,7.481866999968738
0.00021874999999999998,6.25e-05,0.00021874999999999998,-3.25418081795582,3.053769730856573,7.323982155303209
0.00021874999999999998,6.25e-05,0.00025,-3.2544715630843917,3.053198111890395,7.166831267787083
0.00021874999999999998,9.374999999999997e-05,-0.00025,-3.241068963369218,2.7959007276766754,9.77624400647823
0.00021874999999999998,9.374999999999997e-05,-0.00021875,-3.24248043200035,2.7958123713853875,9.606746271673927
0.00021874999999999998,9.374999999999997e-05,-0.0001875,-3.243816588796047,2.795687464903816,9.438156150663929
0.00021874999999999998,9.374999999999997e-05,-0.00015625,-3.2450775129831366,2.795525953786647,9.270461090732878
0.00021874999999999998,9.374999999999997e-05,-0.000125,-3.2462632850690993,2.79532778618946,9.103648560336957
0.00021874999999999998,9.374999999999997e-05,-9.375e-05,-3.247373986845411,2.7950929128687467,8.937706049505353
0.00021874999999999998,9.374999999999997e-05,-6.25e-05,-3.248409701390851,2.7948212871814966,8.772621070237083
0.00021874999999999998,9.374999999999997e-05,-3.125e-05,-3.2493705130744894,2.7945128650847706,8.608381156893449
0.00021874999999999998,9.374999999999997e-05,0.0,-3.250256507558626,2.7941676051350632,8.444973866585851
0.00021874999999999998,9.374999999999997e-05,3.125000000000003e-05,-3.251067771801571,2.79378546848745,8.282386779559364
0.00021874999999999998,9.374999999999997e-05,6.25e-05,-3.2518043940601755,2.793366418894643,8.120607499571914
0.00021874999999999998,9.374999999999997e-05,9.374999999999997e-05,-3.2524664638923233,2.792910422705784,7.959623654269223
0.00021874999999999998,9.374999999999997e-05,0.000125,-3.253054072159173,2.792417448865143,7.799422895555553
0.00021874999999999998,9.374999999999997e-05,0.00015625000000000003,-3.253567311027238,2.7918874689106037,7.639992899960268
0.00021874999999999998,9.374999999999997e-05,0.0001875,-3.254006273970417,2.791320456971943,7.481321369000408
0.00021874999999999998,9.374999999999997e-05,0.00021874999999999998,-3.2543710557717005,2.7907163897690945,7.323396029539178
0.00021874999999999998,9.374999999999997e-05,0.00025,-3.2546617525248354,2.790075246609982,7.166204634140527
0.00021874999999999998,0.000125,-0.00025,-3.2411745077466927,2.5350551974611557,9.776085360901662
0.00021874999999999998,0.000125,-0.00021875,-3.2425859347215518,2.534793275585893,9.606554618474542
0.00021874999999999998,0.000125,-0.0001875,-3.2439220493897762,2.534501825354789,9.437931427884996
0.00021874999999999998,0.000125,-0.00015625,-3.2451829309726095,2.5341807798948786,9.270203239012716
0.00021874999999999998,0.000125,-0.000125,-3.246368659972114,2.5338300749222085,9.103357522908697
0.00021874999999999998,0.000125,-9.375e-05,-3.24747931817449,2.533449648741246,8.937381772196527
0.00021874999999999998,0.000125,-6.25e-05,-3.248514988653321,2.5330394422441973,8.772263501469045
0.00021874999999999998,0.000125,-3.125e-05,-3.249475755772684,2.5325993989101336,8.607990247680581
0.00021874999999999998,0.000125,0.0,-3.250361705189984,2.532129464803953,8.444549570534699
0.00021874999999999998,0.000125,3.125000000000003e-05,-3.2511729238587908,2.5316295885752154,8.281929052867516
0.00021874999999999998,0.000125,6.25e-05,-3.251909500031339,2.5310997214567585,8.120116301026751
0.00021874999999999998,0.000125,9.374999999999997e-05,-3.2525715232610493,2.5305398172632123,7.959098945246508
0.00021874999999999998,0.000125,0.000125,-3.253159084404715,2.529949832389294,7.798864640017814
0.00021874999999999998,0.000125,0.00015625000000000003,-3.253672275624687,2.529329725807977,7.639401064455066
0.00021874999999999998,0.000125,0.0001875,-3.2541111903907796,2.528679459068502,7.480695922658405
0.00021874999999999998,0.000125,0.00021874999999999998,-3.254475923482039,2.527998996294186,7.322736944072053
0.00021874999999999998,0.000125,0.00025,-3.2547665709884352,2.52728830418016,7.165511883838711
0.00021874999999999998,0.00015625000000000003,-0.00025,-3.24119493258661,2.274527138897246,9.775749666990283
0.00021874999999999998,0.00015625000000000003,-0.00021875,-3.242606292814675,2.274091714088306,9.60619294227369
0.00021874999999999998,0.00015625000000000003,-0.0001875,-3.243942341888015,2.2736337773593194,9.437543695016604
0.00021874999999999998,0.00015625000000000003,-0.00015625,-3.2452031590212593,2.2731532494108144,9.269789377682102
0.00021874999999999998,0.00015625000000000003,-0.000125,-3.246388824709909,2.2726500535204854,9.102917463903887
0.00021874999999999998,0.00015625000000000003,-9.375e-05,-3.2474994207337198,2.2721241155422467,8.936915448887428
0.00021874999999999998,0.00015625000000000003,-6.25e-05,-3.2485350301599523,2.2715753639051166,8.771770849806478
0.00021874999999999998,0.00015625000000000003,-3.125e-05,-3.249495737346384,2.271003729612008,8.607471206195136
0.00021874999999999998,0.00015625000000000003,0.0,-3.2503816279443196,2.270409146238217,8.444004080335413
0.00021874999999999998,0.00015625000000000003,3.125000000000003e-05,-3.2511927889012076,2.269791549929991,8.28135705764044
0.00021874999999999998,0.00015625000000000003,6.25e-05,-3.251929308463373,2.269150879402673,8.119517747033331
0.00021874999999999998,0.00015625000000000003,9.374999999999997e-05,-3.252591276178308,2.2684870759389693,7.958473781321805
0.00021874999999999998,0.00015625000000000003,0.000125,-3.2531787828970735,2.2678000833867964,7.798212817568585
0.00021874999999999998,0.00015625000000000003,0.00015625000000000003,-3.2536919207763115,2.2670898481572053,7.63872253745768
0.00021874999999999998,0.00015625000000000003,0.0001875,-3.2541307832802473,2.26635631922201,7.479990647656594
0.00021874999999999998,0.00015625000000000003,0.00021874999999999998,-3.2544954651824543,2.265599448111321,7.3220048801745135
0.00021874999999999998,0.00015625000000000003,0.00025,-3.254786062567477,2.264819188910912,7.164752992716564
0.00021874999999999998,0.0001875,-0.00025,-3.241130282627602,2.014298380711136,9.77523699230756
0.00021874999999999998,0.0001875,-0.00021875,-3.242541551026636,2.013689520114468,9.605661305304494
0.00021874999999999998,0.0001875,-0.0001875,-3.243877511045234,2.013065158772792,9.43699300896288
0.00021874999999999998,0.0001875,-0.00015625,-3.2451382418903236,2.012425204961858,9.269219558317653
0.00021874999999999998,0.0001875,-0.000125,-3.2463238240497567,2.0117695695229343,9.102328429573308
0.00021874999999999998,0.0001875,-9.375e-05,-3.2474343392956775,2.011098165861478,8.936307120504882
0.00021874999999999998,0.0001875,-6.25e-05,-3.2484698706878214,2.010410909945612,8.771143150854266
0.00021874999999999998,0.0001875,-3.125e-05,-3.2494305025765016,2.009707720304473,8.606824062722248
0.00021874999999999998,0.0001875,0.0,-3.250316320605542,2.0089885180264324,8.44333742095579
0.00021874999999999998,0.0001875,3.125000000000003e-05,-3.251127411715067,2.008253226757131,8.280670813531177
0.00021874999999999998,0.0001875,6.25e-05,-3.2518638641440236,2.0075017726974385,8.11881185193269
0.00021874999999999998,0.0001875,9.374999999999997e-05,-3.2525257674326813,2.0067340846011885,7.957748171527099
0.00021874999999999998,0.0001875,0.000125,-3.2531132124248634,2.0059500937728423,7.797467431933927
0.00021874999999999998,0.0001875,0.00015625000000000003,-3.2536262912700313,2.005149734064966,7.6379573173915345
0.00021874999999999998,0.0001875,0.0001875,-3.254065097425316,2.004332941875579,7.4792055371192445
0.00021874999999999998,0.0001875,0.00021874999999999998,-3.2544297256572294,2.0034996561453875,7.321199825675347
0.00021874999999999998,0.0001875,0.00025,-3.2547202720433095,2.002649818354815,7.163927943311218
0.00021874999999999998,0.00021874999999999998,-0.00025,-3.2409806032884254,1.7543507654147554,9.774547408843565
0.00021874999999999998,0.00021874999999999998,-0.00021875,-3.242391754785263,1.7535685406710977,9.60495977436409
0.00021874999999999998,0.00021874999999999998,-0.0001875,-3.243727602297541,1.7527778212343263,9.436279431330025
0.00021874999999999998,0.00021874999999999998,-0.00015625,-3.2449882250234228,1.7519785029578923,9.268493837336864
0.00021874999999999998,0.00021874999999999998,-0.000125,-3.2461737034419946,1.7511704842492581,9.101590471148086
0.00021874999999999998,0.00021874999999999998,-9.375e-05,-3.247284119316681,1.7503536660681773,8.935556833096104
0.00021874999999999998,0.00021874999999999998,-6.25e-05,-3.248319555698462,1.749527951924778,8.77038044547847
0.00021874999999999998,0.00021874999999999998,-3.125e-05,-3.24928009692894,1.7486932478775117,8.606048852949597
0.00021874999999999998,0.00021874999999999998,0.0,-3.250165828643246,1.7478494625309893,8.442549622908142
0.00021874999999999998,0.00021874999999999998,3.125000000000003e-05,-3.2509768377727903,1.7469965070336613,8.279870345879818
0.00021874999999999998,0.00021874999999999998,6.25e-05,-3.251713212547861,1.746134295075379,8.117998635895994
0.00021874999999999998,0.00021874999999999998,9.374999999999997e-05,-3.2523750425000446,1.7452627428848133,7.95692213086813
0.00021874999999999998,0.00021874999999999998,0.000125,-3.252962418464501,1.7443817692267514,7.796628492957744
0.00021874999999999998,0.00021874999999999998,0.00015625000000000003,-3.25347543258207,1.7434912953992447,7.637105408942519
0.00021874999999999998,0.00021874999999999998,0.0001875,-3.2539141783012226,1.742591245230644,7.478340590578183
0.00021874999999999998,0.00021874999999999998,0.00021874999999999998,-3.254278750379859,1.7416815450765022,7.320321774956419
0.00021874999999999998,0.00021874999999999998,0.00025,-3.254569244886892,1.7407621238162891,7.16303672485885
0.00021874999999999998,0.00025,-0.00025,-3.2407459406683548,1.494666149820299,9.773680993013915
0.00021874999999999998,0.00025,-0.00021875,-3.242156950199661,1.493710637063742,9.604088420812385
0.00021874999999999998,0.00025,-0.0001875,-3.2434926617630895,1.4927536306803917,9.435403028425014
0.00021874999999999998,0.00025,-0.00015625,-3.2447531545469555,1.4917950141044887,9.267612275996578
0.00021874999999999998,0.00025,-0.000125,-3.24593850902049,1.4908346733130058,9.100703644837985
0.00021874999999999998,0.00025,-9.375e-05,-3.247048806937224,1.4898724968234425,8.934664637826993
0.00021874999999999998,0.00025,-6.25e-05,-3.2480841313382123,1.488908375691447,8.769482779804326
0.00021874999999999998,0.00025,-3.125e-05,-3.24904456655511,1.4879422035085124,8.60514561796531
0.00021874999999999998,0.00025,0.0,-3.2499301982130673,1.4869738763992617,8.441640722246989
0.00021874999999999998,0.00025,3.125000000000003e-05,-3.2507411132334916,1.486003293018934,8.278955685711002
0.00021874999999999998,0.00025,6.25e-05,-3.2514773998366286,1.4850303545504007,8.117078124921921
0.00021874999999999998,0.00025,9.374999999999997e-05,-3.2521391475440016,1.484054964701411,7.955995680321541
0.00021874999999999998,0.00025,0.000125,-3.252726447180671,1.4830770297013702,7.795696016598843
0.00021874999999999998,0.00025,0.00015625000000000003,-3.253239390877354,1.482096458298319,7.636166823055862
0.00021874999999999998,0.00025,0.0001875,-3.2536780720723657,1.4811131617555044,7.477395813969484
0.00021874999999999998,0.00025,0.00021874999999999998,-3.2540425855134063,1.4801270538480333,7.319370728949237
0.00021874999999999998,0.00025,0.00025,-3.2543330272591824,1.4791380508593528,7.162079333291127
0.00025,-0.00025,-0.00025,-3.006580504243219,5.690243586731707,9.76478249015339
0.00025,-0.00025,-0.00021875,-3.0081082654709954,5.692067041653785,9.596188199711735
0.00025,-0.00025,-0.0001875,-3.009561258765288,5.693776330190233,9.42850129914411
0.00025,-0.00025,-0.00015625,-3.010939577974034,5.69537153445938,9.261709205235835
0.00025,-0.00025,-0.000125,-3.0122433178928425,5.696852739330228,9.095799355915432
0.00025,-0.00025,-9.375e-05,-3.0134725742686364,5.698220032426847,8.930759210658689
0.00025,-0.00025,-6.25e-05,-3.014627443803115,5.69947350413263,8.766576250888157
0.00025,-0.00025,-3.125e-05,-3.0157080241561887,5.700613247593958,8.60323798036816
0.00025,-0.00025,0.0,-3.0167144139491437,5.701639358723924,8.440731925595319
0.00025,-0.00025,3.125000000000003e-05,-3.0176467127677666,5.702551936205537,8.279045636184723
0.00025,-0.00025,6.25e-05,-3.0185050211652564,5.7033510814947705,8.118166685251769
0.00025,-0.00025,9.374999999999997e-05,-3.019289440665046,5.704036898823256,7.958082669789732
0.00025,-0.00025,0.000125,-3.02000007376342,5.704609495200806,7.798781211043149
0.00025,-0.00025,0.00015625000000000003,-3.020637023932082,5.705068980417427,7.640249954877065
0.00025,-0.00025,0.0001875,-3.021200395620449,5.705415467045394,7.482476572142206
0.00025,-0.00025,0.00021874999999999998,-3.021690294257918,5.705649070440709,7.325448759036146
0.00025,-0.00025,0.00025,-3.0221068262559463,5.705769908744434,7.169154237460523
0.00025,-0.00021875,-0.00025,-3.007690426515975,5.424789253085837,9.766574313548816
0.00025,-0.00021875,-0.00021875,-3.009218446309625,5.426438776094492,9.597869364606645
0.00025,-0.00021875,-0.0001875,-3.0106716784582086,5.4279812214186265,9.430071880091674
0.00025,-0.00021875,-0.00015625,-3.0120502168170824,5.429416658785152,9.263169279530004
0.00025,-0.00021875,-0.000125,-3.013354156189897,5.430745160656257,9.097149003595263
0.00025,-0.00021875,-9.375e-05,-3.0145835923322375,5.4319668022334255,8.931998514512404
0.00025,-0.00021875,-6.25e-05,-3.015738621955077,5.433081661461166,8.767705296456953
0.00025,-0.00021875,-3.125e-05,-3.0168193427282297,5.434089819030461,8.604256855949707
0.00025,-0.00021875,0.0,-3.0178258532834934,5.4349913583819465,8.441640722246989
0.00025,-0.00021875,3.125000000000003e-05,-3.0187582532178086,5.435786365708843,8.279844447726605
0.00025,-0.00021875,6.25e-05,-3.0196166430961235,5.436474929959582,8.118855608269294
0.00025,-0.00021875,9.374999999999997e-05,-3.0204011244542692,5.437057142840204,7.958661803636128
0.00025,-0.00021875,0.000125,-3.0211117998015324,5.437533098816437,7.799250657841567
0.00025,-0.00021875,0.00015625000000000003,-3.021748772623252,5.437902895115551,7.640609819522435
0.00025,-0.00021875,0.0001875,-3.0223121473830954,5.438166631727903,7.4827269623028245
0.00025,-0.00021875,0.00021874999999999998,-3.0228020295253337,5.438324411408237,7.325589785154977
0.00025,-0.00021875,0.00025,-3.023218525476921,5.438376339676665,7.169186012756226
0.00025,-0.0001875,-0.00025,-3.008713733415599,5.1598529946631615,9.768188664548276
0.00025,-0.0001875,-0.00021875,-3.010241984335975,5.161328599021602,9.599380148524912
0.00025,-0.0001875,-0.0001875,-3.0116954295917377,5.162704207471473,9.431479159094556
0.00025,-0.0001875,-0.00015625,-3.013074163044436,5.1639798773415615,9.264473118509102
0.00025,-0.0001875,-0.000125,-3.014378279504438,5.16515566868096,9.098349470171888
0.00025,-0.0001875,-9.375e-05,-3.015607874734625,5.166231644262655,8.93309567904125
0.00025,-0.0001875,-6.25e-05,-3.0167630454538834,5.167207869586857,8.768699232029439
0.00025,-0.0001875,-3.125e-05,-3.017843889340485,5.168084412884049,8.605147638397145
0.00025,-0.0001875,0.0,-3.018850505035293,5.168861345117814,8.442428430143465
0.00025,-0.0001875,3.125000000000003e-05,-3.0197829921448704,5.169538739987338,8.280529162391513
0.00025,-0.0001875,6.25e-05,-3.0206414512443978,5.170116673929742,8.11943741376973
0.00025,-0.0001875,9.374999999999997e-05,-3.0214259838804916,5.170595226122056,7.95914078678892
0.00025,-0.0001875,0.000125,-3.0221366925738393,5.170974478483011,7.799626908215085
0.00025,-0.0001875,0.00015625000000000003,-3.0227736808217225,5.171254515674526,7.640883429438114
0.00025,-0.0001875,0.0001875,-3.023337053100371,5.171435425102947,7.4828980268364305
0.00025,-0.0001875,0.00021874999999999998,-3.023826914867199,5.17151729692002,7.325658402137612
0.00025,-0.0001875,0.00025,-3.0242433725628364,5.171500224023589,7.169152282775052
0.00025,-0.00015625,-0.00025,-3.0096504709181513,4.895416522555058,9.769625562078023
0.00025,-0.00015625,-0.00021875,-3.011178925526152,4.89671822600245,9.600720563540834
0.00025,-0.00015625,-0.0001875,-3.012632558141476,4.897927008531801,9.432723141368536
0.00025,-0.00015625,-0.00015625,-3.01401146263056,4.899042915067782,9.26562072052424
0.00025,-0.00015625,-0.000125,-3.0153157338091847,4.900065993240784,9.099400747126001
0.00025,-0.00015625,-9.375e-05,-3.016545467446207,4.900996293390045,8.93405068885012
0.00025,-0.00015625,-6.25e-05,-3.017700760267019,4.901833868566701,8.769558035329801
0.00025,-0.00015625,-3.125e-05,-3.0187817099569347,4.902578774536282,8.605910298549457
0.00025,-0.00015625,0.0,-3.019788415164411,4.903231069781298,8.443095013234341
0.00025,-0.00015625,3.125000000000003e-05,-3.0207209755041324,4.903790815503282,8.281099737235987
0.00025,-0.00015625,6.25e-05,-3.0215794915599594,4.904258075624788,8.119912051913218
0.00025,-0.00015625,9.374999999999997e-05,-3.0223640648877144,4.904632916790987,7.959519562508933
0.00025,-0.00015625,0.000125,-3.023074798017846,4.904915408371197,7.799909898522703
0.00025,-0.00015625,0.00015625000000000003,-3.023711794457932,4.905105622459889,7.641070714079175
0.00025,-0.00015625,0.0001875,-3.024275158695033,4.9052036338777745,7.482989688292487
0.00025,-0.00015625,0.00021874999999999998,-3.0247649961979595,4.905209520172329,7.3256545256266055
0.00025,-0.00015625,0.00025,-3.0251814134192627,4.905123361618252,7.169052956251761
0.00025,-0.000125,-0.00025,-3.0105006852500695,4.631461555854202,9.770885029472685
0.00025,-0.000125,-0.00021875,-3.0120293161074705,4.632589380609582,9.601890626276365
0.00025,-0.000125,-0.0001875,-3.0134831103349855,4.633631352791599,9.433803836817056
0.00025,-0.000125,-0.00015625,-3.0148621618026548,4.634587504915496,9.2666120887549
0.00025,-0.000125,-0.000125,-3.016166565330401,4.635457872188015,9.100302830908024
0.00025,-0.000125,-9.375e-05,-3.017396416691662,4.636242492510165,8.934863533655719
0.00025,-0.000125,-6.25e-05,-3.018551812616987,4.636941406479755,8.770281689336722
0.00025,-0.000125,-3.125e-05,-3.0196328507972714,4.6375546573936015,8.60654481264332
0.00025,-0.000125,0.0,-3.0206396298871305,4.638082291249716,8.4436404410108
0.00025,-0.000125,3.125000000000003e-05,-3.0215722495078388,4.638524356748885,8.281556135002546
0.00025,-0.000125,6.25e-05,-3.0224308102504125,4.638880905296468,8.120279478690854
0.00025,-0.000125,9.374999999999997e-05,-3.0232154136782663,4.639151991003468,7.9597980800334796
0.00025,-0.000125,0.000125,-3.0239261623300115,4.639337670687821,7.800099571245951
0.00025,-0.000125,0.00015625000000000003,-3.0245631597218217,4.63943800387508,7.641171609169753
0.00025,-0.000125,0.0001875,-3.025126510349926,4.639453052799069,7.483001875636498
0.00025,-0.000125,0.00021874999999999998,-3.025616319692746,4.63938288240222,7.3255780778280055
0.00025,-0.000125,0.00025,-3.0260326942129843,4.63922756033566,7.168887948632477
0.00025,-9.375e-05,-0.00025,-3.0112644228902052,4.36796982219149,9.771967094479027
0.00025,-9.375e-05,-0.00021875,-3.012793202560489,4.368923794957268,9.602890357904737
0.00025,-9.375e-05,-0.0001875,-3.0142471326538853,4.369798976987889,9.43472126003466
0.00025,-9.375e-05,-0.00015625,-3.0156263070427913,4.370595388384542,9.26744723121213
0.00025,-9.375e-05,-0.000125,-3.0169308205499292,4.371313051926108,9.101055722941176
0.00025,-9.375e-05,-9.375e-05,-3.01816076895203,4.371951993071436,8.935534208289354
0.00025,-9.375e-05,-6.25e-05,-3.019316248983339,4.372512239961506,8.77087018228592
0.00025,-9.375e-05,-3.125e-05,-3.02039735833898,4.372993823421276,8.607051162315608
0.00025,-9.375e-05,0.0,-3.0214041956781847,4.373396776961357,8.444064688507902
0.00025,-9.375e-05,3.125000000000003e-05,-3.022336860627379,4.373721136779426,8.281898324121858
0.00025,-9.375e-05,6.25e-05,-3.02319545378312,4.373966941761425,8.12053965592671
0.00025,-9.375e-05,9.374999999999997e-05,-3.0239800767148997,4.374134233482511,7.959976294578167
0.00025,-9.375e-05,0.000125,-3.0246908319677948,4.374223056207808,7.800195874990493
0.00025,-9.375e-05,0.00015625000000000003,-3.0253278230649765,4.374233456892861,7.641186056704458
0.00025,-9.375e-05,0.0001875,-3.0258911545100773,4.374165485183962,7.482934524251265
0.00025,-9.375e-05,0.00021874999999999998,-3.0263809317894173,4.374019193418116,7.325428987512398
0.00025,-9.375e-05,0.00025,-3.0267972613740404,4.373794636622929,7.168657182075567
0.00025,-6.25e-05,-0.00025,-3.0119417305717135,4.104923058270498,9.772871789259417
0.00025,-6.25e-05,-0.00021875,-3.0134706316209,4.105703210235506,9.60371978415363
0.00025,-6.25e-05,-0.0001875,-3.0149246718357707,4.1064116269362385,9.435475430309966
0.00025,-6.25e-05,-0.00015625,-3.0163039450897973,4.107048316055977,9.268126160741463
0.00025,-6.25e-05,-0.000125,-3.017608546207213,4.107613287942191,9.101659429624108
0.00025,-6.25e-05,-9.375e-05,-3.018838570966641,4.10810655560833,8.936062712699444
0.00025,-6.25e-05,-6.25e-05,-3.01999411610471,4.108528134735667,8.77132350767254
0.00025,-6.25e-05,-3.125e-05,-3.0210752793192768,4.108878043674714,8.607429334605492
0.00025,-6.25e-05,0.0,-3.022082159272772,4.109156303446519,8.444367736306496
0.00025,-6.25e-05,3.125000000000003e-05,-3.023014855595227,4.109362937743702,8.28212627871445
0.00025,-6.25e-05,6.25e-05,-3.023873468887233,4.1094979729312975,8.12069255127933
0.00025,-6.25e-05,9.374999999999997e-05,-3.024658100722719,4.10956143804735,7.9600541673382414
0.00025,-6.25e-05,0.000125,-3.025368853651668,4.109553364803305,7.800198764487305
0.00025,-6.25e-05,0.00015625000000000003,-3.0260058312025073,4.109473787584154,7.641114004949365
0.00025,-6.25e-05,0.0001875,-3.026569137884619,4.109322743448451,7.482787575937682
0.00025,-6.25e-05,0.00021874999999999998,-3.0270588791904496,4.109100272127894,7.325207190015559
0.00025,-6.25e-05,0.00025,-3.027475161597615,4.108806416026973,7.168360585452066
0.00025,-3.125e-05,-0.00025,-3.012532655283922,3.842303010399447,9.77359915039458
0.00025,-3.125e-05,-0.00021875,-3.014061650281403,3.842909377241528,9.604378935307912
0.00025,-3.125e-05,-0.0001875,-3.0155157748760235,3.843451058061922,9.436066371628236
0.00025,-3.125e-05,-0.00015625,-3.0168951229410697,3.8439280481228524,9.268648895025152
0.00025,-3.125e-05,-0.000125,-3.018199789300958,3.844340345337435,9.102113962333048
0.00025,-3.125e-05,-9.375e-05,-3.0194298697349122,3.844687950271231,8.936449051953486
0.00025,-3.125e-05,-6.25e-05,-3.020585460980483,3.8449708661435418,8.771641664252929
0.00025,-3.125e-05,-3.125e-05,-3.021666660736872,3.8451890988285014,8.60767932195608
0.00025,-3.125e-05,0.0,-3.0226735676682464,3.845342656855976,8.444549570534699
0.00025,-3.125e-05,3.125000000000003e-05,-3.023606281406709,3.845431551412231,8.282239978592017
0.00025,-3.125e-05,6.25e-05,-3.0244649025553607,3.845455796340402,8.120738138242867
0.00025,-3.125e-05,9.374999999999997e-05,-3.02524953269098,3.845415408140739,7.960031665489549
0.00025,-3.125e-05,0.000125,-3.0259602743667875,3.8453104059706638,7.800108200593462
0.00025,-3.125e-05,0.00015625000000000003,-3.0265972311148714,3.845140811644578,7.640955408442631
0.00025,-3.125e-05,0.0001875,-3.027160507448598,3.8449066496334936,7.4825609789151635
0.00025,-3.125e-05,0.00021874999999999998,-3.0276502088648174,3.844607947064455,7.324912627238683
0.00025,-3.125e-05,0.00025,-3.0280664418459136,3.844244733719696,7.167998094345793
0.00025,0.0,-0.00025,-3.0130372442739497,3.5800914350208686,9.77414921888622
0.00025,0.0,-0.00021875,-3.014566305793311,3.5805240569090486,9.60486784621192
0.00025,0.0,-0.0001875,-3.0160204890294753,3.580899035928697,9.436494112673495
0.00025,0.0,-0.00015625,-3.0173998878542587,3.5812163549184532,9.269015456584249
0.00025,0.0,-0.000125,-3.0187045970909696,3.581475999354952,9.102419337423688
0.00025,0.0,-9.375e-05,-3.019934712518031,3.5816779573539304,8.93669323623969
0.00025,0.0,-6.25e-05,-3.0210903308725845,3.581822219671132,8.77182465604607
0.00025,0.0,-3.125e-05,-3.0221715498537387,3.581908779703012,8.607801122215665
0.00025,0.0,0.0,-3.0231784681258915,3.581937633487243,8.444610182868963
0.00025,0.0,3.125000000000003e-05,-3.0241111853217633,3.581908779703012,8.282239409258302
0.00025,0.0,6.25e-05,-3.0249698020453653,3.581822219671132,8.120676396147811
0.00025,0.0,9.374999999999997e-05,-3.0257544198747723,3.5816779573539304,7.959908762189049
0.00025,0.0,0.000125,-3.026465141364827,3.581475999354952,7.799924150292452
0.00025,0.0,0.00015625000000000003,-3.0271020700495543,3.5812163549184532,7.640710227994643
0.00025,0.0,0.0001875,-3.027665310444648,3.580899035928697,7.482254687821653
0.00025,0.0,0.00021874999999999998,-3.028154968049595,3.5805240569090486,7.324545247648212
0.00025,0.0,0.00025,-3.0285711493497796,3.5800914350208686,7.167569651052956
0.00025,3.125000000000003e-05,-0.00025,-3.0134555450483,3.3182700992390517,9.774522040158958
0.00025,3.125000000000003e-05,-0.00021875,-3.0149846456681764,3.3185290208352636,9.605186556271338
0.00025,3.125000000000003e-05,-0.0001875,-3.0164388618119844,3.3187373367653,9.436758686830206
0.00025,3.125000000000003e-05,-0.00015625,-3.0178182873488195,3.3188950174424656,9.269225872779995
0.00025,3.125000000000003e-05,-0.000125,-3.0191230170995538,3.3190020359053998,9.102575576232345
0.00025,3.125000000000003e-05,-9.375e-05,-3.0203531468405087,3.319058367818794,8.936795280868086
0.00025,3.125000000000003e-05,-6.25e-05,-3.021508773306978,3.3190639914738798,8.771872492334554
0.00025,3.125000000000003e-05,-3.125e-05,-3.02258999419655,3.319018887788748,8.607794738638539
0.00025,3.125000000000003e-05,0.0,-3.023596908172427,3.3189230403084666,8.444549570534699
0.00025,3.125000000000003e-05,3.125000000000003e-05,-3.024529614866387,3.3187764352050184,8.282124561909558
0.00025,3.125000000000003e-05,6.25e-05,-3.0253882148818554,3.3185790612770196,8.120507310161244
0.00025,3.125000000000003e-05,9.374999999999997e-05,-3.0261728097965763,3.318330909949286,7.95968543657495
0.00025,3.125000000000003e-05,0.000125,-3.0268835021653833,3.318031975272171,7.799646586694164
0.00025,3.125000000000003e-05,0.00015625000000000003,-3.0275203955226213,3.31768225392074,7.640378430687786
0.00025,3.125000000000003e-05,0.0001875,-3.028083594384559,3.3172817451937284,7.481868663713193
0.00025,3.125000000000003e-05,0.00021874999999999998,-3.028573204251591,3.3168304510123363,7.324105006275256
0.00025,3.125000000000003e-05,0.00025,-3.0289893316102914,3.3163283759188027,7.1670752045814154
0.00025,6.25e-05,-0.00025,-3.013787605374264,3.056820781345294,9.774717664061967
0.00025,6.25e-05,-0.00021875,-3.015316717679145,3.056906051805659,9.605335109454595
0.00025,6.25e-05,-0.0001875,-3.016770941001841,3.056947747989901,9.436860132184519
0.00025,6.25e-05,-0.00015625,-3.0181503692074445,3.0569458278849404,9.269280175814991
0.00025,6.25e-05,-0.000125,-3.019455097113095,3.0569002520905793,9.102582705077051
0.00025,6.25e-05,-9.375e-05,-3.0206852204916146,3.0568109838199256,8.93675520627131
0.00025,6.25e-05,-6.25e-05,-3.0218408360751163,3.0566779888993865,8.771785187665142
0.00025,6.25e-05,-3.125e-05,-3.0229220415582323,3.056501235768623,8.607660179885361
0.00025,6.25e-05,0.0,-3.023928935601459,3.056280695480306,8.444367736306496
0.00025,6.25e-05,3.125000000000003e-05,-3.0248616178341825,3.0560163416996358,8.281895433434581
0.00025,6.25e-05,6.25e-05,-3.0257201888576395,3.055708150703756,8.120230871286727
0.00025,6.25e-05,9.374999999999997e-05,-3.0265047502476925,3.055356101380906,7.959361673766376
0.00025,6.25e-05,0.000125,-3.0272154045575506,3.0549601752294655,7.799275489034364
0.00025,6.25e-05,0.00015625000000000003,-3.0278522553201546,3.054520356356763,7.639959989875836
0.00025,6.25e-05,0.0001875,-3.0284154070506895,3.0540366314776892,7.481402874063129
0.00025,6.25e-05,0.00021874999999999998,-3.0289049652486946,3.0535089899132717,7.323591864714595
0.00025,6.25e-05,0.00025,-3.0293210364001655,3.0529374235888187,7.166514710649516
0.00025,9.374999999999997e-05,-0.00025,-3.0140334732812466,2.7957252713412384,9.774736144870069
0.00025,9.374999999999997e-05,-0.00021875,-3.015562569862333,2.795636944316903,9.60531355429385
0.00025,9.374999999999997e-05,-0.0001875,-3.0170167746410956,2.795512068732519,9.436798491525069
0.00025,9.374999999999997e-05,-0.00015625,-3.018396181477361,2.7953505901482494,9.269178402733735
0.00025,9.374999999999997e-05,-0.000125,-3.019700885183213,2.795152456724982,9.102440755257819
0.00025,9.374999999999997e-05,-9.375e-05,-3.0209309815266754,2.7949176192242993,8.936573038004846
0.00025,9.374999999999997e-05,-6.25e-05,-3.022086567235223,2.7946460310081154,8.771562761848891
0.00025,9.374999999999997e-05,-3.125e-05,-3.0231677399991423,2.794337648038248,8.60739746002313
0.00025,9.374999999999997e-05,0.0,-3.024174598474763,2.7939924288757503,8.444064688507902
0.00025,9.374999999999997e-05,3.125000000000003e-05,-3.0251072422875414,2.793610334680099,8.281552026414337
0.00025,9.374999999999997e-05,6.25e-05,-3.0259657720350037,2.793191329208198,8.119847076363738
0.00025,9.374999999999997e-05,9.374999999999997e-05,-3.026750289289545,2.792735378813223,7.958937464862675
0.00025,9.374999999999997e-05,0.000125,-3.0274608966010783,2.7922424524432827,7.798810842673852
0.00025,9.374999999999997e-05,0.00015625000000000003,-3.0280976974995464,2.79171252163993,7.639454885182852
0.00025,9.374999999999997e-05,0.0001875,-3.0286607964972876,2.791145560536447,7.480857292760858
0.00025,9.374999999999997e-05,0.00021874999999999998,-3.029150299091261,2.7905415458560547,7.323005791123284
0.00025,9.374999999999997e-05,0.00025,-3.0295663117650817,2.7899004569098005,7.165888131684525
0.00025,0.000125,-0.00025,-3.0141931970619096,2.5349653714601743,9.774577541284525
0.00025,0.000125,-0.00021875,-3.0157222505179324,2.534703505097691,9.605121943885521
0.00025,0.000125,-0.0001875,-3.0171764110367087,2.5344121103554462,9.43657381234335
0.00025,0.000125,-0.00015625,-3.018555772471515,2.534091120367151,9.268920595422939
0.00025,0.000125,-0.000125,-3.019860429628086,2.533740470855334,9.102149763056866
0.00025,0.000125,-9.375e-05,-3.021090478268251,2.5333601001308264,8.936248806746939
0.00025,0.000125,-6.25e-05,-3.02224601511353,2.532949949092041,8.771205239960857
0.00025,0.000125,-3.125e-05,-3.0233271378483675,2.532509961224154,8.607006598524706
0.00025,0.000125,0.0,-3.0243339451235074,2.532040082597965,8.4436404410108
0.00025,0.000125,3.125000000000003e-05,-3.025266536558935,2.5315402618688703,8.281094349121158
0.00025,0.000125,6.25e-05,-3.0261250127469554,2.531010450275328,8.119355928066717
0.00025,0.000125,9.374999999999997e-05,-3.0269094752548553,2.5304506016375243,7.958412806942259
0.00025,0.000125,0.000125,-3.0276200266276967,2.5298606723555292,7.798252639097109
0.00025,0.000125,0.00015625000000000003,-3.0282567703906818,2.529240621407567,7.638863102501714
0.00025,0.000125,0.0001875,-3.0288198110516493,2.528590410347976,7.480231900110207
0.00025,0.000125,0.00021874999999999998,-3.029309254103208,2.527910003305053,7.322346760218851
0.00025,0.000125,0.00025,-3.0297252060248243,2.527199366978717,7.165195436820637
0.00025,0.00015625000000000003,-0.00025,-3.014266825273275,2.2745228966865696,9.774241916433146
0.00025,0.00015625000000000003,-0.00021875,-3.0157958082113367,2.274087553627878,9.60476033589037
0.00025,0.00015625000000000003,-0.0001875,-3.0172498987616234,2.2736296969718777,9.436186146833647
0.00025,0.00015625000000000003,-0.00015625,-3.0186291907696146,2.2731492474269035,9.26850680061115
0.00025,0.00015625000000000003,-0.000125,-3.019933779033354,2.272646128278342,9.101709769738086
0.00025,0.00015625000000000003,-9.375e-05,-3.0211637593071847,2.2721202653877515,8.935782548297986
0.00025,0.00015625000000000003,-6.25e-05,-3.02231922830521,2.2715715871916253,8.770712652339348
0.00025,0.00015625000000000003,-3.125e-05,-3.02340028370468,2.2710000247002937,8.606487620267925
0.00025,0.00015625000000000003,0.0,-3.024407024149211,2.2704055114963757,8.443095013234341
0.00025,0.00015625000000000003,3.125000000000003e-05,-3.0253395492518775,2.269787983733295,8.280522415517517
0.00025,0.00015625000000000003,6.25e-05,-3.02619795959815,2.269147380133538,8.11875743490367
0.00025,0.00015625000000000003,9.374999999999997e-05,-3.026982356748692,2.2684836419868093,7.957787703061067
0.00025,0.00015625000000000003,0.000125,-3.027692843242015,2.267796713147929,7.797600875910619
0.00025,0.00015625000000000003,0.00015625000000000003,-3.0283295225969864,2.2670865400347964,7.6381846339922665
0.00025,0.00015625000000000003,0.0001875,-3.0288924993151807,2.266353071625905,7.479526682827377
0.00025,0.00015625000000000003,0.00021874999999999998,-3.0293818788831444,2.265596259457998,7.321614753277069
0.00025,0.00015625000000000003,0.00025,-3.0297977677743866,2.2648160576233756,7.164436601896638
0.00025,0.0001875,-0.00025,-3.01425440673759,2.0143796752738687,9.773729337870268
0.00025,0.0001875,-0.00021875,-3.015783291773991,2.013770922655794,9.604228792533176
0.00025,0.0001875,-0.0001875,-3.0172372866556785,2.0131466659628696,9.435635551892512
0.00025,0.0001875,-0.00015625,-3.018616485219047,2.0125068134798267,9.267937069868234
0.00025,0.0001875,-0.000125,-3.019920982253178,2.011851276056849,9.101120821546257
0.00025,0.0001875,-9.375e-05,-3.0211508735035313,2.011179967108255,8.93517430357959
0.00025,0.0001875,-6.25e-05,-3.0223062556754448,2.01049280261096,8.77008503458483
0.00025,0.0001875,-3.125e-05,-3.0233872264375115,2.009789701102847,8.605840555534273
0.00025,0.0001875,0.0,-3.024393884424787,2.009070583680953,8.442428430143465
0.00025,0.0001875,3.125000000000003e-05,-3.025326329241897,2.0083353739995573,8.279836245254385
0.00025,0.0001875,6.25e-05,-3.026184661465959,2.0075839982680743,8.118051611214339
0.00025,0.0001875,9.374999999999997e-05,-3.026968982649398,2.0068163852488548,7.957062162250581
0.00025,0.0001875,0.000125,-3.027679395322579,2.0060324662547977,7.7968555568407165
0.00025,0.0001875,0.00015625000000000003,-3.028316002996333,2.005232175146862,7.637419478078982
0.00025,0.0001875,0.0001875,-3.0288789101643117,2.004415448331395,7.478741634038475
0.00025,0.0001875,0.00021874999999999998,-3.029368222305215,2.003582224757376,7.320809758129348
0.00025,0.0001875,0.00025,-3.0297840458848273,2.002732445913441,7.163611609453061
0.00025,0.00021874999999999998,-0.00025,-3.014155990543161,1.754517549260667,9.773039877576002
0.00025,0.00021874999999999998,-0.00021875,-3.0156847503042337,1.7537354587139786,9.603527380601928
0.00025,0.00021874999999999998,-0.0001875,-3.0171386238264195,1.7529448684926023,9.434922089117833
0.00025,0.00021874999999999998,-0.00015625,-3.018517704935721,1.75214567446011,9.267211459604153
0.00025,0.00021874999999999998,-0.000125,-3.01982208841095,1.7513377750340997,9.100382969705787
0.00025,0.00021874999999999998,-9.375e-05,-3.0210518699873607,1.750521071184433,8.934424118633077
0.00025,0.00021874999999999998,-6.25e-05,-3.0222071463601177,1.7496954664313207,8.769322427558214
0.00025,0.00021874999999999998,-3.125e-05,-3.0232880151877386,1.748860866843287,8.605065440007145
0.00025,0.00021874999999999998,0.0,-3.024294575095245,1.748017181034987,8.441640722246989
0.00025,0.00021874999999999998,3.125000000000003e-05,-3.0252269256773174,1.7471643201649059,8.279035863669167
0.00025,0.00021874999999999998,6.25e-05,-3.026085167501164,1.7463021979329052,8.117238477168033
0.00025,0.00021874999999999998,9.374999999999997e-05,-3.0268694021093925,1.7454307305776557,7.956236199515456
0.00025,0.00021874999999999998,0.000125,-3.0275797320225855,1.7445498368739187,7.79601669173104
0.00025,0.00021874999999999998,0.00015625000000000003,-3.0282162607418908,1.7436594381297115,7.636567639448286
0.00025,0.00021874999999999998,0.0001875,-3.0287790927513063,1.742759458183326,7.477876753276666
0.00025,0.00021874999999999998,0.00021874999999999998,-3.0292683335199424,1.7418498234002333,7.319931769159695
0.00025,0.00021874999999999998,0.00025,-3.029684089504107,1.7409304626698394,7.16272044872904
0.00025,0.00025,-0.00025,-3.01397162604504,1.4949183749853514,9.77217361195521
0.00025,0.00025,-0.00021875,-3.0155002331679817,1.493963022633392,9.602656171446597
0.00025,0.00025,-0.0001875,-3.016953959649727,1.4930061700221475,9.434045824807438
0.00025,0.00025,-0.00015625,-3.0183328993046556,1.4920477005971675,9.266330031067472
0.00025,0.00025,-0.000125,-3.019637146899982,1.4910875003467585,9.099496270419
0.00025,0.00025,-9.375e-05,-3.020866798159391,1.4901254577997711,8.93353204461772
0.00025,0.00025,-6.25e-05,-3.0220219497665055,1.4891614640232336,8.768424877379006
0.00025,0.00025,-3.125e-05,-3.023102699368326,1.4881954126200234,8.604162314769678
0.00025,0.00025,0.0,-3.024109145578391,1.4872271997262132,8.440731925595319
0.00025,0.00025,3.125000000000003e-05,-3.025041387979904,1.4862567240084448,8.278121301783205
0.00025,0.00025,6.25e-05,-3.025899527128647,1.4852838866610927,8.116318058760921
0.00025,0.00025,9.374999999999997e-05,-3.0266836645558,1.484308591403362,7.955309835830699
0.00025,0.00025,0.000125,-3.027393902770559,1.4833307444761816,7.79508429653958
0.00025,0.00025,0.00015625000000000003,-3.0280303452627035,1.48235025463912,7.635629129045427
0.00025,0.00025,0.0001875,-3.028593096504888,1.4813670331669866,7.476932046478877
0.00025,0.00025,0.00021874999999999998,-3.0290822619549043,1.4803809938464687,7.318980787301283
0.00025,0.00025,0.00025,-3.029497948057767,1.479392052972625,7.161763115658703
